email,password,firstName,lastName,specialization,licenseNumber,experienceYears,phone,address,consultationFee,currency,imageUrl,createdAt
hboorer0@sciencedaily.com,$2a$04$wL1Nr/slwuXX9r/JGIj4QediX5BdpOdCW5d7MLSo0yeEShtfn8lt2,Hulda,Boorer,DERMATOLOGY,DOC-YSC-55982,10,5887245113,850 Carberry Alley,1288,CNY,http://dummyimage.com/157x100.png/5fa2dd/ffffff,2025-10-20 21:21:33
dgerish1@pen.io,$2a$04$zBnVCB/QFh5JMjVEI7iCXefoBWoWAqidwyK2e1xvjr5AIY0lIijz6,Dniren,Gerish,RADIOLOGY,DOC-VBS-85095,19,1198950700,5905 Ramsey Parkway,1784,ILS,http://dummyimage.com/146x100.png/5fa2dd/ffffff,2025-10-20 21:21:33
binglesfield2@opensource.org,$2a$04$90inHtJSnb6u5/aNfw3gpOxb95xQFtVaC/Cbl09Dp2laHuuMxXoM6,Billy,Inglesfield,FAMILY_MEDICINE,DOC-KDM-03809,9,5171044165,57944 Merchant Circle,800,COP,http://dummyimage.com/204x100.png/cc0000/ffffff,2025-10-20 21:21:33
adrinkel3@over-blog.com,$2a$04$ukwod6Egyl9KA.PUp3CIsuS48Hry8NJtFOnwWYVzojO54Q0jh/TkO,Ailina,Drinkel,IMMUNOLOGY,DOC-ZXA-43626,20,1193669015,9 Independence Place,1941,LAK,http://dummyimage.com/203x100.png/ff4444/ffffff,2025-10-20 21:21:33
hpegram4@usgs.gov,$2a$04$gMQJYLwT1hkk.e9WV0eGe.fpSMRHpJicLBf3nkvFAZ2oZswcFOU/.,Halley,Pegram,CARDIOLOGY,DOC-PIG-07938,19,8129677573,8429 Gale Terrace,1507,USD,http://dummyimage.com/172x100.png/dddddd/000000,2025-10-20 21:21:33
agarroway5@dell.com,$2a$04$Y9tcQHpdfH5vdPU2u/0wBOna7kxNX72FoTgtbX84Cob1SmBcMvg7i,Alexa,Garroway,NEPHROLOGY,DOC-VBC-04912,14,4347488428,89 Russell Trail,1457,CLP,http://dummyimage.com/197x100.png/ff4444/ffffff,2025-10-20 21:21:33
nmansion6@yandex.ru,$2a$04$1NP0XfkM9mflvwC2AI8l2uXPLiHyqSMCvkr2zUhcCr7N20l7cLGyu,Nerte,Mansion,SPORTS_MEDICINE,DOC-XWR-19298,10,1026546005,469 Melody Avenue,1400,BRL,http://dummyimage.com/118x100.png/cc0000/ffffff,2025-10-20 21:21:33
vjamary7@goo.gl,$2a$04$AejhlzvrIIAzGPq.LaTTFeup3YtOKuwdMqQeVt/vv5h.MTRXIasI2,Viviana,Jamary,DENTISTRY,DOC-HOS-06116,25,2649955844,8156 Rockefeller Terrace,584,CNY,http://dummyimage.com/226x100.png/dddddd/000000,2025-10-20 21:21:33
tcollcutt8@free.fr,$2a$04$mGp4GhP4ajQODWchOHoBU.H1CnpjYzL7NBI7CiBw7I1jBdAOBf93i,Thaddeus,Collcutt,SPORTS_MEDICINE,DOC-UOS-03093,24,3262693334,4 Anderson Street,1381,IDR,http://dummyimage.com/186x100.png/dddddd/000000,2025-10-20 21:21:33
bdood9@pcworld.com,$2a$04$4JiYPkn9Vb/mzrYShSdt8uLzZ6ff2CU2siqeGO5cu/NpY.fbSn0Wa,Brewster,Dood,PATHOLOGY,DOC-GPW-38109,20,5725982779,699 Buena Vista Street,536,PLN,http://dummyimage.com/164x100.png/cc0000/ffffff,2025-10-20 21:21:33
mdillinghama@dot.gov,$2a$04$YdHE2.Jupyy9hql4RBZzVeJZ9gBnEz85z07CK7BoXaSG0xHUClqbK,Michell,Dillingham,OPHTHALMOLOGY,DOC-TUI-45457,9,9048061017,9 Carey Circle,1263,PLN,http://dummyimage.com/198x100.png/5fa2dd/ffffff,2025-10-20 21:21:33
dlangfatb@flavors.me,$2a$04$jhRxaMtiHDZT4.EjVtv3LelX2J/CzdtlKjOuMikdZmmtCNISLNPgm,Danica,Langfat,ENT,DOC-IEF-01992,18,2168203213,98275 Del Sol Center,801,PHP,http://dummyimage.com/172x100.png/cc0000/ffffff,2025-10-20 21:21:33
tgeraultc@google.com.hk,$2a$04$hMdaSALtZs.zGFESxs5BEesDsTip9jOhW2VvuQ8CVEMcof.QHV3Ry,Tadio,Gerault,ENDOCRINOLOGY,DOC-DYK-07673,3,8149119499,89 Merchant Plaza,1345,SZL,http://dummyimage.com/188x100.png/ff4444/ffffff,2025-10-20 21:21:33
fberickd@cocolog-nifty.com,$2a$04$MBn85kZmhyfiaIbL9Nybv.KRVoXl2FuHWKMSYAVpnr4QZYGAUYr5y,Fiona,Berick,ENDOCRINOLOGY,DOC-MUW-87145,15,5069941947,3121 Coolidge Place,1943,COP,http://dummyimage.com/113x100.png/dddddd/000000,2025-10-20 21:21:33
mdorwarde@com.com,$2a$04$OchKsunlyn0tgXcRTtlphu6I.rdm1eJHdzqTOOq1NwsbOVtlDNv7e,Michale,Dorward,GENERAL_SURGERY,DOC-HPK-72185,7,6083496076,81932 Evergreen Junction,820,PHP,http://dummyimage.com/142x100.png/dddddd/000000,2025-10-20 21:21:33
svockinsf@over-blog.com,$2a$04$y5z/YURPE8NzcLk7.YrUcON9dR0gwdgVxqR58W8sUxS6UjN5xpeCS,Shawnee,Vockins,INFECTIOUS_DISEASE,DOC-AFY-46003,2,2833913078,405 Riverside Pass,1469,AZN,http://dummyimage.com/172x100.png/ff4444/ffffff,2025-10-20 21:21:33
lmafhamg@plala.or.jp,$2a$04$1YSnUOfODQvchozkfH.P.uZxoe7W8aNrahrT5JDfmJP1NDPKe64Km,Lorettalorna,Mafham,ONCOLOGY,DOC-XCC-60746,16,7634576620,188 Village Crossing,1021,EUR,http://dummyimage.com/155x100.png/ff4444/ffffff,2025-10-20 21:21:33
jedensh@latimes.com,$2a$04$h1Y8WHUCy/tJFG4KNWT.UeWCMEcwISVByblxPmRl6qZ48UQyr2bfW,Jyoti,Edens,GENERAL_SURGERY,DOC-PIC-41733,1,1203916773,91910 Eastwood Park,845,PHP,http://dummyimage.com/154x100.png/ff4444/ffffff,2025-10-20 21:21:33
bmacduffi@samsung.com,$2a$04$CFLaUL345HZwQnEw2HpPU.08sJ3DS6bc5pm/I26cLhtGxLeQJJQaW,Brittan,MacDuff,DERMATOLOGY,DOC-AXT-77707,1,3416226972,01699 Shoshone Avenue,1255,LYD,http://dummyimage.com/133x100.png/5fa2dd/ffffff,2025-10-20 21:21:33
abenziej@kickstarter.com,$2a$04$cyXHJcPEXXS5Rb7NOntn0.b9g6ETzgeZXRtlmxqjfFxKygGf0lMOG,Adair,Benzie,PSYCHIATRY,DOC-CEJ-13456,13,5695163301,7564 Miller Terrace,760,CNY,http://dummyimage.com/145x100.png/cc0000/ffffff,2025-10-20 21:21:33
tsextenk@hugedomains.com,$2a$04$IXijSkXAOC4nNWbb48aJ6OaiyROMBwtWePLdZHPE/GTX9sa/520Fq,Tedman,Sexten,DENTISTRY,DOC-MDP-09750,21,3755103303,8 Quincy Junction,1995,IDR,http://dummyimage.com/156x100.png/cc0000/ffffff,2025-10-20 21:21:33
jharphaml@chicagotribune.com,$2a$04$nYvxZE.ABQ2V5LinpZXEs.RokiHLVufRsGGBRthxUywCoVD5jDOE2,Joy,Harpham,HEMATOLOGY,DOC-QNT-20241,17,7814157924,82539 Porter Plaza,1559,CZK,http://dummyimage.com/100x100.png/cc0000/ffffff,2025-10-20 21:21:33
mmarushakm@last.fm,$2a$04$CUiGGz5qWunsncftbsX4GOWdyWAcnZ1L7l5LN5ta8nhB4O2q/oIna,Mina,Marushak,PLASTIC_SURGERY,DOC-AAB-41562,22,7529811767,24 Derek Hill,1974,CNY,http://dummyimage.com/154x100.png/cc0000/ffffff,2025-10-20 21:21:33
rblackstockn@issuu.com,$2a$04$zuBbPTby/CVZoBcLaRq2seBEtpg3IHsyRLt2khMaSgsIhZl00jcXC,Ram,Blackstock,UROLOGY,DOC-TOV-16367,25,8224025893,81 Bartelt Pass,1829,ARS,http://dummyimage.com/213x100.png/dddddd/000000,2025-10-20 21:21:33
lholylando@blogs.com,$2a$04$mZ1xkz0bTluMq2Txx.Zmce7z.cP9Zqqn/iSQs7Au0JU/XP9WRPfIe,Lamont,Holyland,PULMONOLOGY,DOC-YOE-86155,16,4921602393,24451 Sugar Avenue,806,USD,http://dummyimage.com/110x100.png/ff4444/ffffff,2025-10-20 21:21:33
osandlep@mail.ru,$2a$04$bVrJ0KxMHbF2vRFa55g7HOd2FYuxlDoHnQbursGiYshVGQMfmkEse,Odelia,Sandle,INFECTIOUS_DISEASE,DOC-HFH-02934,22,7762171148,66150 Hoard Street,1176,CNY,http://dummyimage.com/170x100.png/ff4444/ffffff,2025-10-20 21:21:33
hmathewsq@samsung.com,$2a$04$7DKGHLvFw5IGRZmLepCxGext2oFT.Rk71TrGhZTIg3xMTfy3gyjgK,Harris,Mathews,PATHOLOGY,DOC-HUY-79012,10,7538163382,72 Fairfield Plaza,1442,CDF,http://dummyimage.com/115x100.png/5fa2dd/ffffff,2025-10-20 21:21:33
wtschurschr@sphinn.com,$2a$04$OvkWqusVSIl3NfkALrTbwueExlyHimLoypAE8iH3oejNiokdX.69i,Wallace,Tschursch,DERMATOLOGY,DOC-KEA-55999,14,4551904604,2174 Alpine Drive,1489,CNY,http://dummyimage.com/115x100.png/5fa2dd/ffffff,2025-10-20 21:21:33
vbannesters@moonfruit.com,$2a$04$dRXE6qdPXNHeyK3BXiwRuuVfW7n/jRWC1DbFuCzbYCbzjs2p/5Oqq,Vinson,Bannester,PEDIATRICS,DOC-WYF-77837,24,7304490851,379 Oxford Park,1828,SEK,http://dummyimage.com/250x100.png/5fa2dd/ffffff,2025-10-20 21:21:33
lcastillout@nsw.gov.au,$2a$04$5D3gkEgn2/k51v8Sg/4P5Ohpvt2vvnSrmbCQNyVH7MS0LB5ZLZ10.,Lazaro,Castillou,NEUROLOGY,DOC-NKM-44471,21,7805324132,53161 Blaine Park,962,UAH,http://dummyimage.com/212x100.png/cc0000/ffffff,2025-10-20 21:21:33
eodhamsu@ted.com,$2a$04$R0t5hemSBt5rsNQgHPbGme.3yp.7y090P/o.AT2y41P8PoMsZMvO2,Emmalynne,Odhams,GASTROENTEROLOGY,DOC-KNM-88134,11,5102189849,8 Stephen Junction,1824,EUR,http://dummyimage.com/168x100.png/cc0000/ffffff,2025-10-20 21:21:33
tlefriecv@youku.com,$2a$04$IcF3MWM5Me9INm2dViT4fuyydCtc19CSjD1RCA904Z49Z9epQrjQy,Tanner,Le Friec,ORTHOPEDICS,DOC-LDL-78354,21,4294575264,1074 Rusk Junction,1951,IDR,http://dummyimage.com/201x100.png/5fa2dd/ffffff,2025-10-20 21:21:33
scavew@tamu.edu,$2a$04$5DQu8tQRXXuYPXG1ZlYG8O7rXhdDN7si/lhSBHQCq8nto15Q1HdzG,Shurlocke,Cave,ORTHOPEDICS,DOC-FCR-61897,23,2577035842,5 Lawn Point,1611,CZK,http://dummyimage.com/102x100.png/5fa2dd/ffffff,2025-10-20 21:21:33
hgianettix@topsy.com,$2a$04$ZmXnFPlgyC6A1a7yE5AmlOSrSOteiD0GaODNzeBRvef249.ccif6W,Hardy,Gianetti,RHEUMATOLOGY,DOC-UCB-75858,22,5963719805,92503 Merrick Terrace,1847,CZK,http://dummyimage.com/250x100.png/5fa2dd/ffffff,2025-10-20 21:21:33
wcorcuty@eepurl.com,$2a$04$gurTBGTTjxmjYszE08yAvuo6EbLw9QjIpTqg1YV/TNlFLDve0bF/m,Wendye,Corcut,NEUROLOGY,DOC-XHR-00618,18,3836268779,212 Sage Way,1637,CNY,http://dummyimage.com/123x100.png/dddddd/000000,2025-10-20 21:21:33
sdibiaggiz@uiuc.edu,$2a$04$W0sqLs4koi0ZJgFsJX.X3Ok4zu5CLKXcxIgTa5fv2SGYelXrSuLFm,Shay,Di Biaggi,ENDOCRINOLOGY,DOC-EQO-48423,19,6944161916,6094 Amoth Parkway,1151,RUB,http://dummyimage.com/189x100.png/cc0000/ffffff,2025-10-20 21:21:33
dmougeot10@angelfire.com,$2a$04$tIz9.y.NEYsFO84URprDceKq609U./PYG.ZKD037WCIjZBr0JWY3W,Daryn,Mougeot,DENTISTRY,DOC-QPR-46321,8,1141342787,484 Burning Wood Parkway,1450,MMK,http://dummyimage.com/234x100.png/cc0000/ffffff,2025-10-20 21:21:33
vgerckens11@arizona.edu,$2a$04$VtOuw0DrOrtZi6ZX16upheZZdBzwx0fq.lGfxwvYeUt0vCu4PPgxq,Valerye,Gerckens,GASTROENTEROLOGY,DOC-KDC-33493,10,5304276608,1688 Weeping Birch Terrace,1541,RUB,http://dummyimage.com/159x100.png/dddddd/000000,2025-10-20 21:21:33
dvankov12@chronoengine.com,$2a$04$dfqhB75jOddq6Y9ZAQ7xEOq4OV.tne.gxUJqklQH3TIXSgw4AX6X6,Derril,Vankov,ONCOLOGY,DOC-VYC-72659,18,5978002362,4957 Esch Way,1619,COP,http://dummyimage.com/153x100.png/cc0000/ffffff,2025-10-20 21:21:33
sbrion13@nbcnews.com,$2a$04$4IUBjLyY.LpR0Qwdygz9YO77SRZ/febH4f3wZVdT6GXR.hsPASHya,Stevana,Brion,PSYCHIATRY,DOC-JGE-91539,14,7134686501,0591 Roxbury Road,1404,ARS,http://dummyimage.com/129x100.png/dddddd/000000,2025-10-20 21:21:33
qcantillion14@discuz.net,$2a$04$1kfi6iK2eTHPPXfEsE2Kxe4lWJBV/ZEPbUxXsUpWkXJvxRAzGljyi,Quincy,Cantillion,PLASTIC_SURGERY,DOC-JTT-12040,4,6589421842,0281 Bashford Terrace,535,PHP,http://dummyimage.com/152x100.png/dddddd/000000,2025-10-20 21:21:33
snutten15@yale.edu,$2a$04$6yx3F/lL2BWN2ZIk7t43hecDGwqsPKR.sogLrLJmGJTwtDv57Lv8a,Shellie,Nutten,ANESTHESIOLOGY,DOC-VIC-79945,16,7648838138,12 Dakota Road,785,EUR,http://dummyimage.com/200x100.png/5fa2dd/ffffff,2025-10-20 21:21:33
ldeeble16@opensource.org,$2a$04$EIggwNJzKgFtgk2gk0aL3O5uTC8DfZlwGTt7sas56sfNOqCEbLXfi,Leupold,Deeble,PSYCHIATRY,DOC-FXU-30102,17,9175171404,315 Mariners Cove Trail,767,JPY,http://dummyimage.com/246x100.png/ff4444/ffffff,2025-10-20 21:21:33
ihevner17@infoseek.co.jp,$2a$04$I6jsU3P8f1EKFMAaEH40FOhkrs0i4MheE55LexNN13SBsV2B1.Vki,Irving,Hevner,PATHOLOGY,DOC-BIT-61519,4,6476781396,0 La Follette Parkway,1203,ARS,http://dummyimage.com/172x100.png/dddddd/000000,2025-10-20 21:21:33
jgammett18@discovery.com,$2a$04$mHx6O2d39Bsddxk.U9jAiumDFSrdv6Ti0qBp6COT5kzTN0DJUxwoi,Jewell,Gammett,NEPHROLOGY,DOC-YMZ-60608,16,2179256078,28 Oakridge Drive,1255,IDR,http://dummyimage.com/226x100.png/dddddd/000000,2025-10-20 21:21:33
bbuyers19@phoca.cz,$2a$04$xvas7gKWa4wPm3rIfYY4pu/hGfB2RozOux4wYibehCowDdcDfoEx.,Berty,Buyers,ENT,DOC-PLG-11315,5,1117453015,953 Dorton Park,1308,MNT,http://dummyimage.com/230x100.png/cc0000/ffffff,2025-10-20 21:21:33
ldarbey1a@nps.gov,$2a$04$FToP/Y8gxrlNi5u8IBh18.fJ2z/WnlvkZeg8xV6gYK9Zw4no.S1Yu,Lin,Darbey,CARDIOLOGY,DOC-NPE-22647,25,7945575430,84 Delladonna Street,1688,EUR,http://dummyimage.com/241x100.png/dddddd/000000,2025-10-20 21:21:33
gdevo1b@indiatimes.com,$2a$04$y5kC86g/vcq8PgjB9fQwyel3lDZ3uXrl5H2nj/aSf6jeS3/MtVpNO,Gillan,Devo,ANESTHESIOLOGY,DOC-CZV-20367,8,8109849685,6319 Cascade Trail,1213,XOF,http://dummyimage.com/175x100.png/5fa2dd/ffffff,2025-10-20 21:21:33
sselwin1c@dropbox.com,$2a$04$p1PfAPCNBuFCCxJF7RoelOoyNdLs2OESr3AgAVOBuAwppCB/WUH/y,Stevana,Selwin,RHEUMATOLOGY,DOC-GSE-55405,5,8817238747,02853 Oak Valley Pass,1458,CRC,http://dummyimage.com/227x100.png/5fa2dd/ffffff,2025-10-20 21:21:33
rlovewell1d@taobao.com,$2a$04$cS/7VDhHPtMY4yv794d9VukMcdKOT8kPmAChpcaVfifNwbx3m6J.i,Rosabella,Lovewell,SPORTS_MEDICINE,DOC-GCL-58230,9,7332914853,6 Eagle Crest Drive,512,UAH,http://dummyimage.com/168x100.png/dddddd/000000,2025-10-20 21:21:33
chawton1e@desdev.cn,$2a$04$T.tMpZB2ndMsUDX4coNa9.RrSyUgi1jmUb0sc6pmKgt6mw8kzvtGK,Clayborn,Hawton,PATHOLOGY,DOC-AAP-68001,7,1597334570,9 Kenwood Alley,1023,NGN,http://dummyimage.com/239x100.png/dddddd/000000,2025-10-20 21:21:33
cjukubczak1f@blogger.com,$2a$04$cpaXtT2rMjMpLiOo76msxe1F.D1qKkUpM64VXw/IlACbGfVYIW5S.,Carter,Jukubczak,DENTISTRY,DOC-GSK-51211,1,7799168013,4 Montana Crossing,825,XOF,http://dummyimage.com/230x100.png/5fa2dd/ffffff,2025-10-20 21:21:33
lfaers1g@freewebs.com,$2a$04$Bio.N2OBQ3J5aXr0TrH9AuGfPOK9UcEg0MqbWqKJrPk6v04vFj4yW,Lacey,Faers,OPHTHALMOLOGY,DOC-WHG-86228,1,8551019449,94 Chive Lane,1121,CNY,http://dummyimage.com/226x100.png/cc0000/ffffff,2025-10-20 21:21:33
rdurning1h@prnewswire.com,$2a$04$vY6msSg1zZXHTRQbMcosYOW2h3fanNJWPKCNncI9QSVHeGJOseOUO,Rossy,Durning,DERMATOLOGY,DOC-VYM-19484,24,3021696089,85 Russell Terrace,1816,IDR,http://dummyimage.com/169x100.png/cc0000/ffffff,2025-10-20 21:21:33
emoxham1i@bbc.co.uk,$2a$04$XD1giP1KUzNN.Nbqnm7lJeOQlgs6G52mskDAuoB/O44Hb0KSMUGyS,Enrichetta,Moxham,ORTHOPEDICS,DOC-WYE-05063,18,3534456396,14 Carberry Park,1259,AFN,http://dummyimage.com/239x100.png/cc0000/ffffff,2025-10-20 21:21:33
ptrevain1j@hostgator.com,$2a$04$B1o.E7kES9zV3SaDsbTtlOKNQfPe/cuAMgo9/xfh06fRvvgxvaixi,Prue,Trevain,HEMATOLOGY,DOC-RIH-98012,22,3544453388,4 Corscot Plaza,738,MXN,http://dummyimage.com/183x100.png/cc0000/ffffff,2025-10-20 21:21:33
wschiesterl1k@upenn.edu,$2a$04$Lz9r/ig2mWO48aE9g6Sp5.A0cazm0ZXgOWQ2VAIH2jQD4WCyGpoKW,Whitman,Schiesterl,PATHOLOGY,DOC-AAZ-87875,10,5787355644,5 Clove Parkway,701,IDR,http://dummyimage.com/184x100.png/dddddd/000000,2025-10-20 21:21:33
ileebetter1l@cdc.gov,$2a$04$ndlH6nxu/Y0ZnhiowJbefuT7JGmBHJSyTnzA252d1w.cc8ke.bb1C,Ilyse,Leebetter,GYNECOLOGY,DOC-IRD-93033,23,8238010790,0 Fairfield Terrace,606,EUR,http://dummyimage.com/227x100.png/ff4444/ffffff,2025-10-20 21:21:33
lscroggie1m@npr.org,$2a$04$RkksM1gKp5bZKMHoGeGW5OJ5ljYxDIc0by3e0uk2Wp8znUshsWd6y,Lauren,Scroggie,GASTROENTEROLOGY,DOC-GQM-81652,10,7563215204,5175 Clemons Avenue,1030,PHP,http://dummyimage.com/142x100.png/cc0000/ffffff,2025-10-20 21:21:33
idunkerton1n@people.com.cn,$2a$04$J8cezKfdjdMYICn4agN9vOULYGudqrAV5fRNbmMFqOLs54N1ljNZ6,Isacco,Dunkerton,CARDIOLOGY,DOC-MWL-90744,23,8761744373,44 Ryan Circle,750,EUR,http://dummyimage.com/229x100.png/ff4444/ffffff,2025-10-20 21:21:33
ckemmons1o@tuttocitta.it,$2a$04$wG3PY5Pd/hudfB18T6F3eO9.aWyN6jYsBgt2ZCsA./2jqmE9IGRJy,Cele,Kemmons,PEDIATRICS,DOC-SJO-34768,7,6525420412,797 Westerfield Circle,1649,UGX,http://dummyimage.com/169x100.png/dddddd/000000,2025-10-20 21:21:33
bcometson1p@tamu.edu,$2a$04$G3.9xdKBFIqh6NhFoI5XT.bMIRnDKtWP2flQFNlic13Eh0zxnQJvW,Bjorn,Cometson,PEDIATRICS,DOC-ARN-46166,12,7505873818,8 Ridgeview Lane,795,XAF,http://dummyimage.com/171x100.png/cc0000/ffffff,2025-10-20 21:21:33
cthoresby1q@engadget.com,$2a$04$HhvTvxumaSvNSFhopUh2WOKcYTtIKumWM/71qXsBURTYYVJvEzRGq,Cathryn,Thoresby,SPORTS_MEDICINE,DOC-PJQ-87323,8,1834349692,0785 Service Junction,597,CNY,http://dummyimage.com/134x100.png/cc0000/ffffff,2025-10-20 21:21:33
vteek1r@unblog.fr,$2a$04$NN7r9151aAsBeHkNZ8kcv.Otzw884NuaiUQz1piG8qG6ibYLtoTEi,Vanya,Teek,PSYCHIATRY,DOC-LST-27766,11,7657844585,10 Graceland Terrace,503,CNY,http://dummyimage.com/141x100.png/5fa2dd/ffffff,2025-10-20 21:21:33
mgamet1s@tinypic.com,$2a$04$H3ZOKm5aRlYh4amKWIk5Wej0pMYQpmpLxBOToma0arOUL3lzqtuau,Maxine,Gamet,ENT,DOC-EFP-13104,8,2353424107,7 Dennis Circle,780,EUR,http://dummyimage.com/134x100.png/dddddd/000000,2025-10-20 21:21:33
vdenny1t@mtv.com,$2a$04$dwoUne0sgqIGHoFlJhPc9.n4J2ixkYQ/m9l4bYM/hq3Ts3CigT7Jq,Vlad,Denny,FAMILY_MEDICINE,DOC-EEX-30224,9,8349463639,2022 Rowland Pass,902,PKR,http://dummyimage.com/127x100.png/5fa2dd/ffffff,2025-10-20 21:21:33
mclemencon1u@meetup.com,$2a$04$8EMmwH/CjX0ifGe5O6LVau9.2WgyfHjIwz31WtYV7NBswWgKxYWTG,Margy,Clemencon,GENERAL_SURGERY,DOC-KAH-84181,25,3282289873,7 Northridge Place,1381,PHP,http://dummyimage.com/112x100.png/dddddd/000000,2025-10-20 21:21:33
rkanwell1v@networksolutions.com,$2a$04$G2ACB6JICHDmqs/48teKpuiOgWSOfik3JlaMaDJWrWXjtjI.WipOu,Raymond,Kanwell,RHEUMATOLOGY,DOC-OGU-35368,15,9151098533,322 Coolidge Parkway,1920,PHP,http://dummyimage.com/160x100.png/5fa2dd/ffffff,2025-10-20 21:21:33
kwilsher1w@fda.gov,$2a$04$rAyPmO2TEj5LLIKKdefNoeWh7XxT9FxAeYPJRPvL/AmImd3KParoW,Kerry,Wilsher,EMERGENCY_MEDICINE,DOC-EUK-19398,6,9816229385,6 Larry Plaza,1627,UGX,http://dummyimage.com/135x100.png/ff4444/ffffff,2025-10-20 21:21:33
lriba1x@w3.org,$2a$04$Gr0m14xIYU1Fx4s0bUB.NOpv1zk0570/GXTJue1kCf1H0KHbc.5ga,Lorene,Riba,ENDOCRINOLOGY,DOC-MGB-82910,21,3406709742,7 Browning Crossing,1112,VND,http://dummyimage.com/124x100.png/ff4444/ffffff,2025-10-20 21:21:34
cbaum1y@nbcnews.com,$2a$04$BWPWUXCLtgwq.bqDGSJBXeimyK/7lky6FliLt6GsJTd5tQXJNxJI.,Cherice,Baum,GENERAL_SURGERY,DOC-BQQ-87041,8,5037378576,4 Blackbird Plaza,937,JPY,http://dummyimage.com/184x100.png/cc0000/ffffff,2025-10-20 21:21:34
xmcgarvey1z@msu.edu,$2a$04$DqvyTdSBjJ1wIUFE6YuHe.Pbq.BL/Q.58OmDkbi2YXJel2/kgEl2u,Xylina,McGarvey,GYNECOLOGY,DOC-FYS-76210,13,1992777309,4032 Dwight Center,1949,CNY,http://dummyimage.com/201x100.png/dddddd/000000,2025-10-20 21:21:34
lsiccombe20@google.nl,$2a$04$WewMUrepaksKLGfG0I8lc.pXp.aoyr7b9Qu3fX4KQUrsC5OkRGZZW,Lynna,Siccombe,PEDIATRICS,DOC-FKB-57271,22,9143326953,693 Prairieview Street,648,PHP,http://dummyimage.com/185x100.png/5fa2dd/ffffff,2025-10-20 21:21:34
kstanlike21@oracle.com,$2a$04$cTYcKdI9TEJtPRO1NItYc.J2dGKonKZgStgkg3kPBY1cNwishs336,Kincaid,Stanlike,DERMATOLOGY,DOC-LRM-99222,10,5936059957,2 Oriole Junction,826,PHP,http://dummyimage.com/134x100.png/ff4444/ffffff,2025-10-20 21:21:34
chalfpenny22@newyorker.com,$2a$04$QyjRo0to1Mj1iFz4.98jveYyOkyBKIDrk7INvT5VAYcWZllCGMz0G,Catharine,Halfpenny,PLASTIC_SURGERY,DOC-BSW-74454,2,7086794143,49847 Green Lane,673,THB,http://dummyimage.com/235x100.png/cc0000/ffffff,2025-10-20 21:21:34
nrigolle23@desdev.cn,$2a$04$js7Kvb5JXRBrUuk5/ogoResiCGBmR3VF8eyt.OIMTm1QG6NPdy68u,Noelle,Rigolle,SPORTS_MEDICINE,DOC-EXN-00260,13,6358900228,7 Jana Point,1788,BRL,http://dummyimage.com/176x100.png/ff4444/ffffff,2025-10-20 21:21:34
venrigo24@ow.ly,$2a$04$8IJAF8Oqu9rDMEAEF6IlT.osM.VI1SMZJAE716GNxyQRcfQIKhPBe,Virgilio,Enrigo,DERMATOLOGY,DOC-IQF-86121,9,5452190865,7 Lakewood Gardens Center,1516,BOB,http://dummyimage.com/250x100.png/dddddd/000000,2025-10-20 21:21:34
dhazart25@google.com.hk,$2a$04$JbBy/QiS0gSmzQPURSWscundjoUXxh9OeqUIgSyQ5rGS4wWzSfvti,Damiano,Hazart,RHEUMATOLOGY,DOC-HTQ-13843,23,2661934958,5 Melvin Drive,793,QAR,http://dummyimage.com/139x100.png/5fa2dd/ffffff,2025-10-20 21:21:34
qarger26@auda.org.au,$2a$04$Z1L/tKOrJvWfb/LWSCcsV.3ubZTqJ9C9BjDInoi7.oU9h7gQRkW2i,Quentin,Arger,IMMUNOLOGY,DOC-AJF-78126,17,9385626601,07 Sunfield Junction,1411,COP,http://dummyimage.com/229x100.png/cc0000/ffffff,2025-10-20 21:21:34
lsallan27@businessweek.com,$2a$04$RZ4oXuh3wANphQsMhwXmfuGW4tR1YdMXtnERfggsRU3DuJxOAuoQC,Ludovika,Sallan,UROLOGY,DOC-JPR-59795,14,5021779349,21919 Lindbergh Road,1561,CNY,http://dummyimage.com/104x100.png/cc0000/ffffff,2025-10-20 21:21:34
tkerner28@t-online.de,$2a$04$AhGcwyYX79PnW/6ldGCgK.QGoanpXe5OMZunL.vvfWrME9lbLf5x2,Terrance,Kerner,PLASTIC_SURGERY,DOC-TTD-34023,18,3158006499,32 Trailsway Street,1739,PLN,http://dummyimage.com/135x100.png/5fa2dd/ffffff,2025-10-20 21:21:34
apruvost29@usgs.gov,$2a$04$3ijy0/jvzpWETO1PFuMYiudURjCZ1skt37MD9JBmkbGOC46Vjbqny,Ab,Pruvost,HEMATOLOGY,DOC-QQG-42016,16,3162296414,92 Green Ridge Lane,635,PHP,http://dummyimage.com/204x100.png/dddddd/000000,2025-10-20 21:21:34
qcossem2a@usa.gov,$2a$04$1krXSWffMxg86m5EeaOob.AhAs3p7QFSzo3NqRqESnZizh0hU.CAW,Quintin,Cossem,HEMATOLOGY,DOC-ZLK-78688,4,4913884007,6847 West Terrace,840,CNY,http://dummyimage.com/208x100.png/ff4444/ffffff,2025-10-20 21:21:34
ndannehl2b@salon.com,$2a$04$t8QK4v2RVY.umvB49LUdC.duMVDsxtOhuptgBQbQ7dM2t0OwSv9sG,Nanette,Dannehl,GASTROENTEROLOGY,DOC-RTW-35457,21,8467280438,62 Gale Park,1261,CNY,http://dummyimage.com/228x100.png/dddddd/000000,2025-10-20 21:21:34
itwatt2c@about.me,$2a$04$YKF.e5gynL8g.t3qxYEdl.At4jCdNuEFWeGe7B9iXyxYGFTUoori6,Isador,Twatt,OPHTHALMOLOGY,DOC-WGR-21666,17,5604654105,02 Welch Street,1860,BRL,http://dummyimage.com/218x100.png/ff4444/ffffff,2025-10-20 21:21:34
cdewer2d@ucoz.com,$2a$04$6iSrsjlSgwJMJENBx/W8welnJet60ZvOo.6.x883cAQU4DKSHVIIG,Carny,Dewer,PSYCHIATRY,DOC-ZJZ-91815,18,2038659779,8 Merry Lane,671,SEK,http://dummyimage.com/250x100.png/5fa2dd/ffffff,2025-10-20 21:21:34
dkenworth2e@histats.com,$2a$04$PfmGxQPuzAgVyQj6piYWIucC/efXxqfDLLoovTiMdRw.HTi7qCpjO,Devan,Kenworth,NEPHROLOGY,DOC-ADY-53126,15,8129451101,1194 Del Sol Court,709,JPY,http://dummyimage.com/105x100.png/dddddd/000000,2025-10-20 21:21:34
dculpen2f@nps.gov,$2a$04$l2dKZIFsqMAqQamErBEJWuYrG6SlTT.pEqlU3omb1EcJS9tj9y8pi,Dudley,Culpen,HEMATOLOGY,DOC-ZTM-77121,21,9695428740,0351 Pond Pass,1480,SEK,http://dummyimage.com/113x100.png/dddddd/000000,2025-10-20 21:21:34
kscalera2g@squidoo.com,$2a$04$Dc9HrSvHq54P2dlO9JEB6.G5GMLpgQdZXzZzd0tPtmhq8rxHtMbg2,Krystalle,Scalera,PLASTIC_SURGERY,DOC-LHZ-63435,1,5804727610,88 Schlimgen Circle,735,BRL,http://dummyimage.com/164x100.png/cc0000/ffffff,2025-10-20 21:21:34
ecorragan2h@simplemachines.org,$2a$04$cO/NTO1BmKyo29gz7b077.3.o0ZIhNNZGQv6/RHCnsTYPozerQsKG,Elenore,Corragan,CARDIOLOGY,DOC-ZDR-52936,4,3084874070,4649 Magdeline Road,1075,HTG,http://dummyimage.com/228x100.png/cc0000/ffffff,2025-10-20 21:21:34
wklainman2i@reverbnation.com,$2a$04$Fb0shOCyWaKUrZPfjZTxYe4TbPMikuq0KUkjiwLmLcdoBScpqB0.a,Wilona,Klainman,GYNECOLOGY,DOC-AJZ-27226,22,5389100102,59136 3rd Hill,768,EUR,http://dummyimage.com/218x100.png/5fa2dd/ffffff,2025-10-20 21:21:34
gbleckly2j@imageshack.us,$2a$04$fotxYzovn9i//.SgvCLAW.1p55mb7GZJkrkmjcwToH6uvDFKXw1/W,Greer,Bleckly,PATHOLOGY,DOC-AYF-11954,5,5971793500,308 Arapahoe Terrace,896,TZS,http://dummyimage.com/147x100.png/5fa2dd/ffffff,2025-10-20 21:21:34
rremer2k@seattletimes.com,$2a$04$0Vs4BW9/eh4o7qZi.eF0VOA0jDF6bbsHxf2VWh2xnKaeXvteOniqi,Rosmunda,Remer,FAMILY_MEDICINE,DOC-FMU-05391,9,7497661095,84 Dapin Way,1845,PHP,http://dummyimage.com/222x100.png/dddddd/000000,2025-10-20 21:21:34
rseignior2l@soundcloud.com,$2a$04$G7Uk9MskJOQaM4/QJN0CY.UQbzm3NeKcBBE1RvQHD0hoKFyX0h21W,Rebeka,Seignior,IMMUNOLOGY,DOC-OYY-08397,19,8521197603,4244 Northland Pass,896,IDR,http://dummyimage.com/102x100.png/ff4444/ffffff,2025-10-20 21:21:34
cruddle2m@cbc.ca,$2a$04$/l.q554vc1PdxRgrA44JQuUR/.MKeEpHf8/Yeho31Q5iTzP1bXk4K,Corrinne,Ruddle,INTERNAL_MEDICINE,DOC-IVZ-99496,25,2242483497,95834 Mallard Parkway,791,EUR,http://dummyimage.com/146x100.png/ff4444/ffffff,2025-10-20 21:21:34
kledgeway2n@yelp.com,$2a$04$2pQrGFzl88a8NHBmZ1ARn.M5fn/2y4nv5LWqumhVTzsdBHtPkpm4C,Katlin,Ledgeway,ENDOCRINOLOGY,DOC-MAH-84241,18,1243329021,3 Onsgard Parkway,1002,IDR,http://dummyimage.com/226x100.png/cc0000/ffffff,2025-10-20 21:21:34
lreignould2o@usatoday.com,$2a$04$gRL2rMXsGciExKshiKAoNeZbsCSw5UX2a3XkPNO75gKz0Lu.pNfjW,Lorrayne,Reignould,GASTROENTEROLOGY,DOC-IWP-57567,20,6837838843,20 Kropf Road,1083,CNY,http://dummyimage.com/137x100.png/cc0000/ffffff,2025-10-20 21:21:34
dcosens2p@g.co,$2a$04$Yc0nvx9Qt3KIWJB2JBG5b.t69Dz9M3kdAeixJWLC3KNPwpFsdvcpu,Donnell,Cosens,ORTHOPEDICS,DOC-SOT-71340,18,1892665586,68153 Melrose Pass,711,LKR,http://dummyimage.com/231x100.png/cc0000/ffffff,2025-10-20 21:21:34
aarrundale2q@jiathis.com,$2a$04$/Gn6.wcWODiEmjKfM2n8YuLnL8WCbVehWpmQnuQV1gSyhM0fa.i4i,Alberik,Arrundale,GENERAL_SURGERY,DOC-JYV-08414,5,6431748772,92566 Ridgeview Crossing,1986,GMD,http://dummyimage.com/114x100.png/5fa2dd/ffffff,2025-10-20 21:21:34
htebbe2r@indiatimes.com,$2a$04$OF6NfOhn8lU5uBKxYeXf6uM3xKrCodrRrBv2rJLO8wr3U2ea3.Ga6,Halsey,Tebbe,PEDIATRICS,DOC-ZLM-88089,18,9416638721,741 Pine View Hill,1664,PHP,http://dummyimage.com/145x100.png/cc0000/ffffff,2025-10-20 21:21:34
atoogood2s@pinterest.com,$2a$04$.moTuZYJ3KTnBz693zdwX.vu4vJRPi/H1VMFm0MQvmLHLxbkj7QVq,Annora,Toogood,OPHTHALMOLOGY,DOC-IWO-25576,17,9028626668,69264 Porter Lane,1575,NGN,http://dummyimage.com/104x100.png/cc0000/ffffff,2025-10-20 21:21:34
iabrahamowitcz2t@google.ru,$2a$04$pkFgCToqu08ZXZdtqkGGMOcMvxD5eMCtZHhybKdrZt1crnXN/ZtCW,Iggy,Abrahamowitcz,CARDIOLOGY,DOC-XIJ-98654,15,5484153376,52 Mayer Hill,1771,BZD,http://dummyimage.com/218x100.png/dddddd/000000,2025-10-20 21:21:34
selwood2u@dedecms.com,$2a$04$FMjLW/GoJEg7ksF86ma9UOmMp51ypzE7cYgB/rfds6UQ44b5hiGf2,Samantha,Elwood,NEUROLOGY,DOC-JAG-43523,8,9094398600,150 Kingsford Drive,502,CNY,http://dummyimage.com/132x100.png/cc0000/ffffff,2025-10-20 21:21:34
jromaine2v@foxnews.com,$2a$04$PLfdY73PlQwdilHV5NxbAeDRY73QCjuvgLKP8tRP56kINc4swoy0q,Jody,Romaine,GASTROENTEROLOGY,DOC-IUE-58809,12,2442239500,82 Welch Alley,972,PLN,http://dummyimage.com/167x100.png/dddddd/000000,2025-10-20 21:21:34
aligoe2w@prlog.org,$2a$04$sQ4xsepKDlrwEAo1Q7fDyuiEsz3zLCtDERy8Bq5ve5e9HqMEQLQbe,Andie,Ligoe,ANESTHESIOLOGY,DOC-ROL-43408,4,2877625257,8 Magdeline Hill,534,ARS,http://dummyimage.com/107x100.png/dddddd/000000,2025-10-20 21:21:34
dgehricke2x@canalblog.com,$2a$04$mUTrm6Vowd9HYYH7YpV8ue.m6Yp8077ikYocDkfvuPjQ3c2Ojw3fS,Dion,Gehricke,RADIOLOGY,DOC-PYM-10353,3,3285139546,55 Lindbergh Lane,1210,RUB,http://dummyimage.com/244x100.png/ff4444/ffffff,2025-10-20 21:21:34
dfagan2y@zimbio.com,$2a$04$MXbbxlEHUSvfLO0Lj3XYhuZsCrQhC4UqfmdTwNTXggA/fj29rOkym,Dalia,Fagan,EMERGENCY_MEDICINE,DOC-PYU-86732,19,8351922336,3973 Heffernan Court,1308,RUB,http://dummyimage.com/112x100.png/ff4444/ffffff,2025-10-20 21:21:34
ecrandon2z@tmall.com,$2a$04$xpWVpHP/f3v6knF0CggM2uPRWG4ZQk3dcclxeRHQvdjfHmlmYCVha,Erastus,Crandon,RHEUMATOLOGY,DOC-BMY-13764,23,3417328157,5 Sutteridge Park,1436,AZN,http://dummyimage.com/239x100.png/5fa2dd/ffffff,2025-10-20 21:21:34
iloines30@infoseek.co.jp,$2a$04$ucs5vAWq/q5GqG7Kfdcoh.l.o/BoC1yKmO.q2TL4kSACyGG.deXFy,Isac,Loines,RADIOLOGY,DOC-TVC-92739,22,2746953372,8 Doe Crossing Drive,525,EUR,http://dummyimage.com/166x100.png/dddddd/000000,2025-10-20 21:21:34
vjenkerson31@chronoengine.com,$2a$04$X7ciTwscnwfFIOS848CRJedXWWvZcaQpucGl7u4RFV5RoDJNIJoHm,Val,Jenkerson,DERMATOLOGY,DOC-WRO-98548,12,8309485918,55810 Lawn Hill,653,CNY,http://dummyimage.com/152x100.png/5fa2dd/ffffff,2025-10-20 21:21:34
rstrodder32@arstechnica.com,$2a$04$gl5lVGFFAkuSmdIOvbcvbOfs.JwMWCgbCaAPSJYSodDElcGziVaOa,Rhonda,Strodder,ANESTHESIOLOGY,DOC-TPQ-25714,20,8745771631,6025 Canary Circle,1698,MNT,http://dummyimage.com/192x100.png/dddddd/000000,2025-10-20 21:21:34
borviss33@mashable.com,$2a$04$ILQwOCGbh0pNLzaLUw4lluqoZa2sCIX3mum7YOxXNwfPzJgyXXjO6,Borden,Orviss,PLASTIC_SURGERY,DOC-SNY-95051,3,2134785689,85136 Grim Road,970,PEN,http://dummyimage.com/166x100.png/5fa2dd/ffffff,2025-10-20 21:21:34
mblenkin34@alexa.com,$2a$04$V.TIbpqnWaMiH.AZo/9q6ONrdGQOBQs5BcYROdTNToKAHEBKPJCkm,Marcela,Blenkin,DERMATOLOGY,DOC-ZTZ-39556,19,4166663563,50 Sutteridge Road,921,IRR,http://dummyimage.com/142x100.png/cc0000/ffffff,2025-10-20 21:21:34
psimonich35@discovery.com,$2a$04$evxxvHu10xaDXpOcpwz3beMxheURIIn8iS3NCVVukx5q4IeBYCLfG,Patric,Simonich,PSYCHIATRY,DOC-UNL-71075,15,4321912577,73213 Debs Court,1375,XOF,http://dummyimage.com/180x100.png/5fa2dd/ffffff,2025-10-20 21:21:34
brobilliard36@google.cn,$2a$04$yBpRXuKThBRk9mBXPzEi.exNf.O778/2I18L/LZzojSt0j9MgGFRC,Bianca,Robilliard,EMERGENCY_MEDICINE,DOC-ZPF-39828,17,7614671425,1945 Carey Center,1772,CNY,http://dummyimage.com/175x100.png/dddddd/000000,2025-10-20 21:21:34
ajansema37@reuters.com,$2a$04$0EgYm5WFHwRg4CK1xnqKd.ENLusyohegSzUBM4HFBddShJjzqIvZC,Anestassia,Jansema,PSYCHIATRY,DOC-AFS-48414,13,1876279265,6 Chinook Plaza,1402,EUR,http://dummyimage.com/166x100.png/5fa2dd/ffffff,2025-10-20 21:21:34
esandhill38@pen.io,$2a$04$kCjZo8ndwK1MX68SFFyzTONhzeRy/RqWlrTgC98MipLGYTAjI.gVW,Eddy,Sandhill,GYNECOLOGY,DOC-UIE-15786,15,3838301555,427 Ridge Oak Lane,1370,BRL,http://dummyimage.com/179x100.png/ff4444/ffffff,2025-10-20 21:21:34
alaye39@xrea.com,$2a$04$KJF/UnE0ITr1CN.NQS5Yiela1OgbbumGRr2mU61Qnn42VRttBC9oi,Agatha,Laye,DERMATOLOGY,DOC-EMZ-72297,11,4649843194,40572 Dakota Pass,930,PHP,http://dummyimage.com/136x100.png/cc0000/ffffff,2025-10-20 21:21:34
cstoggell3a@weather.com,$2a$04$lj8Vr3MZTqceY6e5KXMWSOIPoqPpORnNanIOhxRrlYGLMfM4z4/dq,Cesaro,Stoggell,ENT,DOC-CVB-13703,14,2637145073,9531 Petterle Lane,686,IDR,http://dummyimage.com/166x100.png/dddddd/000000,2025-10-20 21:21:34
wconor3b@1688.com,$2a$04$p/t3DHWPWmWGnOzHQ/O1QOGcSVU31cQE3twIsWcG5.kIhkqKKL1O6,Wat,Conor,ENDOCRINOLOGY,DOC-IJR-87104,18,3596361217,265 Corben Alley,1051,BWP,http://dummyimage.com/226x100.png/cc0000/ffffff,2025-10-20 21:21:34
rivy3c@ning.com,$2a$04$G1OQq.hc0pUY373DQ75R.uqmbPcob0xxFUTUMlfnvE6qZX6EdSb42,Rodrigo,Ivy,ENDOCRINOLOGY,DOC-WGQ-35856,20,6396896626,79359 Farmco Hill,1876,EUR,http://dummyimage.com/179x100.png/dddddd/000000,2025-10-20 21:21:34
yhenbury3d@163.com,$2a$04$B73ypgshC141oAyGa/A1GeYBfTT5YvqlzFoh6beJO0QYzHJ17tRQy,Yalonda,Henbury,ENDOCRINOLOGY,DOC-QTL-01298,18,1829879759,758 Porter Avenue,1430,CNY,http://dummyimage.com/212x100.png/dddddd/000000,2025-10-20 21:21:34
rhargate3e@nih.gov,$2a$04$GxLrld9En3kKuTW6zKrR7ONV.Pn4YDS3ePBkTr2FoMVXqfDWqVfOe,Ronald,Hargate,PULMONOLOGY,DOC-FEN-27524,14,3888149912,66221 Fairview Way,1304,NIO,http://dummyimage.com/118x100.png/cc0000/ffffff,2025-10-20 21:21:34
rhanhart3f@usgs.gov,$2a$04$gNWrDkdF9ZNgHM7/C7bvd.mfxuSUmfWI833tS7v6rMlNi0GMSFpnm,Rikki,Hanhart,PSYCHIATRY,DOC-WLQ-98410,11,2608962591,85192 Rowland Court,1647,CNY,http://dummyimage.com/174x100.png/ff4444/ffffff,2025-10-20 21:21:34
skaines3g@surveymonkey.com,$2a$04$/21BOdYfxCom5darQxPB6Oa3MkL1jmKX3CWq1wuPGW6pTYnKNtJUW,Shanna,Kaines,SPORTS_MEDICINE,DOC-NNH-21793,1,8251074830,315 Drewry Avenue,1188,GEL,http://dummyimage.com/244x100.png/cc0000/ffffff,2025-10-20 21:21:34
mguillain3h@auda.org.au,$2a$04$03l85DZ2LqOPLympGhelz.0VJRMNWMSYIkWEk1dh6pHdlpnPQ/e4C,Marga,Guillain,DENTISTRY,DOC-KBC-97539,15,7319239762,6 Dovetail Way,1017,PHP,http://dummyimage.com/188x100.png/dddddd/000000,2025-10-20 21:21:34
cbevis3i@digg.com,$2a$04$c68dkgy3RW3TIYd26HxjJuYDec0sQo1f5XPMwsrjUPsAcBuhpw0p.,Caroljean,Bevis,PSYCHIATRY,DOC-IAW-46363,14,5626368805,75781 Vahlen Avenue,1507,BRL,http://dummyimage.com/190x100.png/ff4444/ffffff,2025-10-20 21:21:34
bmott3j@umich.edu,$2a$04$BmzXIk/hLstp0VLNkEEH0ePKnmsg1kLQsUgHNgZbUnji.88ajPkj2,Bonny,Mott,UROLOGY,DOC-LXC-98229,6,6647974499,72249 Pennsylvania Plaza,1391,PHP,http://dummyimage.com/160x100.png/ff4444/ffffff,2025-10-20 21:21:34
smarcoolyn3k@google.cn,$2a$04$c6ZhNbApQ947hrnepCDc2.QUtzm4yAn/h3aOR4AgONDrjY/UlxxZu,Shermy,Marcoolyn,RADIOLOGY,DOC-LZR-24374,4,8315480429,094 Jenifer Plaza,1999,CNY,http://dummyimage.com/239x100.png/5fa2dd/ffffff,2025-10-20 21:21:34
teverley3l@jimdo.com,$2a$04$X9.gDNvkgu4bFLGdtZ7cz.eAe0Oua1lGBsdFZQf7ILhk1aMzzlOZu,Torrin,Everley,OPHTHALMOLOGY,DOC-ABQ-22129,10,9147197558,8 Ruskin Circle,1014,PLN,http://dummyimage.com/195x100.png/dddddd/000000,2025-10-20 21:21:34
bwalcher3m@unblog.fr,$2a$04$ekq/0X4ksciTKIrW9kGZPOdmAtwZnSmrpqJy6GIrINeP4KZRVSeFq,Benoit,Walcher,DENTISTRY,DOC-CUN-86287,21,2028886914,85 Onsgard Avenue,1167,USD,http://dummyimage.com/121x100.png/5fa2dd/ffffff,2025-10-20 21:21:34
bclayworth3n@istockphoto.com,$2a$04$s5ZBH2pVI3E2DhIy38OLROYJA/7bNkrfhTAnrBrqagzhoHRKHHxnq,Bartolemo,Clayworth,FAMILY_MEDICINE,DOC-GRN-97178,11,7749161966,0 Kinsman Center,1240,EUR,http://dummyimage.com/122x100.png/dddddd/000000,2025-10-20 21:21:34
tastley3o@lycos.com,$2a$04$xZYIVhVy3oypj.JPf2tZy.z1ddjbEFGRmE0Dgf.m/avfQe6Y9N2fC,Tine,Astley,HEMATOLOGY,DOC-IOP-26644,1,9469779732,6 Acker Lane,1690,BDT,http://dummyimage.com/164x100.png/ff4444/ffffff,2025-10-20 21:21:34
gjoanaud3p@stumbleupon.com,$2a$04$cDQR3s7YKhhWbWJnv0kxjedEoRjm.vpfR4snWnroJdvpbTJ69Wp6q,Gordan,Joanaud,PLASTIC_SURGERY,DOC-JOC-68681,2,7873700455,27665 Village Green Lane,1667,CLP,http://dummyimage.com/218x100.png/cc0000/ffffff,2025-10-20 21:21:34
cferreira3q@cyberchimps.com,$2a$04$T2ePvUgEA7ZhZ5kwbVGlmeHELWIInFj5n5jz0s8SDkIF5HKD3DSDu,Cybil,Ferreira,FAMILY_MEDICINE,DOC-DTG-08634,13,1375776611,1499 Butterfield Crossing,1142,PHP,http://dummyimage.com/115x100.png/cc0000/ffffff,2025-10-20 21:21:34
tlabastida3r@gmpg.org,$2a$04$6iIFDZnJXbxyESEYD31rXevfA90YTnxcZabTOQ2AKIFuzHHNKIDyC,Toddie,LaBastida,DERMATOLOGY,DOC-VWL-07125,3,4563333500,041 Sachtjen Terrace,881,KRW,http://dummyimage.com/228x100.png/ff4444/ffffff,2025-10-20 21:21:34
draddenbury3s@springer.com,$2a$04$oh5XtBfRVSr8Pc8s0qwqEunzhO9Mc0.bX9O3lxIkrVIlMfF6kyVNy,Daisi,Raddenbury,INFECTIOUS_DISEASE,DOC-CQF-79475,1,4894923022,7351 Anhalt Point,1925,IDR,http://dummyimage.com/107x100.png/ff4444/ffffff,2025-10-20 21:21:34
ctupie3t@biglobe.ne.jp,$2a$04$SHxreDqydPoT.Z8qC2fFtup4iTMP9wBI4UdG1xCXBU8xHvP6tJGiq,Christin,Tupie,ENT,DOC-GIF-19629,21,1833180346,2 Express Lane,1856,PHP,http://dummyimage.com/239x100.png/ff4444/ffffff,2025-10-20 21:21:34
brapinett3u@dot.gov,$2a$04$Z8WEF9O5S3MSflW.bgJc/e/v39VfjSmOD0drOH4tIg/6/Pk4zJ0q6,Brendis,Rapinett,ANESTHESIOLOGY,DOC-GLQ-32321,3,5172113384,9586 Charing Cross Avenue,882,CNY,http://dummyimage.com/102x100.png/ff4444/ffffff,2025-10-20 21:21:34
lbridgman3v@last.fm,$2a$04$/yABIjRFeNvFo1ktsd4s.OkcgaAThWtqQsZyLc9d5MwUnqzctBexC,Leta,Bridgman,ONCOLOGY,DOC-LON-77973,23,9805319188,99542 Express Circle,1935,EUR,http://dummyimage.com/232x100.png/cc0000/ffffff,2025-10-20 21:21:34
cbiagi3w@zimbio.com,$2a$04$C/8nqpQajh8NcfVIGdVFnOifRYVrcmjNj.81KAtDFpuVs7rp3VpXm,Candra,Biagi,GASTROENTEROLOGY,DOC-YQA-36250,17,9344365558,2254 Corry Center,1222,JPY,http://dummyimage.com/227x100.png/cc0000/ffffff,2025-10-20 21:21:34
chanscome3x@time.com,$2a$04$NiJ.WufZ.ue/HrWGkrgCWOvKHdGGhbyuG9XLD.9nHSUlQHpm2f6u6,Cletus,Hanscome,RADIOLOGY,DOC-EKZ-34800,14,7759953096,05 Cody Center,692,NIO,http://dummyimage.com/244x100.png/ff4444/ffffff,2025-10-20 21:21:34
tflattman3y@cnn.com,$2a$04$uhhlMHH/1pwDd3aMt9kGu.wpFjgxq1utcbxQv8ViUvZ5cNRoB12Mm,Toiboid,Flattman,PATHOLOGY,DOC-IPC-82767,15,2125743078,3472 Spaight Park,963,RUB,http://dummyimage.com/151x100.png/5fa2dd/ffffff,2025-10-20 21:21:34
gbranche3z@washington.edu,$2a$04$uIE9zgwaSwFgKndhyE3NfuvJ0bL6O.i1S7xzR44GukKHQMNWtHVkK,Glenda,Branche,UROLOGY,DOC-BLL-11177,21,3605819687,9 Sundown Terrace,623,CNY,http://dummyimage.com/201x100.png/cc0000/ffffff,2025-10-20 21:21:34
ahanalan40@reuters.com,$2a$04$EVHkhCUyK9QcZkxmUoiet.iEM43QFUjgA9sBLLEgUsfCzfK2/pVdq,Arney,Hanalan,EMERGENCY_MEDICINE,DOC-HNI-34198,23,1879863881,76 Harper Avenue,613,THB,http://dummyimage.com/145x100.png/cc0000/ffffff,2025-10-20 21:21:34
yfenelow41@china.com.cn,$2a$04$Q.R2Fs5KbA0cVjlXhFmja.UxV3JtRCQtNmP7VvV2tcd7kdgDgux9a,Yvor,Fenelow,IMMUNOLOGY,DOC-WRF-28237,6,3859834557,762 Morning Place,1439,CNY,http://dummyimage.com/192x100.png/5fa2dd/ffffff,2025-10-20 21:21:34
lgwilt42@nsw.gov.au,$2a$04$Z4QUeb8GDig6XSBr4dBLH.QdaVEWQ0xOC4amKFRNImujAd8U4iX5W,Lorelle,Gwilt,CARDIOLOGY,DOC-BEY-16633,18,9216545304,2 Hazelcrest Terrace,1418,SEK,http://dummyimage.com/236x100.png/cc0000/ffffff,2025-10-20 21:21:34
msturte43@exblog.jp,$2a$04$CJoVDQuDDTrOoc7uUE5IY.5nr/LpSea2qtfribGhF5FEvpgTe7XNy,Mauricio,Sturte,ORTHOPEDICS,DOC-XST-68278,21,8543561360,4 Meadow Vale Lane,1535,BRL,http://dummyimage.com/180x100.png/cc0000/ffffff,2025-10-20 21:21:34
rhaseley44@nbcnews.com,$2a$04$wGgV3r6sNLisiFZYlrn9WeNRyBYJh3PkVqmU4AY6xZU4YBRnVmh4G,Rodina,Haseley,GYNECOLOGY,DOC-LLO-95840,17,6424951549,58826 Manufacturers Crossing,1048,CNY,http://dummyimage.com/177x100.png/dddddd/000000,2025-10-20 21:21:34
jrosi45@yahoo.co.jp,$2a$04$o/LNkHMn/U9A.IlnJaAhTee.EqXG5Br5Isb0ffZs//sbEbGszNbcy,Jonas,Rosi,FAMILY_MEDICINE,DOC-ONG-34187,11,8616144767,41 Walton Crossing,534,JOD,http://dummyimage.com/133x100.png/cc0000/ffffff,2025-10-20 21:21:34
oskowcraft46@cbc.ca,$2a$04$5m0x.C5hZpIRwWmob1uIGO8K0s.5zEObnJ5nM3LGTc45o9nPEFRO6,Owen,Skowcraft,FAMILY_MEDICINE,DOC-MGV-93779,16,7508425701,1158 Heffernan Alley,1267,BYR,http://dummyimage.com/111x100.png/cc0000/ffffff,2025-10-20 21:21:34
zsamter47@theguardian.com,$2a$04$Ltr1FT02NSDsvm0KmBhIi.khAfo30YEodm4hBgSSrgw1IWI.OXsI6,Zelig,Samter,GASTROENTEROLOGY,DOC-VBV-29054,5,2249134258,0 Ruskin Court,1599,JPY,http://dummyimage.com/181x100.png/5fa2dd/ffffff,2025-10-20 21:21:34
bmccracken48@dion.ne.jp,$2a$04$MouMfl11Jx4dXmB.SHhhEOgme48gY4sq3XSnsgHs0DWND4qnbk.Nu,Borg,McCracken,GENERAL_SURGERY,DOC-UCF-10787,20,6835642223,8491 Ramsey Pass,613,RUB,http://dummyimage.com/148x100.png/5fa2dd/ffffff,2025-10-20 21:21:34
bdohmer49@geocities.com,$2a$04$EqktJfCCvJXVVKMgAz0TGetRAnuYxY0xowcy31ViYQTUptg1lecJC,Blayne,Dohmer,GASTROENTEROLOGY,DOC-ITL-04217,9,3981746941,6 Donald Terrace,1931,PHP,http://dummyimage.com/197x100.png/cc0000/ffffff,2025-10-20 21:21:34
sdossantos4a@comcast.net,$2a$04$lK01a9gf7VTP4wSXufXOrevBMZ5mh4XCOujuUgQd.HBiA.M2UhU1a,Saudra,Dossantos,INTERNAL_MEDICINE,DOC-EJR-13844,12,9524974451,6465 Shopko Plaza,836,RUB,http://dummyimage.com/201x100.png/ff4444/ffffff,2025-10-20 21:21:34
zsugar4b@nbcnews.com,$2a$04$gJPsuOUWkSz.RHCsfe/GB.0BPuTvH1wDtZyEX5pgki7CuxcfdbBKm,Zaria,Sugar,GENERAL_SURGERY,DOC-JLI-52588,5,7865113508,302 Crowley Way,1915,COP,http://dummyimage.com/169x100.png/dddddd/000000,2025-10-20 21:21:34
hbridgestock4c@ed.gov,$2a$04$ur/xOLy3uyS6fee9AEn5.Oz3a136wBj50mTa9mmMziTykL.PAbjEa,Horacio,Bridgestock,NEUROLOGY,DOC-JEC-17366,8,6043096223,53017 Grover Way,503,EUR,http://dummyimage.com/142x100.png/5fa2dd/ffffff,2025-10-20 21:21:34
asandle4d@people.com.cn,$2a$04$kVISwu8yKBEU8UQoZRDKKuBAVTdYLvS97HzAlEUsslcDESYjX9YOK,Adele,Sandle,DENTISTRY,DOC-TAR-46172,22,5202320929,4 Eagan Way,519,UAH,http://dummyimage.com/231x100.png/dddddd/000000,2025-10-20 21:21:34
apeasee4e@fc2.com,$2a$04$M2E68hxEIJnPhJBjGSKnk.FFglpJZ6WEExn82jI1gCSMJ/oDs24ce,Arabela,Peasee,RHEUMATOLOGY,DOC-WCD-79131,23,7138313346,57 8th Hill,1907,CNY,http://dummyimage.com/117x100.png/5fa2dd/ffffff,2025-10-20 21:21:34
mmcdonnell4f@wordpress.org,$2a$04$mCnS8KBUGPrWK78yJLcTPelj9FEzRfMceZwvN0OM43GrlOwkTspPi,Madelyn,McDonnell,PATHOLOGY,DOC-BLL-74719,20,6314775028,9 Kipling Alley,511,EUR,http://dummyimage.com/212x100.png/ff4444/ffffff,2025-10-20 21:21:34
ddouch4g@sourceforge.net,$2a$04$OBNlLvzOx8Y.sVFOWmj8iuajRE25PX3hP54OFAdeDXt7oJAewhePK,Delcine,Douch,GYNECOLOGY,DOC-FYL-95052,24,6449363668,09987 Pepper Wood Plaza,835,PLN,http://dummyimage.com/130x100.png/ff4444/ffffff,2025-10-20 21:21:34
deger4h@last.fm,$2a$04$yzfFqIe/5bKKy3mrnj0Ac.qHcRYDdQYq/af2/F393F7KjyNgiiIX2,Darrelle,Eger,FAMILY_MEDICINE,DOC-INW-86047,20,5781883805,79978 Commercial Place,1452,IDR,http://dummyimage.com/228x100.png/5fa2dd/ffffff,2025-10-20 21:21:34
cromagnosi4i@w3.org,$2a$04$X6bmlbbDF7agS95tuufty.Zn/opwcU1a61JXaJrV2OkF5X85z7ksq,Cyndie,Romagnosi,ONCOLOGY,DOC-UEQ-77234,5,7865196608,85 Esch Alley,1214,EUR,http://dummyimage.com/232x100.png/ff4444/ffffff,2025-10-20 21:21:34
iwyburn4j@ebay.co.uk,$2a$04$LU7KCCSzTgPATqgS4NqPh.T5JevtkP57i.tlepGBbx/xeX8P74OYm,Inigo,Wyburn,PSYCHIATRY,DOC-XIX-46984,25,7047490537,7728 Cherokee Plaza,1187,BRL,http://dummyimage.com/172x100.png/ff4444/ffffff,2025-10-20 21:21:34
ahulburt4k@noaa.gov,$2a$04$t8Pt/CD/NvpA6IokwlB5eONHj1Dpkc4IBdwHBSrelc4K4AZUDHwc6,Antonietta,Hulburt,PSYCHIATRY,DOC-SAM-08004,11,1021196937,1 Hagan Junction,1838,ARS,http://dummyimage.com/200x100.png/5fa2dd/ffffff,2025-10-20 21:21:34
jbursnell4l@thetimes.co.uk,$2a$04$uct4wV99Cs/1u2C5W1VuV.EzCE/AZWflaTCHJahRrUMYWWSNr1dOu,Joya,Bursnell,DENTISTRY,DOC-ICJ-43913,9,9411178680,22530 1st Terrace,797,PLN,http://dummyimage.com/214x100.png/dddddd/000000,2025-10-20 21:21:34
ktrubshaw4m@google.nl,$2a$04$A6CjICDRmY8xZnrmow7eIOR7PXUXR1QciUHYdSQRP/Etms8MCP3tO,Kelila,Trubshaw,PATHOLOGY,DOC-QXA-61464,15,3281658719,6 Reinke Park,622,CNY,http://dummyimage.com/180x100.png/ff4444/ffffff,2025-10-20 21:21:34
amcelane4n@tumblr.com,$2a$04$bGpI0z2MwuHA7KIvXHibZ.c/3dVMAvCiAxanXEsPrzq.VMzkvmpZy,Alejandra,McElane,PULMONOLOGY,DOC-VRU-59564,25,5426006758,4055 Grim Junction,1115,IDR,http://dummyimage.com/181x100.png/cc0000/ffffff,2025-10-20 21:21:34
jlacaze4o@free.fr,$2a$04$/EYhFE2vhrnEhf40c7s9E.iCXRsO21JI1WO.miMeaIxqMHVbCqA1W,Joshua,Lacaze,HEMATOLOGY,DOC-EWN-45686,4,2679729219,30 Schlimgen Place,1800,PHP,http://dummyimage.com/224x100.png/ff4444/ffffff,2025-10-20 21:21:34
gpahler4p@rediff.com,$2a$04$NAWr4BVi/gg32TjxvLP2peTiwk3gz4LaNIkdk7vsFbIvDzD3BFpve,Gail,Pahler,PULMONOLOGY,DOC-GWA-19758,25,3019745886,4 Waywood Drive,1590,IDR,http://dummyimage.com/198x100.png/ff4444/ffffff,2025-10-20 21:21:34
cchartre4q@etsy.com,$2a$04$1GKl8xPwKsiUvjCmwT7XsuxAR5jqTsM8DN8ZzdMo9EB9sBgUcwnPq,Carolyn,Chartre,INFECTIOUS_DISEASE,DOC-QSR-28634,21,9091804136,155 Thompson Avenue,1097,PEN,http://dummyimage.com/247x100.png/cc0000/ffffff,2025-10-20 21:21:34
tyerson4r@cyberchimps.com,$2a$04$7X6kuhIechy8bBXnpcLnT.QkGp/4R0/qa8oIY2CStXldjSRbIh7bS,Tara,Yerson,NEUROLOGY,DOC-JVJ-76894,25,9047438759,51202 Shopko Terrace,1979,IDR,http://dummyimage.com/160x100.png/dddddd/000000,2025-10-20 21:21:34
smatthessen4s@google.fr,$2a$04$icgRSpiWShudaRvDA9LlK.E6VCxkA4lIlQcSdtLIB/lYMHN3pyuUa,Sascha,Matthessen,INTERNAL_MEDICINE,DOC-PWD-97969,14,8759194443,956 Fair Oaks Hill,1369,PEN,http://dummyimage.com/103x100.png/cc0000/ffffff,2025-10-20 21:21:34
scrawcour4t@creativecommons.org,$2a$04$j8q7yThXBAdnMFpcogB5u.D1cjNUmgUkcSwHJ/8PsaqVfEVqEArnu,Stephanie,Crawcour,HEMATOLOGY,DOC-YTV-25564,11,1483132518,65310 Roxbury Hill,1659,BGN,http://dummyimage.com/149x100.png/cc0000/ffffff,2025-10-20 21:21:34
jmoller4u@tuttocitta.it,$2a$04$y9mw0VXOuP1KLqv4SEz3c.ePfABM/wcHDZ8JZQ3nBQLzu57Zk2fui,Jamison,Moller,PEDIATRICS,DOC-CGW-86751,10,4813880509,0499 Cardinal Avenue,1124,IDR,http://dummyimage.com/101x100.png/ff4444/ffffff,2025-10-20 21:21:34
blackham4v@creativecommons.org,$2a$04$6Gta5rHCi9yfGwt.ikISqOK5.rUpkw96FfkESUJ/5kk3J8QsciJsO,Birch,Lackham,DENTISTRY,DOC-FDF-06830,11,2695077000,5591 Fulton Court,1705,USD,http://dummyimage.com/148x100.png/dddddd/000000,2025-10-20 21:21:34
litzak4w@state.gov,$2a$04$58A6oa2OJbq.7ZWQS6OBjePAePdkcSqLjdkup30BA3V4jfppK2oQ6,Lucien,Itzak,UROLOGY,DOC-DRN-54170,10,3934714900,0146 Chinook Way,1331,UAH,http://dummyimage.com/194x100.png/cc0000/ffffff,2025-10-20 21:21:34
kmaccaffery4x@technorati.com,$2a$04$H9CCv9guRjqCFriegGPeiOi7VLzCTNxAf7GWIaDof23BGC5DG1aha,Kelsi,MacCaffery,ENT,DOC-ION-06637,18,4626112642,53248 Claremont Plaza,608,VND,http://dummyimage.com/100x100.png/cc0000/ffffff,2025-10-20 21:21:34
mluppitt4y@marriott.com,$2a$04$utvs.fWXDehVkaRCH1Dmf.RZEr.Vhi7Soe/SoYG1cjv0pWkS09t6G,Meade,Luppitt,ORTHOPEDICS,DOC-FNF-47102,24,4875288997,3051 Marquette Junction,661,CNY,http://dummyimage.com/238x100.png/5fa2dd/ffffff,2025-10-20 21:21:34
vwinpenny4z@home.pl,$2a$04$.8qTM1P9mrDw282Gi4kYYexAxSztlgv1UqPew6CyS2adW02URv6Rm,Venita,Winpenny,PATHOLOGY,DOC-NMR-05548,21,6216934494,4 Knutson Street,1936,RUB,http://dummyimage.com/220x100.png/ff4444/ffffff,2025-10-20 21:21:34
bsparks50@mashable.com,$2a$04$Dg6WOevfgFBSTC9a/087ruWribvCIOByFT1ylzUrKv79KMXD3q09G,Benjamin,Sparks,PEDIATRICS,DOC-FAO-79644,22,4955962313,9221 Dovetail Avenue,1315,PEN,http://dummyimage.com/141x100.png/5fa2dd/ffffff,2025-10-20 21:21:34
brubenov51@google.pl,$2a$04$CmJGmHN4as9hLgAK73VH/Ou0u5fkWz5o/bkBzTAtZiU5Oe2CUJOpC,Branden,Rubenov,ENT,DOC-OFT-19113,2,6274503969,39 Myrtle Park,513,UZS,http://dummyimage.com/194x100.png/dddddd/000000,2025-10-20 21:21:34
tege52@tinypic.com,$2a$04$9qWP8ZrQFqksl/8iZNZB7uKopnXDlksWTxFNZf7rba5UV8LAReqU6,Tanitansy,Ege,SPORTS_MEDICINE,DOC-BKI-60665,7,7249913200,40 Carberry Pass,742,EUR,http://dummyimage.com/249x100.png/5fa2dd/ffffff,2025-10-20 21:21:34
csollner53@bandcamp.com,$2a$04$P0DqkpRVl8RMxtufAphC.OG62fEur/m/AYgAypiLhZWTEpABro8f.,Cosimo,Sollner,SPORTS_MEDICINE,DOC-AHY-51095,22,2624540743,19533 Declaration Pass,1132,CNY,http://dummyimage.com/235x100.png/dddddd/000000,2025-10-20 21:21:34
rclaque54@latimes.com,$2a$04$9GJZjWkQvp8zg4AxR2NtgupTC50frKc9mTRG4xj4xVR63flN5fY4C,Ruben,Claque,INFECTIOUS_DISEASE,DOC-CYS-79821,3,1884986056,290 Northport Road,1373,CNY,http://dummyimage.com/177x100.png/ff4444/ffffff,2025-10-20 21:21:34
kcanfield55@icio.us,$2a$04$G.Dw7XW8/605T/zfznyEtOF9kjX3ey9qkY0xn0wFz6cz/RurGmtwK,Karin,Canfield,UROLOGY,DOC-GND-10039,8,9946902949,62521 Clyde Gallagher Junction,1421,EUR,http://dummyimage.com/109x100.png/5fa2dd/ffffff,2025-10-20 21:21:34
kockland56@ebay.com,$2a$04$1NIGQe0/uxYPwST3kyogu.qCqnNBgn/3TAFMdzZHiDlZ0jvz5X1Fe,King,Ockland,ORTHOPEDICS,DOC-YRP-67604,1,8186192267,34 Eagan Alley,752,USD,http://dummyimage.com/132x100.png/dddddd/000000,2025-10-20 21:21:34
wzink57@fotki.com,$2a$04$2yHpuPwGzenws0t/Qu0WgOik41xT2RmI/I6yfA1pPGw5OJQNG7Pl2,Wanda,Zink,ORTHOPEDICS,DOC-KKE-00997,24,8436313705,7 Del Sol Plaza,1048,MNT,http://dummyimage.com/111x100.png/5fa2dd/ffffff,2025-10-20 21:21:34
echoppen58@nhs.uk,$2a$04$zs.rnUiVqZpehWCN7SUZ0OiLGXzznimLMt7/Om/3cCJ4ZpZEaU.yW,Eadmund,Choppen,PSYCHIATRY,DOC-RQN-21882,3,1055083058,1512 Nevada Circle,1835,PHP,http://dummyimage.com/241x100.png/ff4444/ffffff,2025-10-20 21:21:34
ogarden59@rambler.ru,$2a$04$4x2CFYq7li4Gj/bpOnb7pO8Uvc2CvnjWTmjgsUaUABMXogE0r5ze6,Ortensia,Garden,RHEUMATOLOGY,DOC-VZG-10676,1,7126426513,55417 Vidon Avenue,873,NOK,http://dummyimage.com/117x100.png/cc0000/ffffff,2025-10-20 21:21:34
qcultcheth5a@ftc.gov,$2a$04$T3VWig014sTp18b4BWaDq.LBZaRrbdb1KvT9vlgOI19GTKhVklOom,Quillan,Cultcheth,GENERAL_SURGERY,DOC-KRU-84968,1,3504521248,33839 Dayton Center,1472,RUB,http://dummyimage.com/180x100.png/cc0000/ffffff,2025-10-20 21:21:34
khitchens5b@go.com,$2a$04$LQOEkS5qq33BhwpmD8d8Re4kP.50EhsIT6w4MRyI7V7xY8xzbnn3a,Keefe,Hitchens,OPHTHALMOLOGY,DOC-NHX-68023,14,8278849362,46 Express Alley,1115,ETB,http://dummyimage.com/175x100.png/5fa2dd/ffffff,2025-10-20 21:21:34
mespadater5c@bandcamp.com,$2a$04$Z2n.Mtl6BVQvBAl31wsdz.shieHh2dRSBCz9sQXEajZTKPTasB5ai,Merell,Espadater,CARDIOLOGY,DOC-IJL-39641,16,4447456531,085 5th Park,1126,PLN,http://dummyimage.com/136x100.png/dddddd/000000,2025-10-20 21:21:34
hroselli5d@youtube.com,$2a$04$BSVsN7vN9Tn.vJ9b1Sm8G..YAJf3Nao.qJ60kGPXDEwaFtcSix6fm,Holden,Roselli,PEDIATRICS,DOC-WRX-85503,14,9907749946,60 Longview Avenue,1918,BRL,http://dummyimage.com/159x100.png/ff4444/ffffff,2025-10-20 21:21:34
lrashleigh5e@blog.com,$2a$04$4lkW0ZDAcK9qqri79VmsEObH4dZNrjcTBV/lTw1WqbHHXyIGC6wbK,Lambert,Rashleigh,FAMILY_MEDICINE,DOC-FLA-93611,25,6835815144,8710 Marquette Pass,1636,PHP,http://dummyimage.com/196x100.png/dddddd/000000,2025-10-20 21:21:34
gglauber5f@themeforest.net,$2a$04$mBDAY0c6MUPL0KkaBIUoAOdHvaofENGFgsxejcjI5azP2wIkl5Esa,Gar,Glauber,GENERAL_SURGERY,DOC-ZGO-63000,24,1181196194,792 Dahle Alley,792,RUB,http://dummyimage.com/164x100.png/ff4444/ffffff,2025-10-20 21:21:34
bfeveryear5g@canalblog.com,$2a$04$q3a8neF7ZmrzwdTu/wBXbu3fvXr.x97SLUt9oTFmdIM.gZXEQ91m6,Berenice,Feveryear,PATHOLOGY,DOC-KSV-35870,8,8394226761,28766 Hermina Center,629,CNY,http://dummyimage.com/186x100.png/5fa2dd/ffffff,2025-10-20 21:21:34
kolenchenko5h@paypal.com,$2a$04$wTEcFqbYak6AQBJFlA686euuCjbL2YAhZQrXFp4hIoQVEOivMoSES,Kacie,Olenchenko,GENERAL_SURGERY,DOC-IUQ-07074,21,9477866439,6 Almo Drive,1174,CNY,http://dummyimage.com/203x100.png/5fa2dd/ffffff,2025-10-20 21:21:34
pmoncarr5i@goo.gl,$2a$04$QlqxhvgGJnWY2NBWxkKPnuUSVzy5FOYKg8Lv63/humKpQPi2Jb30S,Phil,Moncarr,ORTHOPEDICS,DOC-FZF-04776,7,2332265187,866 Walton Alley,1883,CZK,http://dummyimage.com/201x100.png/dddddd/000000,2025-10-20 21:21:34
erookwell5j@vimeo.com,$2a$04$fru2I9ofqYNS6gNUbJhF8en6aVW4lQRyjfUJhtI/uQ6MTuyZ1/6ty,Ellswerth,Rookwell,FAMILY_MEDICINE,DOC-ZKN-28275,24,8564648702,36704 Moose Junction,1691,IDR,http://dummyimage.com/184x100.png/dddddd/000000,2025-10-20 21:21:34
lbearfoot5k@networkadvertising.org,$2a$04$rtFPC3x4or9MWuop/RSNcOpFPPUE2gZpiDG6vVYKauMH8FB5y3u6a,Leland,Bearfoot,FAMILY_MEDICINE,DOC-YLU-74185,19,4264780249,3626 Melvin Center,1066,PAB,http://dummyimage.com/208x100.png/dddddd/000000,2025-10-20 21:21:34
efrunks5l@flickr.com,$2a$04$G.23yq3cdThQTRVH6bkh0Oy27f7qRPIaimcfmO1YXGNyJq72KX/vm,Emory,Frunks,HEMATOLOGY,DOC-KEW-89183,13,3625471679,2487 Iowa Parkway,1096,MUR,http://dummyimage.com/183x100.png/dddddd/000000,2025-10-20 21:21:34
gongin5m@hostgator.com,$2a$04$8POyDJ0o0rVnHGefa8lXs.iG0744hpjJCe2x/gomVvyCwr9/lGFQy,Gherardo,Ongin,NEPHROLOGY,DOC-ETH-68307,6,4527337310,067 Grayhawk Park,824,BRL,http://dummyimage.com/241x100.png/cc0000/ffffff,2025-10-20 21:21:34
ydavidovits5n@hud.gov,$2a$04$Y7yl2kyIyKCoXNNzhAGX7eHEEAWZaXlHwKenpIUrAQe8MiLBRnJwa,Ynes,Davidovits,ONCOLOGY,DOC-PAQ-48796,3,7368752714,25 Fairview Parkway,1112,COP,http://dummyimage.com/105x100.png/cc0000/ffffff,2025-10-20 21:21:34
ggeibel5o@about.me,$2a$04$LMQK1z1u.FerBWTXIJD6qe6kg4YOVubCTk4RHJADSljbqVxL7NwBC,Giordano,Geibel,PSYCHIATRY,DOC-BVZ-41351,15,5349956450,23 Linden Junction,1482,NIO,http://dummyimage.com/102x100.png/cc0000/ffffff,2025-10-20 21:21:34
msire5p@mediafire.com,$2a$04$b8ElC9HxMY2/HD18qXQRtO.q0ZaHKkKzHUBA.LIR91riDMp2gvoFm,Mathew,Sire,CARDIOLOGY,DOC-WXH-83636,9,2692752850,3 Debs Place,979,ZAR,http://dummyimage.com/122x100.png/cc0000/ffffff,2025-10-20 21:21:34
clupton5q@opensource.org,$2a$04$s0DU7k8jfpzv1tLMw6Kn9uSbP2Pkr6SyVkZedZMVaVjCZOT8BuwR6,Culley,Lupton,DENTISTRY,DOC-PUI-37142,3,3252708663,467 Golf View Way,905,BRL,http://dummyimage.com/143x100.png/5fa2dd/ffffff,2025-10-20 21:21:34
lgoggey5r@pagesperso-orange.fr,$2a$04$pZJlL3yE04isCdy09NOCduhFXZ/6X18DV4BAMInkoqB8sAJzj0WVy,Leslie,Goggey,PULMONOLOGY,DOC-FOC-25183,11,4625660017,41 Bashford Center,955,IDR,http://dummyimage.com/199x100.png/cc0000/ffffff,2025-10-20 21:21:34
mjohnson5s@cmu.edu,$2a$04$PxsA8a.633fLzBm4jD6L0uEJHavSUv4byKmCbn3ktozQBy11u7cau,Meade,Johnson,ENT,DOC-GQX-19437,12,6179740447,5 Garrison Hill,1044,PHP,http://dummyimage.com/126x100.png/cc0000/ffffff,2025-10-20 21:21:34
bforth5t@java.com,$2a$04$WrZO.6O42dh/CfiydMy/z.jF7systv1X/E26/ZGsdKeMRruWgt5y2,Bambie,Forth,ENDOCRINOLOGY,DOC-DZV-40574,18,2233714839,49 Hoffman Crossing,1005,CNY,http://dummyimage.com/165x100.png/5fa2dd/ffffff,2025-10-20 21:21:34
ttedorenko5u@geocities.com,$2a$04$YsXkS/FjyX.KrZwhj.A1rutjh4qIxp9RZbR5JUwoNUB2vczGSJ2SS,Tracey,Tedorenko,EMERGENCY_MEDICINE,DOC-ZJN-67071,10,8732905740,80281 Surrey Point,1426,CNY,http://dummyimage.com/151x100.png/5fa2dd/ffffff,2025-10-20 21:21:34
mbarnsdale5v@clickbank.net,$2a$04$1KWgV3vdVC0UHwUyf0UcxuXNqwNmNkyhaNIYgT49wLDuIEwk6e9V.,Marcellus,Barnsdale,CARDIOLOGY,DOC-MMV-92800,2,3114631410,28409 Independence Junction,524,EUR,http://dummyimage.com/241x100.png/ff4444/ffffff,2025-10-20 21:21:34
cwhetnall5w@ucoz.com,$2a$04$VSHjj0SxoIwMtSZ1nJ518usJZW2aY0OaDcMbFhcL9Mxts9wiin8PO,Courtney,Whetnall,UROLOGY,DOC-FGV-79700,3,9252285036,892 Mockingbird Way,1647,IDR,http://dummyimage.com/233x100.png/dddddd/000000,2025-10-20 21:21:34
bkubacki5x@etsy.com,$2a$04$PP5jDx1/JeeVj.KMs5rQgeXyNse00y5k9MKO5L9bW4eRKyW35Qoz2,Brock,Kubacki,ORTHOPEDICS,DOC-KJN-42683,24,6305575847,3933 Scott Lane,1141,CNY,http://dummyimage.com/114x100.png/5fa2dd/ffffff,2025-10-20 21:21:34
amckea5y@cnet.com,$2a$04$o00M1DXaDrHHw71bJIhfOOPUVUwaeq97qNn2fhJppbk3tl73sj46.,Ashleigh,McKea,ENT,DOC-VVI-17786,16,1942040769,6931 Sunfield Crossing,1901,BRL,http://dummyimage.com/191x100.png/ff4444/ffffff,2025-10-20 21:21:34
bmaling5z@360.cn,$2a$04$KobcZ4OeP69Kb1FD2vAsH.pQ8tJTsxQQDNIUR7Vgu65dPqywss2.S,Bond,Maling,IMMUNOLOGY,DOC-FGN-15387,10,1536742209,5 Almo Circle,1534,TND,http://dummyimage.com/167x100.png/cc0000/ffffff,2025-10-20 21:21:34
cfrenchum60@theglobeandmail.com,$2a$04$H3Dk/gSKpRUqXsmUnTc7N.mlXzK8mCv2bCQSOHyxZFCyMfksFx6Bq,Consolata,Frenchum,FAMILY_MEDICINE,DOC-BMI-06510,19,1504005226,3214 Burning Wood Hill,1646,PLN,http://dummyimage.com/247x100.png/dddddd/000000,2025-10-20 21:21:34
sgilfether61@pinterest.com,$2a$04$PKRVslCPShA0jGX9018GE.G8J.l6xe/2B.4Ypc77GIRQ/RrO60sZK,Shellysheldon,Gilfether,RHEUMATOLOGY,DOC-GID-19819,10,4974640957,5 Bluestem Way,1965,THB,http://dummyimage.com/205x100.png/ff4444/ffffff,2025-10-20 21:21:34
bbrimmell62@t-online.de,$2a$04$iYIP1Eb/ZAsx.1fi3lBZ2OLD0Jo5P1G6SA5tJQRyZXu3Sk3944LEm,Bartholomew,Brimmell,HEMATOLOGY,DOC-GTJ-80101,2,2417472489,573 Independence Junction,866,EUR,http://dummyimage.com/133x100.png/5fa2dd/ffffff,2025-10-20 21:21:34
goneal63@sun.com,$2a$04$qOHS2g3z6YFSb6yPFgiq.ObroVbES1Qw3G0j5rJcQO3hI6oGfgq2.,Gwenette,Oneal,GYNECOLOGY,DOC-FWP-40541,13,9729774735,387 Vidon Road,1682,CNY,http://dummyimage.com/217x100.png/dddddd/000000,2025-10-20 21:21:34
mdreini64@seattletimes.com,$2a$04$NwTxBIGnAUGZPK2IxhMFbO5WnwXtK7P.WrHpvJ4/CPqrY2hqXrM8y,Merry,Dreini,NEPHROLOGY,DOC-YAS-48819,2,7941491470,02 Dawn Parkway,1253,BDT,http://dummyimage.com/162x100.png/5fa2dd/ffffff,2025-10-20 21:21:34
jbanbury65@posterous.com,$2a$04$HH4pg9tkGKbpqqPqAGGqMOhhrok.0qO3iXod8LQuFyv3cSZS2u7LW,Jethro,Banbury,PLASTIC_SURGERY,DOC-AQH-41188,25,7219609215,94 Sommers Avenue,995,IDR,http://dummyimage.com/121x100.png/cc0000/ffffff,2025-10-20 21:21:34
bsimeons66@java.com,$2a$04$pSQetOaHQUP/1jqS0JX81umNC.bMJ3qLxJZp8NCTnrMYcz7VLniwG,Bondy,Simeons,DERMATOLOGY,DOC-QJI-46416,4,1311761941,1942 Debra Circle,1427,CNY,http://dummyimage.com/121x100.png/cc0000/ffffff,2025-10-20 21:21:34
smalpass67@squarespace.com,$2a$04$WnGXpt6rJDeywgmxxAPuj.XUOFd/xMXwP5GKimDo9XPOxBYqLlfBO,Sofie,Malpass,PULMONOLOGY,DOC-AFX-54735,8,7704244818,28172 Clyde Gallagher Point,1429,USD,http://dummyimage.com/163x100.png/5fa2dd/ffffff,2025-10-20 21:21:34
kwootton68@phpbb.com,$2a$04$MFfrlqEdBGKtzMiYvQPTFuAN.3Omf/kQh.n42UlS.zDwGLP56yP3y,Kiri,Wootton,DENTISTRY,DOC-YAB-24039,13,5839705492,8434 Spaight Circle,1079,CNY,http://dummyimage.com/221x100.png/cc0000/ffffff,2025-10-20 21:21:34
bearney69@hhs.gov,$2a$04$xtIAotSlb9sknW9lkN27OOU5SIWJRbea3M0qHfXsv9MX63OX5kzve,Bail,Earney,ORTHOPEDICS,DOC-MXV-39715,20,5805530708,047 Basil Point,1468,NZD,http://dummyimage.com/161x100.png/5fa2dd/ffffff,2025-10-20 21:21:34
sfenix6a@google.com,$2a$04$vNUQ6rvlAPMk8IUfDcDL9.vz9tWo30snKL8.kgZAVgXKuZHIvbOz2,Sharline,Fenix,INTERNAL_MEDICINE,DOC-ZJO-32355,10,7089228828,88 Arizona Hill,1159,EUR,http://dummyimage.com/156x100.png/ff4444/ffffff,2025-10-20 21:21:34
ktompsett6b@google.es,$2a$04$/UXKYOeiJvxu0jDACPv8.e48tzQ9yx970YtbmTOwyZNjEHfVbSYXO,Kerry,Tompsett,NEPHROLOGY,DOC-PMC-89652,8,7625065402,84393 Fallview Parkway,1414,SEK,http://dummyimage.com/103x100.png/5fa2dd/ffffff,2025-10-20 21:21:34
vcreedland6c@eepurl.com,$2a$04$0E3f2q0h5QETDsbUsdaFE.lDk5G52J7ZlitVukCkfndxZAu138KzW,Victoir,Creedland,GENERAL_SURGERY,DOC-NOB-61114,22,5935534098,2 Parkside Center,1989,IDR,http://dummyimage.com/175x100.png/cc0000/ffffff,2025-10-20 21:21:34
mmawtus6d@google.de,$2a$04$huVJw0JJEbsPpTL3W6KhC.HoVzG0kWaNKUxPPUa0gjeiP48TabfJW,Michelina,Mawtus,ONCOLOGY,DOC-COG-60385,15,1835881477,5203 Gateway Place,1336,RSD,http://dummyimage.com/232x100.png/cc0000/ffffff,2025-10-20 21:21:34
bgirling6e@tripod.com,$2a$04$tCOYhtyZm6avPtRgO/xLh.h36U/oeUFpHDSG4hc1QVpyCxuJ0XqIW,Bobina,Girling,PSYCHIATRY,DOC-JSR-15073,2,2511154512,0492 Nova Avenue,599,IDR,http://dummyimage.com/189x100.png/dddddd/000000,2025-10-20 21:21:34
srene6f@live.com,$2a$04$S.aldrTeNB0HtaaD.spi6eJsbelA6nCJ7maOnVbdhRi/IfLfbRHwu,Son,Rene,PULMONOLOGY,DOC-WAD-94570,9,2049482990,2 Corscot Circle,907,RUB,http://dummyimage.com/162x100.png/dddddd/000000,2025-10-20 21:21:34
lantonazzi6g@unicef.org,$2a$04$9DqvxMByIUSZRu75LcoQTuuQD4KE0.MCMWLWzmukz4WqKKD0kiUY.,Loretta,Antonazzi,IMMUNOLOGY,DOC-SSP-69476,1,6938333036,83 Darwin Crossing,1739,YER,http://dummyimage.com/229x100.png/ff4444/ffffff,2025-10-20 21:21:34
cbeange6h@wordpress.org,$2a$04$HVU2YxU1.wROA4VSP.X19eBw/sDKa4vrzjXUKaLH3Rnzht9FJnyt.,Chen,Beange,FAMILY_MEDICINE,DOC-MWF-43432,24,6579910119,01195 Golf Circle,1234,CNY,http://dummyimage.com/221x100.png/5fa2dd/ffffff,2025-10-20 21:21:34
kmacilurick6i@pagesperso-orange.fr,$2a$04$OoHcMH2B.7bSy.xVfWXHjedm5HYrBKQvEEKFAjoAyVnbjAgrWUGH6,Kate,MacIlurick,UROLOGY,DOC-WMI-49076,16,8765943813,021 Old Shore Road,512,CNY,http://dummyimage.com/231x100.png/ff4444/ffffff,2025-10-20 21:21:34
cplumridege6j@goo.ne.jp,$2a$04$D2NCW8qciXrPj0o57CFOaOQGa4gb5PqjsAdlUz8a3nlSVhF7tyZ0u,Camey,Plumridege,HEMATOLOGY,DOC-KBH-78752,4,9538164580,86529 Kropf Junction,1964,SDG,http://dummyimage.com/161x100.png/dddddd/000000,2025-10-20 21:21:34
lgroocock6k@arizona.edu,$2a$04$joMMoHuKj2td6cFGwF0yOOn3zulS0U/fOS8xdJ38XsMFVbMBA4Y4K,Laurice,Groocock,NEPHROLOGY,DOC-HDV-67839,13,2714592557,527 Mosinee Circle,1996,IQD,http://dummyimage.com/149x100.png/cc0000/ffffff,2025-10-20 21:21:34
lelsay6l@tuttocitta.it,$2a$04$IkETgAzq.DQ3q2MTk1FqsuBoxc0G5fh7lieO.j9Mvo5i5zKfiPPua,Lucian,Elsay,IMMUNOLOGY,DOC-FZJ-36996,2,8719243878,52168 Gulseth Parkway,1387,IRR,http://dummyimage.com/139x100.png/cc0000/ffffff,2025-10-20 21:21:34
ptyres6m@businessinsider.com,$2a$04$jAAI/Ln01bSoh/VedFQZ.ehTsru8tWrXdRixqnsQutZ2xUq2A0zzO,Phylis,Tyres,PULMONOLOGY,DOC-SER-31788,9,5617672250,99823 Sutteridge Hill,1775,HNL,http://dummyimage.com/170x100.png/dddddd/000000,2025-10-20 21:21:34
ocopelli6n@feedburner.com,$2a$04$n/Mm2GYNIGBTJ7Cje3Ieiuxf9CX92PKuNadF/kHunbe/YBcs0zLDG,Othella,Copelli,CARDIOLOGY,DOC-XMW-36616,22,9746075335,254 Hudson Park,1849,JPY,http://dummyimage.com/170x100.png/ff4444/ffffff,2025-10-20 21:21:34
dlupton6o@com.com,$2a$04$J9uKy0Id0ogliZy6KAUCzeqI1Mz8Mk7wCcqH3pV4I.CdLbDXRUi2C,Didi,Lupton,OPHTHALMOLOGY,DOC-URG-79787,1,1214866832,00552 Acker Trail,1250,PHP,http://dummyimage.com/139x100.png/ff4444/ffffff,2025-10-20 21:21:34
skellog6p@wp.com,$2a$04$HXUYx3PhQ03cervVACYa7e9QUHXmi5hPeiUx0VJunYZ51gFj1ETBG,Susannah,Kellog,GENERAL_SURGERY,DOC-SPH-26533,23,8486940510,81 Burrows Center,1659,COP,http://dummyimage.com/124x100.png/dddddd/000000,2025-10-20 21:21:34
pcottis6q@chronoengine.com,$2a$04$AOlW1RCjVzVbgb/k7zGJuOHIHf5mtb/r/syVIut/9LTcJSw70iKAm,Peder,Cottis,ENT,DOC-JNB-33777,9,2676180449,2 Alpine Terrace,1843,PAB,http://dummyimage.com/139x100.png/dddddd/000000,2025-10-20 21:21:34
cenglishby6r@newyorker.com,$2a$04$LfTvSj8YZ2GZp9615Td.JuhrRSDGdEeATbMKiyOgJA16jUTX.d3wa,Coralyn,Englishby,INFECTIOUS_DISEASE,DOC-KFE-98968,21,4109934996,118 Washington Hill,727,BRL,http://dummyimage.com/118x100.png/dddddd/000000,2025-10-20 21:21:34
mechlin6s@yellowpages.com,$2a$04$5ooSTn4AAowJx.ZL5VokUuMmguK/CrBTjoykHLVFX8nmxhTCc7rjy,Mortie,Echlin,RHEUMATOLOGY,DOC-OVQ-83644,17,9141772219,2678 Rutledge Pass,708,NGN,http://dummyimage.com/132x100.png/ff4444/ffffff,2025-10-20 21:21:34
jlundbech6t@cbsnews.com,$2a$04$YGd8dlXaoEH3G8//NtI8H.nuTyRjnz/NDe.1SKmva9kd7nW6h8CO2,Jo-anne,Lundbech,CARDIOLOGY,DOC-BXH-92538,5,7499860002,13477 Dexter Way,1362,CNY,http://dummyimage.com/233x100.png/5fa2dd/ffffff,2025-10-20 21:21:34
dkinge6u@google.com.br,$2a$04$Lx1QJ7EgU.SEe3mGxIyFBueccK6RDYreymNPlU8JihxGivl6H8U42,Dallas,Kinge,RHEUMATOLOGY,DOC-FQC-12448,21,9016263881,0510 Gina Center,560,CNY,http://dummyimage.com/140x100.png/dddddd/000000,2025-10-20 21:21:34
ihenriquet6v@hp.com,$2a$04$wQ.HlXGrAErA1f9r6VJtJubNg7giPYxPIWynqpXgCkbXMXzW5oJ1.,Issy,Henriquet,EMERGENCY_MEDICINE,DOC-QTX-06941,8,6643031774,224 Pankratz Point,1345,CNY,http://dummyimage.com/202x100.png/dddddd/000000,2025-10-20 21:21:34
rshimoni6w@tmall.com,$2a$04$TF5HtokBp.rlRwU8raJ56OyvDm6IEY57TOPcvhdhs7hHPVo4LWbW2,Reece,Shimoni,ORTHOPEDICS,DOC-QFO-13170,11,6639653304,5817 Pierstorff Parkway,1011,EUR,http://dummyimage.com/239x100.png/dddddd/000000,2025-10-20 21:21:34
bwornham6x@ftc.gov,$2a$04$K/BFvOGFXyEsoCup3jYNDOzsum1vit1mmAqqnPKqA.NDXl0oYbkOa,Bernelle,Wornham,PLASTIC_SURGERY,DOC-URR-14947,2,5264761208,3 Columbus Park,1456,CNY,http://dummyimage.com/116x100.png/cc0000/ffffff,2025-10-20 21:21:34
gsykora6y@hud.gov,$2a$04$OuPz.0KFsAOgRF9iLo1KzO3WyIJf9uyVoDqOMYJF6d3y5QikeWj72,Gareth,Sykora,SPORTS_MEDICINE,DOC-XLF-27255,20,1745959913,269 Melby Point,615,CNY,http://dummyimage.com/193x100.png/ff4444/ffffff,2025-10-20 21:21:34
npetrovsky6z@guardian.co.uk,$2a$04$tfw3yzjwjMx3DVwEYmZ5/OsPRPD81ww7/F3Ob8kOQvHrxIoYnpxAK,Neil,Petrovsky,UROLOGY,DOC-QLN-85263,25,9768991324,984 Bluejay Drive,749,ARS,http://dummyimage.com/123x100.png/ff4444/ffffff,2025-10-20 21:21:34
sklimuk70@samsung.com,$2a$04$MKvLNpubPRF7gJRg62UZI.M4X19HyYcYOktxPBcWygH3rFqFgTfVy,Suki,Klimuk,INFECTIOUS_DISEASE,DOC-RWM-70089,5,3334099006,639 Hintze Pass,843,CNY,http://dummyimage.com/245x100.png/dddddd/000000,2025-10-20 21:21:34
froscamp71@nba.com,$2a$04$HVSyj12eTfdf76dy3rk6Me0c0Y.Hj8t0zMZDzLWcKxmF5pDmRF4dS,Fayth,Roscamp,ENT,DOC-KOO-75544,19,1226128344,743 Gale Court,560,ARS,http://dummyimage.com/172x100.png/cc0000/ffffff,2025-10-20 21:21:34
bpotzold72@jimdo.com,$2a$04$NhO7ERxmPTEhvngqKHG64uSFbSagL3I4v3CpQhPf5g6zjDpeZDmiq,Berky,Potzold,RHEUMATOLOGY,DOC-FUD-52890,23,3638142873,83719 Eagle Crest Point,1208,IRR,http://dummyimage.com/178x100.png/cc0000/ffffff,2025-10-20 21:21:34
ctildesley73@comcast.net,$2a$04$XKMEpumYmEFPnfqsr/cqX.WtPvroFSkk5dOojN6ryrpMMFSbTVn2S,Caz,Tildesley,DENTISTRY,DOC-GQI-03486,3,3563887671,4288 Victoria Junction,1940,IDR,http://dummyimage.com/108x100.png/dddddd/000000,2025-10-20 21:21:34
dcarey74@shinystat.com,$2a$04$u3sm6Tkx4W9T0L0eDYs.G.I.0mDclIWKWJuLeb74WGu.Gqauvk012,Darsie,Carey,NEUROLOGY,DOC-PCH-65960,15,5511968548,16 Kedzie Road,1895,EUR,http://dummyimage.com/214x100.png/cc0000/ffffff,2025-10-20 21:21:34
bwinkworth75@lulu.com,$2a$04$VBWSW4v8GnV92tH.yfBpO.ZqVA2fNyL4oabqVfvzoNxnQI1C8gY3K,Berna,Winkworth,GENERAL_SURGERY,DOC-PYP-41289,7,3573888891,184 Drewry Point,1676,RUB,http://dummyimage.com/184x100.png/5fa2dd/ffffff,2025-10-20 21:21:34
edearnaley76@amazon.de,$2a$04$Jlb6iyoQEvw8wd8jjp1mwultx9zF2cFSnRzbrZCD/qY.iSwJuO3Oa,Emmie,Dearnaley,GASTROENTEROLOGY,DOC-KGL-15798,25,8069262437,55 Cody Drive,1903,IDR,http://dummyimage.com/173x100.png/ff4444/ffffff,2025-10-20 21:21:34
rweddeburn77@geocities.com,$2a$04$8J8mVGc6rZ0ApXmicLGrNu3js4O2zftr5f83D/DOx78JKXB.TMO1K,Roze,Weddeburn,PLASTIC_SURGERY,DOC-SHK-84566,14,8609273852,31 Macpherson Place,656,ARS,http://dummyimage.com/127x100.png/cc0000/ffffff,2025-10-20 21:21:34
sbarraclough78@gov.uk,$2a$04$8PEN22LV5kIoMW07D.KUUOB6c5YyeeIF0HqPWMewVtx/WoL9Ezxnu,Stanislaw,Barraclough,ANESTHESIOLOGY,DOC-CDM-55800,11,1836212691,84 Jackson Court,1628,PHP,http://dummyimage.com/185x100.png/ff4444/ffffff,2025-10-20 21:21:34
bsholem79@yale.edu,$2a$04$iMi5TjCnj3Q7zzDWOaOMMeftJcFX6iDvTzvEEPJ/jWa4CW7ahkd2O,Boot,Sholem,PULMONOLOGY,DOC-FFY-97417,8,6979732795,947 Bultman Way,994,EUR,http://dummyimage.com/119x100.png/5fa2dd/ffffff,2025-10-20 21:21:34
gturbefield7a@twitter.com,$2a$04$HByQG4ux.hB5r6JkEu5rZuLT5KmQm.KyBmRRh57JUv9n0uqWvJJFW,Gifford,Turbefield,DERMATOLOGY,DOC-CGJ-38581,8,2237817317,101 Rockefeller Parkway,1303,BRL,http://dummyimage.com/176x100.png/dddddd/000000,2025-10-20 21:21:34
msherrell7b@huffingtonpost.com,$2a$04$JHJ0uGMgi5ovMq5W..cQG.mDsCtkBQTeJwV7zT5BkCkRQORLIq5jC,Melisenda,Sherrell,GASTROENTEROLOGY,DOC-XBJ-68557,17,6867184314,49080 Clyde Gallagher Crossing,1665,DKK,http://dummyimage.com/132x100.png/cc0000/ffffff,2025-10-20 21:21:34
egladden7c@flavors.me,$2a$04$OE8SWDJn2fKT.5i6DqmhcuhJMQsHiUz0csxjfAaoRgLk3ImE8Dy7y,Erek,Gladden,GENERAL_SURGERY,DOC-IDB-48204,10,8932838013,519 Talisman Point,1044,CNY,http://dummyimage.com/180x100.png/ff4444/ffffff,2025-10-20 21:21:34
jcambridge7d@google.it,$2a$04$1gC6K222Bpt7TbRBOv5oNukGnmtELFC.qIXLUU9WpISgeuKSymJFK,Johnna,Cambridge,PATHOLOGY,DOC-FWZ-63927,16,2254072596,985 Nancy Junction,1402,EUR,http://dummyimage.com/180x100.png/ff4444/ffffff,2025-10-20 21:21:34
ppagan7e@opensource.org,$2a$04$YcNBFKB5BQrvtUtSCUWm2OyYYOofz701G5zjvxpaXDYbqn6npcMLe,Philis,Pagan,UROLOGY,DOC-ZGV-38346,22,1729278036,3162 Northfield Avenue,1569,EUR,http://dummyimage.com/250x100.png/ff4444/ffffff,2025-10-20 21:21:34
aplowell7f@newyorker.com,$2a$04$1Hchb6t3YgOzFmaBpoYwg.R5UhC1qxs5hA5gQe0/4BeeFvqNSLuNO,Antoinette,Plowell,EMERGENCY_MEDICINE,DOC-YYI-65546,18,8218317282,8 Longview Lane,2000,CNY,http://dummyimage.com/171x100.png/ff4444/ffffff,2025-10-20 21:21:34
eperon7g@ed.gov,$2a$04$f.iNN9sPRX3hHvdJo.rXIODJDVjWNNMeKI7U7zWzLNSHiG5imScV.,Elyse,Peron,EMERGENCY_MEDICINE,DOC-ZAN-69073,20,2845900019,64488 Roxbury Alley,1048,PAB,http://dummyimage.com/172x100.png/cc0000/ffffff,2025-10-20 21:21:34
ccorradeschi7h@domainmarket.com,$2a$04$xtGOoErPY0xeVCUbU22UjOg845xCsTpkKpPQ7.LgGkcbmSva0xrv2,Catriona,Corradeschi,PEDIATRICS,DOC-AFY-26807,18,6405325243,184 Sunnyside Terrace,1015,RUB,http://dummyimage.com/236x100.png/ff4444/ffffff,2025-10-20 21:21:34
lgong7i@cam.ac.uk,$2a$04$Y.Sef5K7jYuVN5rsFHIXdeBcVc7l.IU1YioDGwhDNed0GUjxiUJlm,Lisle,Gong,FAMILY_MEDICINE,DOC-REK-19946,19,6047775553,8 Fairview Parkway,539,XOF,http://dummyimage.com/178x100.png/5fa2dd/ffffff,2025-10-20 21:21:34
dcockrill7j@about.com,$2a$04$XIPq8iDyHQBr6Ho/j/bHnOc9yz5M7oHWqIg1vZ.TzrLl1Vh2wJ9eC,Dmitri,Cockrill,PULMONOLOGY,DOC-ZVT-63633,23,7038759047,05 Luster Lane,1124,THB,http://dummyimage.com/146x100.png/5fa2dd/ffffff,2025-10-20 21:21:34
khutfield7k@digg.com,$2a$04$aT0rYJVBNR5WlW7YdrD.7eCO2c1i6CM93PVGLz0zMWLFp1o5442vy,Kendre,Hutfield,ONCOLOGY,DOC-AFS-11646,25,5772897117,83519 Anhalt Drive,811,RUB,http://dummyimage.com/178x100.png/5fa2dd/ffffff,2025-10-20 21:21:34
ocareless7l@accuweather.com,$2a$04$5262Dc4uEUsfJkEm9fK4e.ribPqWHE0q2GCZSfGCbMAcT7KR4x/Sy,Olga,Careless,EMERGENCY_MEDICINE,DOC-ZNJ-48949,7,2658541411,69011 Brown Avenue,1450,SEK,http://dummyimage.com/124x100.png/ff4444/ffffff,2025-10-20 21:21:34
dvenditto7m@imdb.com,$2a$04$zjGhjeIvXkI8f/7kwAUSpOhgFuk3WSBXx7XqKPazp0rb32gRbQoyi,Dilan,Venditto,ENDOCRINOLOGY,DOC-HHH-64311,9,9788050506,7 Monument Parkway,1695,BRL,http://dummyimage.com/205x100.png/ff4444/ffffff,2025-10-20 21:21:34
lshewon7n@loc.gov,$2a$04$mvnfdlFBPQwaX9iRMGrZ7.l/3QHFS5x9Qi7Sq0SVDRb/P9yYOZqrS,Loretta,Shewon,OPHTHALMOLOGY,DOC-CXY-34443,3,8512673189,0 Green Plaza,1384,ARS,http://dummyimage.com/100x100.png/5fa2dd/ffffff,2025-10-20 21:21:34
npopescu7o@jugem.jp,$2a$04$XR1QjkmSONFYNzi5T/LkC.7g9gV8U.uSMzxB4OectDWq/v9Wca6fK,Nat,Popescu,ENT,DOC-DLT-44028,19,6783590339,27379 Fairfield Avenue,1724,IDR,http://dummyimage.com/206x100.png/dddddd/000000,2025-10-20 21:21:34
ekops7p@live.com,$2a$04$Z4sps35K4Tq4e2A8OC332OqAvCV2CSoG.bA8ZQBY.0L8QaembDehq,Estrella,Kops,GASTROENTEROLOGY,DOC-ROM-50471,16,9224660154,4 Almo Center,1475,GTQ,http://dummyimage.com/169x100.png/5fa2dd/ffffff,2025-10-20 21:21:34
jboatwright7q@sun.com,$2a$04$fSBY5rNTtbaslLbUumqYtO6oF.aOCrZc33k2jCIQIANIecJ2x6UOG,Jill,Boatwright,DERMATOLOGY,DOC-YLZ-59884,5,1128408260,9263 Johnson Street,1611,TND,http://dummyimage.com/131x100.png/ff4444/ffffff,2025-10-20 21:21:34
cdesavery7r@purevolume.com,$2a$04$14uYb1Ca8yGf7aiwOwCHFuDj7/uu1GvDfe0qkgnBxtiVhfNCsRC9e,Cissiee,de Savery,ORTHOPEDICS,DOC-OOQ-37849,8,4618758678,9854 Moose Place,1498,CNY,http://dummyimage.com/217x100.png/ff4444/ffffff,2025-10-20 21:21:34
gabley7s@vkontakte.ru,$2a$04$GDb2NqRAoFD7gqIjEUk0GOF3LlF1j5QZKGTTRByv26.kgah173DK6,Georgie,Abley,GASTROENTEROLOGY,DOC-ABD-54098,18,6707866672,4 Sunfield Junction,747,IDR,http://dummyimage.com/148x100.png/ff4444/ffffff,2025-10-20 21:21:34
krowena7t@mysql.com,$2a$04$ltAwKhFKHyCEV0oHR9rkeuj4.dN6Q3WABxMZG2O6BKeCdUoMk9/oS,Krystle,Rowena,DERMATOLOGY,DOC-VVQ-08032,12,1634196528,3 Straubel Plaza,572,THB,http://dummyimage.com/154x100.png/dddddd/000000,2025-10-20 21:21:34
cturnpenny7u@huffingtonpost.com,$2a$04$ItCgdX.a/Y5KKUQ2UMkJ.uei/QXhVCwTY.ngbXXLuzT2MQxEkEmEK,Christabella,Turnpenny,DENTISTRY,DOC-OIH-13775,4,8329240648,5413 Summit Park,1879,IDR,http://dummyimage.com/121x100.png/ff4444/ffffff,2025-10-20 21:21:34
gacutt7v@archive.org,$2a$04$lE66R.4k6BUKAjMkwTpO6ucHoWxpJgTaeq2VWwAhPOLIUpG7W8ZsS,Gaultiero,Acutt,HEMATOLOGY,DOC-KOU-08395,22,5575418005,4900 Sommers Park,1447,PLN,http://dummyimage.com/184x100.png/ff4444/ffffff,2025-10-20 21:21:34
gsang7w@e-recht24.de,$2a$04$Zdp9LTUMkrgboyEZJzYQxOVhRfovPFCc4q2ZKkK87vcuBEY1Wal12,Ganny,Sang,SPORTS_MEDICINE,DOC-EMB-48340,17,2741387782,0 Bunting Alley,1511,EUR,http://dummyimage.com/204x100.png/ff4444/ffffff,2025-10-20 21:21:34
hsabbin7x@forbes.com,$2a$04$HkKzHLg870mKKONmAjgmwudGBKKEyz7CWn3XFix.jaSRnl0/nG.2C,Hillery,Sabbin,ENDOCRINOLOGY,DOC-TJM-39739,7,5009886225,05 Clemons Alley,714,EUR,http://dummyimage.com/130x100.png/5fa2dd/ffffff,2025-10-20 21:21:34
stowe7y@wufoo.com,$2a$04$aNDV.hHW9Rtk14stvztBsuIVpeC4Nhx0OjxTtX0Y1TDZtqxFkEeGa,Si,Towe,UROLOGY,DOC-JRK-04263,6,3187944141,286 Reindahl Junction,1287,EUR,http://dummyimage.com/103x100.png/cc0000/ffffff,2025-10-20 21:21:34
mlarkings7z@yandex.ru,$2a$04$sMp1lhIU8CuCLEL8yFK1v.SXl/xHsJOHYo9iH/CAJVMe/.eKr77su,Melany,Larkings,DERMATOLOGY,DOC-MCO-15503,5,1638947968,5 Arizona Lane,925,IDR,http://dummyimage.com/168x100.png/5fa2dd/ffffff,2025-10-20 21:21:34
rellwand80@dailymail.co.uk,$2a$04$RNndPMGyG6TeswWJVsWMuegd5Eaq/fJsVako0EUFou4k5x2xBzKH6,Rockie,Ellwand,SPORTS_MEDICINE,DOC-MZR-36321,23,9242875841,92686 Gale Trail,1714,SEK,http://dummyimage.com/181x100.png/cc0000/ffffff,2025-10-20 21:21:34
cburkin81@quantcast.com,$2a$04$kTt80R4ODqXNaS7RWNp3je0GUhlapiMvFf33dg3u3v06e3OChHK2G,Colene,Burkin,PSYCHIATRY,DOC-MPR-47448,10,7589617763,53701 Merry Alley,1080,IDR,http://dummyimage.com/187x100.png/dddddd/000000,2025-10-20 21:21:34
dwilks82@163.com,$2a$04$vxDr9y1mvNu0fEKQEe8VSew.NBxKC6v9W.KHz7HaSkQEGiv/VBSBu,Dena,Wilks,GYNECOLOGY,DOC-UOO-42017,24,9168764186,2439 Northridge Terrace,1532,IDR,http://dummyimage.com/145x100.png/5fa2dd/ffffff,2025-10-20 21:21:34
ddonne83@webmd.com,$2a$04$sbzI6MR0lhDyi7103UEzketmcnso3BK0yBXzd/NDmfCB7fcD2fZpC,Denis,Donne,CARDIOLOGY,DOC-KLQ-57385,10,9861709335,76966 Rieder Hill,1522,CNY,http://dummyimage.com/101x100.png/5fa2dd/ffffff,2025-10-20 21:21:34
cdurston84@typepad.com,$2a$04$1Kl47ezRiQ.EWbmr7DP44ei630j2FYVSssiQt8I0CP2jNAkQckYgS,Court,Durston,RADIOLOGY,DOC-FYW-23586,25,9947637461,825 Prentice Plaza,1765,ILS,http://dummyimage.com/118x100.png/cc0000/ffffff,2025-10-20 21:21:34
ecornock85@ezinearticles.com,$2a$04$v6GEsKsaOOM0eDTQt3mYu.moQ/YzqWx7V01doAMaxQEX0qD36sPyS,Emanuel,Cornock,PULMONOLOGY,DOC-HSN-94186,9,9265229217,40388 Dapin Center,567,EUR,http://dummyimage.com/238x100.png/ff4444/ffffff,2025-10-20 21:21:34
rbachmann86@drupal.org,$2a$04$l2OP0RCUz7XE4gyPt5QsBur0qnk7EqZ92c1G.XGv0qFeH91djjZi6,Randy,Bachmann,UROLOGY,DOC-LCZ-31676,20,4861169640,21543 Kropf Plaza,1574,EUR,http://dummyimage.com/171x100.png/dddddd/000000,2025-10-20 21:21:34
dmacneely87@bbb.org,$2a$04$uYQROpK2s2DhNz23BmrB.u6ScIIpnRSS4bH.YzV9l0EICTqGe0.76,Dacey,MacNeely,GASTROENTEROLOGY,DOC-VKG-12904,11,4985650378,0 Sheridan Place,902,EUR,http://dummyimage.com/107x100.png/cc0000/ffffff,2025-10-20 21:21:34
gpuddephatt88@desdev.cn,$2a$04$W/.zYDU359DbEnfX.7i1v.7hEkzXsyECStCPt4Fdel24pQpwBXuai,Gloriane,Puddephatt,FAMILY_MEDICINE,DOC-MDO-51145,2,1226115046,5 Eggendart Way,1988,CNY,http://dummyimage.com/228x100.png/ff4444/ffffff,2025-10-20 21:21:34
kanfusso89@comsenz.com,$2a$04$w8WQAWSDi6EgvoQ6t4wROucJLIZooyspzEmSqD8doJHssj3UA7QKW,Katee,Anfusso,PEDIATRICS,DOC-FLN-68535,14,1856488170,846 Bartillon Place,1475,USD,http://dummyimage.com/125x100.png/5fa2dd/ffffff,2025-10-20 21:21:34
rpinn8a@prlog.org,$2a$04$ccJC6CNppY./clX.1RW4BuGpa.A4oeZ3ygymN.y6xUhIopWGZYNCu,Rosalinde,Pinn,IMMUNOLOGY,DOC-JJA-77188,16,4924138351,89206 Arrowood Center,1015,IDR,http://dummyimage.com/204x100.png/dddddd/000000,2025-10-20 21:21:34
fmercik8b@ibm.com,$2a$04$s.JPLvSJowyz6xW39R8YTeJyny4AZ3IWUeeni3PnlOTz0VX.g6XZq,Flss,Mercik,FAMILY_MEDICINE,DOC-UTO-37119,16,2145173685,7 Springs Court,1829,USD,http://dummyimage.com/129x100.png/cc0000/ffffff,2025-10-20 21:21:34
hthurske8c@noaa.gov,$2a$04$0BU3vDNScNxzsJsy3kvASOzTGtgqBdzhGapbKW0XDK7xaSICkHRMe,Hector,Thurske,SPORTS_MEDICINE,DOC-OED-66199,22,6782286034,41 Anthes Avenue,1783,ARS,http://dummyimage.com/187x100.png/cc0000/ffffff,2025-10-20 21:21:34
bnewhouse8d@tripod.com,$2a$04$8S8UarqiGgm8d8taZCy1oOCGbs19M75U8YXMdChrFDrGeHkGx5tbK,Batsheva,Newhouse,PULMONOLOGY,DOC-FTA-95839,5,9762509944,9824 Beilfuss Terrace,1502,IDR,http://dummyimage.com/159x100.png/dddddd/000000,2025-10-20 21:21:34
aganforthe8e@fc2.com,$2a$04$oH1.gtbg5Hnsj4MX7R56muVuX4.avrjxCjgwEMmgTTMGLhQbGtBvm,Alister,Ganforthe,PLASTIC_SURGERY,DOC-NXF-44364,23,3615392532,5532 Lakeland Point,1997,ZAR,http://dummyimage.com/128x100.png/ff4444/ffffff,2025-10-20 21:21:34
edailey8f@stumbleupon.com,$2a$04$yY2x7jbONPmO15Jx7HIcFelQbNuI..AJupnbWiT7voK6bihSxHU42,Enrika,Dailey,RADIOLOGY,DOC-ZZJ-74896,22,8417066084,889 Nelson Pass,1554,CNY,http://dummyimage.com/150x100.png/dddddd/000000,2025-10-20 21:21:34
hcheeney8g@jugem.jp,$2a$04$45IshCC2qklCttF3YvToe./JOslK2aQ6uIHLJo/zrW1vnCeQMGnp6,Heath,Cheeney,ANESTHESIOLOGY,DOC-IRO-12748,5,7134275728,74 Reindahl Plaza,1156,JPY,http://dummyimage.com/157x100.png/dddddd/000000,2025-10-20 21:21:34
ccurson8h@bbc.co.uk,$2a$04$gVZ73.IGWDbYa2v7YFTbBe268n6ZQr8lMUF6BiL.zHFyrvKmFVHM6,Cull,Curson,PLASTIC_SURGERY,DOC-HOI-33494,2,2025037124,3 Oak Street,651,RUB,http://dummyimage.com/185x100.png/dddddd/000000,2025-10-20 21:21:34
rbompass8i@dropbox.com,$2a$04$WutM4EpXU0oYYwKysMhP3ujBgrnfZzaO1aCOiK2lfxB9wdsJ2YskK,Rinaldo,Bompass,PEDIATRICS,DOC-JAI-80520,16,2507105902,4360 Summer Ridge Drive,1060,PEN,http://dummyimage.com/151x100.png/5fa2dd/ffffff,2025-10-20 21:21:34
lbonnell8j@columbia.edu,$2a$04$SfftUCkRpi8j9wsdKzTmA.wwyncR/rOg7sqe4cT6okZLtVqjluYjW,Lisabeth,Bonnell,RADIOLOGY,DOC-LRZ-92197,20,5194815953,345 Mandrake Pass,1293,MAD,http://dummyimage.com/102x100.png/5fa2dd/ffffff,2025-10-20 21:21:34
xdeatta8k@sogou.com,$2a$04$r/LGk5ADtREpr/Ybifx1LOFFoSCVDm0GaI8dIeCcsY9RyvuxPqciK,Xavier,De Atta,PEDIATRICS,DOC-HJG-16221,21,3962060834,258 6th Hill,503,PAB,http://dummyimage.com/108x100.png/dddddd/000000,2025-10-20 21:21:34
hsekulla8l@cargocollective.com,$2a$04$WpwyVXt6AK14gH9NcbdiverEDqyWcvHVWzah5OPQxbutlW6o3mhHC,Hale,Sekulla,GENERAL_SURGERY,DOC-DIP-32694,18,9045711958,556 Mariners Cove Pass,593,CNY,http://dummyimage.com/235x100.png/cc0000/ffffff,2025-10-20 21:21:34
apotteridge8m@cam.ac.uk,$2a$04$CZv2OwpFftzrSTiESvq/FelFZuCNOkL0TTWvkEAnk4EkASsyvHbiq,Aleta,Potteridge,ENDOCRINOLOGY,DOC-BSH-92704,18,3259126213,7 Harper Street,700,CAD,http://dummyimage.com/227x100.png/5fa2dd/ffffff,2025-10-20 21:21:34
codevey8n@digg.com,$2a$04$HbcHgi.d3.Vs1wGW.Oh0Nu7iqt.1WaliMKcpgY7jscFEq9bj.yLkm,Carl,O'Devey,CARDIOLOGY,DOC-JLS-36145,7,5249852269,18869 Toban Junction,1522,RUB,http://dummyimage.com/181x100.png/5fa2dd/ffffff,2025-10-20 21:21:34
bstoke8o@pagesperso-orange.fr,$2a$04$VH7lNCYc9UFqxR.SD2YIdOBIdf5i668M2NUtAi7z7Od1C2XRYxAp6,Blanca,Stoke,GENERAL_SURGERY,DOC-SLJ-83008,14,3888666902,97525 Northfield Pass,1698,RSD,http://dummyimage.com/208x100.png/dddddd/000000,2025-10-20 21:21:34
lleirmonth8p@yandex.ru,$2a$04$vHv06FB1tvGjdFk3gWZBC.zyg1mbC5x7T6zNDSNoN2vI3GvGofuxu,Lukas,Leirmonth,RHEUMATOLOGY,DOC-XZE-98679,19,9011039228,91969 Troy Circle,1243,BDT,http://dummyimage.com/167x100.png/dddddd/000000,2025-10-20 21:21:34
swoolens8q@so-net.ne.jp,$2a$04$Gt70SZnyyGNqhWtCcgHCh.ora251e8BscRhtFdTU3gYsmuT32L5o.,Smitty,Woolens,EMERGENCY_MEDICINE,DOC-XPU-90347,14,1705793395,0 Boyd Alley,839,EUR,http://dummyimage.com/133x100.png/cc0000/ffffff,2025-10-20 21:21:34
rheineking8r@si.edu,$2a$04$AtltJO2AJf/aofA5oQVWx.Gsy7TgVNcx/SmX.CMNK0Iyz4EZLgrwe,Robinett,Heineking,ANESTHESIOLOGY,DOC-TBL-55065,1,9089193233,42 Lunder Place,1628,EUR,http://dummyimage.com/158x100.png/dddddd/000000,2025-10-20 21:21:34
vlyal8s@pinterest.com,$2a$04$pWglSz6AjJsDPhyyuYW84Od/RZQi.DGDQqDZyGLLRjDpXh8t2rFkm,Velvet,Lyal,RHEUMATOLOGY,DOC-TZZ-83492,22,6472791543,39 Armistice Parkway,746,MYR,http://dummyimage.com/189x100.png/cc0000/ffffff,2025-10-20 21:21:34
cstagg8t@netscape.com,$2a$04$/zwBjrFFpSSYreBfkyt31ugTP5zojU5OO1bkC57GEI8/n7ZNdAEJ2,Corbin,Stagg,SPORTS_MEDICINE,DOC-EHV-28929,24,1879023936,4 Mallory Street,1998,GTQ,http://dummyimage.com/196x100.png/cc0000/ffffff,2025-10-20 21:21:34
rsteddall8u@pagesperso-orange.fr,$2a$04$k26YuMu25AREz2VNHbk7Q.cUlGqxgL3zmz1vZjEZrV2X/ruCYwpPe,Robinia,Steddall,GYNECOLOGY,DOC-ETQ-37035,4,3469253949,28463 Maple Road,656,IRR,http://dummyimage.com/227x100.png/5fa2dd/ffffff,2025-10-20 21:21:34
ytellenbrook8v@amazon.de,$2a$04$.mam8dPZhrotj.302J8CCeocG71rFAqPBM8hxiXcOxkvTHmUQ0nQ2,Yorke,Tellenbrook,ENDOCRINOLOGY,DOC-RIF-97162,7,6921902142,782 Independence Plaza,748,PHP,http://dummyimage.com/109x100.png/cc0000/ffffff,2025-10-20 21:21:34
jcastelin8w@desdev.cn,$2a$04$ilVcXqb1RZyl/lnevih19eXdL3Caf9WfHcize/2tu9uasvyGy8bfe,Jaquelin,Castelin,INTERNAL_MEDICINE,DOC-GGX-75355,19,9617463294,3 Basil Way,698,EUR,http://dummyimage.com/222x100.png/cc0000/ffffff,2025-10-20 21:21:34
vdarridon8x@ebay.co.uk,$2a$04$dfl1SNxiV3xOzJ9qrWYDXOe0cP09hf09dh/mZ8NMnj7JDABu31Szi,Verla,Darridon,SPORTS_MEDICINE,DOC-OFG-24419,16,8562563182,9 Northwestern Terrace,598,HKD,http://dummyimage.com/107x100.png/cc0000/ffffff,2025-10-20 21:21:34
gspendlove8y@wisc.edu,$2a$04$UhtRzF7ne2KxdOdxeXPhvuDXf7KPN6tnc6msteZiMjCvlatg8eQNO,Gasper,Spendlove,GASTROENTEROLOGY,DOC-RDB-74720,6,1785854949,7149 Chive Center,947,BRL,http://dummyimage.com/143x100.png/cc0000/ffffff,2025-10-20 21:21:34
kparrin8z@hao123.com,$2a$04$QenunP9Hg6G8B78kCFfQyOfXRuzSsihXP8MM2ScsrT0SpDxOlhPFO,Kimmy,Parrin,FAMILY_MEDICINE,DOC-JEP-48965,25,1324220739,04 Tony Lane,1709,CNY,http://dummyimage.com/219x100.png/dddddd/000000,2025-10-20 21:21:34
sfern90@hatena.ne.jp,$2a$04$6UnU2u2v0mZknBsbcmtVN.6YFyXYKNRHIWGAVPnaZar8uRfnnylPe,Stephani,Fern,INFECTIOUS_DISEASE,DOC-BUO-54194,13,2519447119,71689 Alpine Way,1447,CNY,http://dummyimage.com/123x100.png/5fa2dd/ffffff,2025-10-20 21:21:34
mreddington91@google.com.au,$2a$04$rSSRHThEh9bgfcTY0qq0leE2YS3rfRyuIIYDMryzJf9JvcbDcLYk6,Matthiew,Reddington,EMERGENCY_MEDICINE,DOC-OJQ-78991,24,9029731446,68255 Oneill Lane,1669,PHP,http://dummyimage.com/113x100.png/cc0000/ffffff,2025-10-20 21:21:34
tyea92@tmall.com,$2a$04$EsToLcN86kn55bGmhdjfL.eejiMpQ8RR8szbw.udRWdB25OE/koWi,Tannie,Yea,IMMUNOLOGY,DOC-QZL-51808,12,2216597193,7 Eastlawn Hill,1195,IDR,http://dummyimage.com/164x100.png/ff4444/ffffff,2025-10-20 21:21:34
rhurlin93@elpais.com,$2a$04$SrF94BFPKm4nYivtZUSyRuw9HN2gx8iWUEuaQGO77JzzpQpSiddBa,Ritchie,Hurlin,CARDIOLOGY,DOC-VSP-93941,10,3027367660,289 Northridge Park,1991,EUR,http://dummyimage.com/128x100.png/dddddd/000000,2025-10-20 21:21:34
ggurdon94@who.int,$2a$04$QmP8wwRLaLt.88Qrl1uNUeAL0geRPeNCqUnAyRvXO7hk/eAqXzkKy,Giralda,Gurdon,PSYCHIATRY,DOC-ZLC-63965,19,1751534774,76726 Division Avenue,922,CNY,http://dummyimage.com/182x100.png/ff4444/ffffff,2025-10-20 21:21:34
mtreweke95@comcast.net,$2a$04$AHKMjRud/0LOp./O5fY2o.F3Ph.TYET82sV21WgB2qZ8iy5ydCOIC,Mellie,Treweke,GENERAL_SURGERY,DOC-MLG-01622,4,2195180839,3 Scoville Alley,1050,CLP,http://dummyimage.com/123x100.png/dddddd/000000,2025-10-20 21:21:34
apavkovic96@blog.com,$2a$04$tr0P47NV/3FjajsFw8ptC.qmIXR8Kz0.OtvqBI0rxu.sq4Zc9KewC,Abbott,Pavkovic,IMMUNOLOGY,DOC-IHH-52937,10,7784697234,5362 Green Ridge Trail,945,VEF,http://dummyimage.com/114x100.png/cc0000/ffffff,2025-10-20 21:21:34
gokielt97@ft.com,$2a$04$HvZ8uAEczV8cKXw9CiwmJuSR9t7MERI8iw38eazp443nvzFpW7fuy,Guillermo,O'Kielt,PEDIATRICS,DOC-RBD-36659,10,9129923738,59 Cardinal Alley,1341,SYP,http://dummyimage.com/113x100.png/dddddd/000000,2025-10-20 21:21:34
ncuree98@technorati.com,$2a$04$HN6WlynusR37RkQBOMM8yuAD/8xbOeJHUvnUNRzroxATbB6PybDlS,Nolana,Curee,HEMATOLOGY,DOC-ZUR-49335,16,7617467823,55048 Canary Point,1825,UAH,http://dummyimage.com/120x100.png/ff4444/ffffff,2025-10-20 21:21:34
xmincini99@wordpress.org,$2a$04$tCPSzeC1mN6GPou4zUCQHOTLf2q/XwnA/ysS0oyIBTweAb3ggJKo.,Xaviera,Mincini,ORTHOPEDICS,DOC-JNI-67447,8,3164390410,0 Welch Terrace,741,PLN,http://dummyimage.com/121x100.png/5fa2dd/ffffff,2025-10-20 21:21:34
sgoodenough9a@cargocollective.com,$2a$04$jefzqQkVXL9YmelXhdIDOunCMiQgnFmXrIw87mnRTdeaBjgkKJhIS,Sherrie,Goodenough,DERMATOLOGY,DOC-CHI-78864,16,3608152958,675 Pankratz Plaza,1640,BRL,http://dummyimage.com/228x100.png/dddddd/000000,2025-10-20 21:21:34
bwhiteway9b@naver.com,$2a$04$fdAqYmNLz2U8EkaPXT1.ceQDtpBHxCrgtwsm41Ukb2y9cFzoeV/x.,Brenna,Whiteway,ENDOCRINOLOGY,DOC-ZXV-21722,23,6737656980,474 Armistice Avenue,728,NGN,http://dummyimage.com/130x100.png/dddddd/000000,2025-10-20 21:21:34
lsimionescu9c@microsoft.com,$2a$04$bzl06JuibRb2r4u4yKxJOedqweSZp2zgbQ1/ffrGutB8CSaq9ewjK,Lettie,Simionescu,PLASTIC_SURGERY,DOC-PCX-59835,6,1605676683,24 Stone Corner Place,1609,IRR,http://dummyimage.com/154x100.png/ff4444/ffffff,2025-10-20 21:21:34
cburdoun9d@yellowbook.com,$2a$04$mpqL4iZnQBYtH0WYALm12eFbGny/Ct0tXoL2Wy2GU0jY5e5Po5aZG,Cordie,Burdoun,CARDIOLOGY,DOC-OOY-87105,23,9299848741,642 Di Loreto Trail,993,KZT,http://dummyimage.com/237x100.png/ff4444/ffffff,2025-10-20 21:21:34
hkenny9e@reddit.com,$2a$04$D69oAIiIBosXjPC5.JCpY.YZVC.46k1cRqH8AwYLvbBfuTKHKkQI2,Hestia,Kenny,PSYCHIATRY,DOC-KUL-41534,7,7365727555,0449 Pepper Wood Street,1399,THB,http://dummyimage.com/102x100.png/cc0000/ffffff,2025-10-20 21:21:34
mgosden9f@vkontakte.ru,$2a$04$lVBbVhsyZsQ0J4.dSep49e9caty4SHB2XRhg6.S8dA3NSdjUpX1e6,Mason,Gosden,PEDIATRICS,DOC-NCQ-19055,16,7446094676,7495 Birchwood Place,1869,IDR,http://dummyimage.com/212x100.png/cc0000/ffffff,2025-10-20 21:21:34
ieisig9g@pagesperso-orange.fr,$2a$04$bFTpNATdPupp.5T5.z94POhcD9d6yEls5JEub.fVQmn5qj0G6m4QK,Isahella,Eisig,PLASTIC_SURGERY,DOC-GIM-02665,10,4829739857,29 Shelley Hill,658,CNY,http://dummyimage.com/217x100.png/dddddd/000000,2025-10-20 21:21:34
rosmint9h@noaa.gov,$2a$04$0IEbZX58C1XVlcNvraaz7eKmCRtWLZ9hXTzudVZZxlyIPbqGfztEO,Regan,Osmint,SPORTS_MEDICINE,DOC-CWW-68104,22,9305888448,56 Brentwood Center,794,DOP,http://dummyimage.com/233x100.png/cc0000/ffffff,2025-10-20 21:21:34
escourgie9i@noaa.gov,$2a$04$caRX/E8LUzBw.wYhT0rSLOT5I2VNezWVVM3EwSeYdDv66mqbAyDIi,Emanuele,Scourgie,HEMATOLOGY,DOC-YMR-11396,23,1103435250,0 Bluestem Trail,647,CNY,http://dummyimage.com/156x100.png/ff4444/ffffff,2025-10-20 21:21:34
acowderoy9j@eventbrite.com,$2a$04$0swCXYLCOqaPk/pDo5zEdOXXmeGbiGNQXem7sXyWsEngQ8oPzeQRi,Arabele,Cowderoy,PEDIATRICS,DOC-ZHA-46318,22,4192337051,437 Grayhawk Way,1356,GBP,http://dummyimage.com/132x100.png/cc0000/ffffff,2025-10-20 21:21:34
rduker9k@pcworld.com,$2a$04$K4vM4CwacK7QodcwA5RK0ORNyq7xJXLNqPuwGigxyhVNwNQXwtebG,Rosy,Duker,INTERNAL_MEDICINE,DOC-PIF-41662,2,8514948689,0 Victoria Alley,1381,HNL,http://dummyimage.com/219x100.png/5fa2dd/ffffff,2025-10-20 21:21:34
gmacmoyer9l@example.com,$2a$04$b8dSrlGnf3Ua5HosE3mglux1QU4nPQpWd0WBTMW/voh7sQ0ZjCVZS,Gabbie,MacMoyer,INTERNAL_MEDICINE,DOC-WFI-31747,18,4412669378,55 Bay Junction,884,RUB,http://dummyimage.com/244x100.png/cc0000/ffffff,2025-10-20 21:21:34
tclemenzo9m@chicagotribune.com,$2a$04$RE6Kfb3lJMcC4BibN9GxWu9GrSkGF.GLQtaiPpmzio8OrDdr7ShRO,Teri,Clemenzo,RADIOLOGY,DOC-XBX-98296,11,7298826032,79 Bellgrove Way,1814,IRR,http://dummyimage.com/187x100.png/dddddd/000000,2025-10-20 21:21:34
tbelone9n@netscape.com,$2a$04$WASm4CXbI7Mv3pQi/K33TeslfBKqQa6olVFpJruLtXaH4F0UPGmAm,Tiffi,Belone,GYNECOLOGY,DOC-DCN-48902,21,5727675327,37 Homewood Way,1407,CNY,http://dummyimage.com/193x100.png/ff4444/ffffff,2025-10-20 21:21:34
tdanbury9o@macromedia.com,$2a$04$DwRNZ/A1DFwPY9..3SfATuGPiaBbpXnxAJBRr.XnNVwZnIx4OeCEK,Tracy,Danbury,DENTISTRY,DOC-XIQ-31322,25,9794645434,9685 Mcguire Crossing,695,JMD,http://dummyimage.com/111x100.png/cc0000/ffffff,2025-10-20 21:21:34
mgierek9p@seesaa.net,$2a$04$Uf2i0ZEYUtYJy6cti37Z3O6IawYNvhuY7.xaTvTqMEXudaeoL34se,Maris,Gierek,FAMILY_MEDICINE,DOC-LGU-28674,10,3617497764,49882 Hallows Court,814,CNY,http://dummyimage.com/209x100.png/dddddd/000000,2025-10-20 21:21:34
rmardell9q@ning.com,$2a$04$BG80T4UkEyvZDT/hjBkkl.uALU8ishPUL0XPwnW1gKQ8NqdiKLnni,Renault,Mardell,PULMONOLOGY,DOC-DJE-90922,20,6162909551,436 Farragut Avenue,913,EUR,http://dummyimage.com/131x100.png/cc0000/ffffff,2025-10-20 21:21:34
dbhar9r@mashable.com,$2a$04$Z82DCSNIwgEaP0M.dGOE0uJavulgAzO1pa2VetZI2tkvSIQIbf4AW,Donaugh,Bhar,FAMILY_MEDICINE,DOC-FHC-65331,17,8946037331,569 Ruskin Alley,1594,ZAR,http://dummyimage.com/107x100.png/5fa2dd/ffffff,2025-10-20 21:21:34
lburnsall9s@netscape.com,$2a$04$.ED68gPHDHvoSR9Kr2dnyeyP7komwXUIYqdPIUNhes7TPoi471dE.,Lannie,Burnsall,RHEUMATOLOGY,DOC-RRP-82837,20,6158776484,6 Anzinger Pass,1379,JPY,http://dummyimage.com/190x100.png/cc0000/ffffff,2025-10-20 21:21:34
bdevanney9t@nps.gov,$2a$04$ZqoCtwKjE5xbCBBl3YjtcOFQLhS2W9XNTBHQZwh3fNCgVNhr3vYAC,Berne,Devanney,DENTISTRY,DOC-CDZ-46600,22,9097098952,64376 Northview Pass,705,CNY,http://dummyimage.com/214x100.png/5fa2dd/ffffff,2025-10-20 21:21:34
epilgrim9u@bbb.org,$2a$04$YrjjDfGf5COOG3Yb12Jcu./mHWSNj4iExf1NcyYJWz8UmY437KNWq,Eldon,Pilgrim,FAMILY_MEDICINE,DOC-LRT-08463,1,1485730771,94 Steensland Trail,1741,EUR,http://dummyimage.com/105x100.png/ff4444/ffffff,2025-10-20 21:21:34
hfarnes9v@nsw.gov.au,$2a$04$Lde9sJbMUhW7JA.HyacELO3WhT1XhygA773lEN4sdeqh5j38A.K6y,Herby,Farnes,ENDOCRINOLOGY,DOC-MQH-75178,5,5647471309,8 Mesta Alley,1880,EUR,http://dummyimage.com/174x100.png/5fa2dd/ffffff,2025-10-20 21:21:34
gblaxlande9w@hc360.com,$2a$04$DpuTe4.UtCbOfpAEFNc/ZuG4oC8eRzIxG.NTodO273mu9X8ztq/56,Gilburt,Blaxlande,ANESTHESIOLOGY,DOC-EYA-48626,11,4104566086,25332 Golf Course Plaza,837,VND,http://dummyimage.com/249x100.png/dddddd/000000,2025-10-20 21:21:34
wdaleman9x@sakura.ne.jp,$2a$04$9p8j.Y5xtY5Q2nKEb29F.uC27EcX4W06lA/hiZY4cWj/PHvmoVKPu,Willie,Daleman,FAMILY_MEDICINE,DOC-ZGR-94405,19,3736050171,27291 Dwight Road,1093,EUR,http://dummyimage.com/244x100.png/cc0000/ffffff,2025-10-20 21:21:34
cwhale9y@opensource.org,$2a$04$804PrEyvorBOGpY4n7/oL.kTMogmXR2StjP/3XVdQ4A71rxTzamlG,Cherish,Whale,SPORTS_MEDICINE,DOC-FVU-27793,10,5837494247,08273 Ludington Place,720,RUB,http://dummyimage.com/204x100.png/ff4444/ffffff,2025-10-20 21:21:34
ofindley9z@washingtonpost.com,$2a$04$UVWDCn0Mph3AKMvZCw6H4.sUWzT6h/i2iABa8RhCkdry5jVCxqcaW,Olav,Findley,INFECTIOUS_DISEASE,DOC-OOS-37935,9,1038056544,48909 Clemons Trail,992,CNY,http://dummyimage.com/231x100.png/cc0000/ffffff,2025-10-20 21:21:34
wbroggellia0@shinystat.com,$2a$04$4utx5VuN8FI34JtjSOXta.ISpfQ4vlYlidubzQLKd1wLLL9P4R2pu,Winni,Broggelli,NEUROLOGY,DOC-SCW-78523,24,3741482567,5075 Aberg Lane,801,IDR,http://dummyimage.com/239x100.png/cc0000/ffffff,2025-10-20 21:21:34
lpetruka1@w3.org,$2a$04$SL/ro8QuzNijU3b2BRpLse0CCzg7oD1fEN4/My1xUfvY8Y1k3cuQy,Loretta,Petruk,SPORTS_MEDICINE,DOC-YFC-10333,19,1719425882,542 Lakeland Circle,1372,JPY,http://dummyimage.com/117x100.png/cc0000/ffffff,2025-10-20 21:21:34
kjaffraya2@nih.gov,$2a$04$YPSp9fxXdSF72zpv5n0WkOql95714Y4J/ZKCMXd4PI7eweiqLLmfa,Kelley,Jaffray,GASTROENTEROLOGY,DOC-XNV-11767,19,1099145041,8984 Novick Circle,1068,HUF,http://dummyimage.com/182x100.png/cc0000/ffffff,2025-10-20 21:21:34
cmatzaitisa3@blogger.com,$2a$04$KR57fchvzdPNn3vvxMX3mOY8ZLRAyYCVym7q8py.1b8xGQ0/Pq72O,Clarine,Matzaitis,PEDIATRICS,DOC-CGQ-76377,12,9889869352,36 Warbler Circle,1148,LKR,http://dummyimage.com/143x100.png/5fa2dd/ffffff,2025-10-20 21:21:34
dmonktona4@gov.uk,$2a$04$rbrh5UxQFySHSQIan9KurOih5ZcQ6BNJYRyjn660mm1euSlEIj9jS,Denny,Monkton,OPHTHALMOLOGY,DOC-HNC-70437,14,6821971786,962 Superior Road,1841,KRW,http://dummyimage.com/122x100.png/dddddd/000000,2025-10-20 21:21:34
bmaclachlana5@livejournal.com,$2a$04$F.Poz5/bm/0RmzGj5zjNCOAfrjmAOMV8ej2tEkweW.IuU9guhFAmS,Bell,MacLachlan,PSYCHIATRY,DOC-ELF-68275,13,7586063028,21 Summerview Hill,986,IDR,http://dummyimage.com/245x100.png/cc0000/ffffff,2025-10-20 21:21:34
dmccarrisona6@google.cn,$2a$04$Oc9lRgGRCfW7cqMg80yJCeQq3NBE2TxfwIafO3gQP0CbhoZaddl76,Deck,McCarrison,UROLOGY,DOC-GQE-11119,4,4883241114,377 Park Meadow Circle,1145,CNY,http://dummyimage.com/189x100.png/5fa2dd/ffffff,2025-10-20 21:21:34
dborghesea7@spotify.com,$2a$04$k7Rbb69fxkUTpjEwMQYjK.EhcGWrAfdRSp/6psUPoJuNrJqQL2yCW,Darci,Borghese,PEDIATRICS,DOC-JEY-03965,22,5932849415,13 Buena Vista Pass,1591,RUB,http://dummyimage.com/229x100.png/ff4444/ffffff,2025-10-20 21:21:34
cdrewella8@va.gov,$2a$04$1EQ.M7XQaGfSJ7.g1jzc/u.fZNXuPgVLf41CiLeYr/1x5uHEzTmuq,Cherice,Drewell,HEMATOLOGY,DOC-KZU-49944,22,1693412614,072 Del Sol Court,1658,RUB,http://dummyimage.com/242x100.png/5fa2dd/ffffff,2025-10-20 21:21:34
dszepea9@ted.com,$2a$04$T08QYHvQRIhubwtIa8QXPuTnfaRZx6.LGgL.3922i0NkA24VvAnKC,Domenic,Szepe,INFECTIOUS_DISEASE,DOC-PNS-65710,9,4293478300,959 Maywood Pass,1497,CNY,http://dummyimage.com/195x100.png/5fa2dd/ffffff,2025-10-20 21:21:34
tkornalikaa@altervista.org,$2a$04$7yEGPq11tzLWAjT8oTKUm.aiDOwVqAmxOoGWV1WUp7xg93qBBsigW,Tamar,Kornalik,ANESTHESIOLOGY,DOC-WDI-76463,15,7816929823,32313 Clyde Gallagher Park,1869,MXN,http://dummyimage.com/235x100.png/ff4444/ffffff,2025-10-20 21:21:34
singlesantab@cmu.edu,$2a$04$pRIi3BAgxdJWR2LE79.oFOPCnFuCyEppjQ3hc/7xZAocsjmn0aiUW,Sharai,Inglesant,ENDOCRINOLOGY,DOC-UAM-91033,20,4627459891,533 Buell Place,928,PHP,http://dummyimage.com/169x100.png/5fa2dd/ffffff,2025-10-20 21:21:34
vriddallac@examiner.com,$2a$04$V50Eon9x5HQ0ad78RN3R..D6r7L8HFDHsrCyDfLLXb7zZS3VC/rxm,Vladimir,Riddall,ONCOLOGY,DOC-OHO-97368,21,4078717345,767 Dawn Street,872,RUB,http://dummyimage.com/203x100.png/5fa2dd/ffffff,2025-10-20 21:21:34
bprantoniad@prlog.org,$2a$04$Dl/9bGXj/XfoPKyYScaMheU1shYohtycgW90ZJl.SuFUQIi.bPA4y,Bobby,Prantoni,PSYCHIATRY,DOC-PFK-29533,9,9676759961,46389 Luster Crossing,817,MUR,http://dummyimage.com/247x100.png/dddddd/000000,2025-10-20 21:21:34
gyallopae@apache.org,$2a$04$VBN5AOYNKaI3jWMA.PSUeevyeMaZXKXQan86qHJtfgzxqqGirZws6,Grier,Yallop,INFECTIOUS_DISEASE,DOC-URT-62814,24,2726996206,05383 Talmadge Park,996,CNY,http://dummyimage.com/192x100.png/dddddd/000000,2025-10-20 21:21:34
fpibornaf@indiatimes.com,$2a$04$GOCycpURKsQKZzfmGBzuPuGEsMsM9EoCW2D8p2y/7.uoNjJM.qCSO,Fancy,Piborn,PEDIATRICS,DOC-JFK-61313,4,5882363872,93809 Ramsey Circle,691,ALL,http://dummyimage.com/159x100.png/5fa2dd/ffffff,2025-10-20 21:21:34
mgavriellyag@ebay.co.uk,$2a$04$QJz1DhkMCzVfDGgxVXfw3O6.DOu9nQbTaSamzk/UQ.6xsn4Zn7B2C,Mariska,Gavrielly,ORTHOPEDICS,DOC-JBP-23882,12,8417740341,40046 Bartillon Parkway,1695,RUB,http://dummyimage.com/186x100.png/dddddd/000000,2025-10-20 21:21:34
bromeah@auda.org.au,$2a$04$FMwbDaVeHVokZkCPlU7miebcquwZnibgMn0UKYxrqcFySUXifVxli,Babita,Rome,FAMILY_MEDICINE,DOC-RFG-97395,8,7205949911,26 Novick Way,1054,RUB,http://dummyimage.com/122x100.png/dddddd/000000,2025-10-20 21:21:34
plossmanai@vimeo.com,$2a$04$Kz7bVvUryBKBxhD41vrqPuLoxPWARmoqU7Fwyu/2GL1tRgyqcTOzG,Pamela,Lossman,UROLOGY,DOC-BUC-82553,9,3604409921,3322 Stang Parkway,1272,BRL,http://dummyimage.com/180x100.png/dddddd/000000,2025-10-20 21:21:34
dsalsbergaj@weibo.com,$2a$04$QlZN1jd2nBS1UCohX33L.OYZ9kfpB7UnuIi4jg1gDrMi5f/HND5Bq,Dorella,Salsberg,SPORTS_MEDICINE,DOC-HGI-20251,4,6635671960,18 Pawling Junction,1274,HUF,http://dummyimage.com/237x100.png/cc0000/ffffff,2025-10-20 21:21:34
cquintonak@geocities.com,$2a$04$t5QtCtnR28mv4pQ9DF.KkuW1g3kuoZo4D4QK2p7ykrdHKA.R1IO9i,Carley,Quinton,ENDOCRINOLOGY,DOC-MGE-61877,9,6465007959,738 Di Loreto Circle,1406,CNY,http://dummyimage.com/193x100.png/5fa2dd/ffffff,2025-10-20 21:21:34
bdorsettal@nasa.gov,$2a$04$LqFSXLdaKsruJx1aJ61cV.UpVmIXB.YLti4sqJK60ai1VHkebX2Iq,Bancroft,Dorsett,FAMILY_MEDICINE,DOC-OPP-28338,25,4048789146,8867 Emmet Plaza,1749,USD,http://dummyimage.com/110x100.png/ff4444/ffffff,2025-10-20 21:21:34
framstedam@wikispaces.com,$2a$04$GAad0n2oCFpOVqsy59h.U.MzfG5iM9qp16iG0QU4OoE7rIQVZsGeO,Friederike,Ramsted,HEMATOLOGY,DOC-MOF-32524,10,8908533251,3 Warrior Terrace,856,PHP,http://dummyimage.com/174x100.png/cc0000/ffffff,2025-10-20 21:21:34
kmegarrellan@ucsd.edu,$2a$04$Rx4NmNLthmyDSDa1JtVdcuGEOcKPRGwSvqF/IyxBOJMpB3wmJlZTy,Kameko,Megarrell,ENDOCRINOLOGY,DOC-JWK-81128,5,9482767165,1080 Texas Court,1386,BRL,http://dummyimage.com/248x100.png/ff4444/ffffff,2025-10-20 21:21:34
dhalwardao@123-reg.co.uk,$2a$04$ySqjPog03DbETTcPIAHkH.aw0sJFM8wEiHX4PGcwFLnWIagCPhOqG,Dorthea,Halward,HEMATOLOGY,DOC-KUI-01293,17,2874682746,9 Nevada Court,1023,SEK,http://dummyimage.com/116x100.png/ff4444/ffffff,2025-10-20 21:21:34
cpiolaap@google.pl,$2a$04$SDWY7OwQy.5ZZz6fyh43wOPnZEhHWMz1qX6nAqtKWBR.a/z65YbSG,Courtenay,Piola,ENT,DOC-ZCP-08132,5,3719513067,605 Arrowood Parkway,1951,SEK,http://dummyimage.com/179x100.png/5fa2dd/ffffff,2025-10-20 21:21:34
rgooddayaq@bigcartel.com,$2a$04$k9hSn188rpPH0ls2I2Ek8uqXfRqE.5/rnXdrliMqZQ5m5grLOnAcu,Roshelle,Goodday,ENT,DOC-MDI-37381,8,9036328244,841 Artisan Hill,1875,USD,http://dummyimage.com/192x100.png/cc0000/ffffff,2025-10-20 21:21:34
vlidingtonar@barnesandnoble.com,$2a$04$/5ZejZ7xvXn6p8.IW4dBYukriw8jrVKZCN/pNc9fcan9XNf4WQ9I2,Vanni,Lidington,DENTISTRY,DOC-AMV-61634,7,3194839861,65571 Saint Paul Hill,882,MXN,http://dummyimage.com/151x100.png/cc0000/ffffff,2025-10-20 21:21:34
ecaplisas@usgs.gov,$2a$04$8kpHpaBp8mEKaXJokiSYh.AJXuMZ3BU.B9aGRMRosXGCoIDW5agFm,Egan,Caplis,CARDIOLOGY,DOC-KLA-24728,23,4796887046,1 Northland Crossing,515,CNY,http://dummyimage.com/239x100.png/cc0000/ffffff,2025-10-20 21:21:34
hwildingat@google.com.br,$2a$04$lU7pNkaO/Rt.D7bNmObD.u3.MGJ6FvY45ZFOEDd7XWC1i31SuB59K,Harley,Wilding,ENDOCRINOLOGY,DOC-ZFD-70859,6,6594822625,14 Welch Pass,715,THB,http://dummyimage.com/204x100.png/ff4444/ffffff,2025-10-20 21:21:34
mmonkleyau@lycos.com,$2a$04$95jTLnF/8wUdz6/3k4jH/OJhsKsw3SfM4B.r1CWgAcnu9dpnE3LMm,Mickie,Monkley,IMMUNOLOGY,DOC-EXV-91190,8,1096619383,83484 Burning Wood Park,1250,PHP,http://dummyimage.com/236x100.png/dddddd/000000,2025-10-20 21:21:34
kmacgruerav@barnesandnoble.com,$2a$04$cD9kVA5DJnCpEcI.XoUnmO4oAFZ0XfcszqgUfnLAaC5aeQKTSose.,Killie,MacGruer,HEMATOLOGY,DOC-TYK-43838,21,1844436658,04 Dunning Hill,1975,HRK,http://dummyimage.com/183x100.png/5fa2dd/ffffff,2025-10-20 21:21:34
mhullinaw@cbsnews.com,$2a$04$KmqUucphdMpAiYnteyqS0uUxaRzAp.qWzF6GTB0GLMoADaJjl11Gm,Miguel,Hullin,RHEUMATOLOGY,DOC-WXA-02951,14,7816429036,603 Independence Drive,951,IDR,http://dummyimage.com/178x100.png/5fa2dd/ffffff,2025-10-20 21:21:34
jgerwoodax@hexun.com,$2a$04$tCWYJ7ZPTG7jb45mSe6KveslI0OjH6P8n7atKVNgI8QVgHr.YWb6u,Jay,Gerwood,ONCOLOGY,DOC-GKP-12413,5,7229250653,910 Linden Place,982,IDR,http://dummyimage.com/160x100.png/cc0000/ffffff,2025-10-20 21:21:34
mcreenanay@desdev.cn,$2a$04$Um/NjWIApAaAuo87JjptV.UHss4a/jaKU.zfms46Uvrn6ppnh7NTW,Minna,Creenan,SPORTS_MEDICINE,DOC-SID-19151,16,1716063471,8158 Florence Alley,1655,RUB,http://dummyimage.com/220x100.png/ff4444/ffffff,2025-10-20 21:21:34
scowndleyaz@google.fr,$2a$04$d35gdW53l6YOdp7DwY57i.N4IkSgXFM3AeRfLdBCEEm79G2W4fBrC,Shanda,Cowndley,PSYCHIATRY,DOC-SDH-47196,8,6787874715,7662 Warbler Road,1119,RUB,http://dummyimage.com/250x100.png/cc0000/ffffff,2025-10-20 21:21:34
mselborneb0@wsj.com,$2a$04$uba3jpbSKM9SenSt./UDDO2LQsWM/Sqem1nAsgcgc9QP8OOQRhTNG,Michaella,Selborne,PLASTIC_SURGERY,DOC-GWX-79371,18,7311041573,3 7th Point,889,EUR,http://dummyimage.com/158x100.png/cc0000/ffffff,2025-10-20 21:21:34
twhitelyb1@aboutads.info,$2a$04$eDa3rtlhXBNFJZeREY3vAe11SVi3XCc0pW/yDH89LKb2C44Nr4piy,Toddy,Whitely,NEPHROLOGY,DOC-ACQ-40496,20,6476040716,4 International Court,1259,IDR,http://dummyimage.com/230x100.png/cc0000/ffffff,2025-10-20 21:21:34
mcullyb2@pinterest.com,$2a$04$r9MxjVdwBGyrjaVh8Oa6SeSdsx6XcwJVXNiEiqXyYSWEx8CdZS9Xe,Maxy,Cully,PLASTIC_SURGERY,DOC-KBG-61289,12,3269204702,92120 Eastwood Place,1748,HRK,http://dummyimage.com/195x100.png/dddddd/000000,2025-10-20 21:21:34
csheirlawb3@github.com,$2a$04$MzeWP1eDByquwmIzhetCkOQx089IIlcL7FO3WVFp8np6CY.Ey6xDe,Christoph,Sheirlaw,INTERNAL_MEDICINE,DOC-ZTS-17073,16,4553413314,36992 Hudson Park,1415,PEN,http://dummyimage.com/238x100.png/cc0000/ffffff,2025-10-20 21:21:34
schokeb4@liveinternet.ru,$2a$04$FHw6Bj8oi41CcOB4WeKxPe1A.T9RaeOu6X8wH0Zld/VoLntjWFH.i,Serge,Choke,DENTISTRY,DOC-UIK-44937,11,7824490918,0 Clemons Court,1889,IDR,http://dummyimage.com/166x100.png/ff4444/ffffff,2025-10-20 21:21:34
mjoplinb5@jiathis.com,$2a$04$ZLSepB8T3Da.edfFcWyQlu.AwcYL0L7BZB5/cweUHjahzA0htOqO6,Mordy,Joplin,GASTROENTEROLOGY,DOC-EKE-31028,7,5549860485,34 Paget Court,1997,COP,http://dummyimage.com/141x100.png/ff4444/ffffff,2025-10-20 21:21:34
wbaudetb6@stumbleupon.com,$2a$04$0GXcFTDF3P0GPLb71J4GZutHBa6bj0vPvpSpwbWMCxJUsFn9mxxYC,Wenona,Baudet,ENDOCRINOLOGY,DOC-DDP-44680,10,3172257739,29177 Birchwood Park,1472,JPY,http://dummyimage.com/241x100.png/ff4444/ffffff,2025-10-20 21:21:34
jcluittb7@mit.edu,$2a$04$SQhSVe8HyUxcnNHsR40SluKDFa.ePKBDPbhjfS6GzPXKZhoZxltk6,Jorgan,Cluitt,ENDOCRINOLOGY,DOC-CXV-90575,7,7267753649,66 Nobel Terrace,1798,CNY,http://dummyimage.com/151x100.png/cc0000/ffffff,2025-10-20 21:21:34
sholbyb8@4shared.com,$2a$04$2vcQTwOAAIJXUZyGKSBbauVylTm4NEAHTxF.DOQoPaa6wFnstpszO,Shaylah,Holby,DERMATOLOGY,DOC-KYJ-20345,2,1099291745,847 Heffernan Junction,1702,EUR,http://dummyimage.com/101x100.png/cc0000/ffffff,2025-10-20 21:21:34
nbootlandb9@adobe.com,$2a$04$9pLw00ivZAP3IxWFhlrhwuKy6LtvrlSx0NZlcDJ/6aSA.nfsxazEG,Natty,Bootland,FAMILY_MEDICINE,DOC-PFS-38458,10,1872025426,7 International Pass,628,BRL,http://dummyimage.com/237x100.png/5fa2dd/ffffff,2025-10-20 21:21:34
brownba@wired.com,$2a$04$CBsD8LbdU78lpwJIE3nILeXelCQYJyLVeR4wFhApU.ZpGJ7jukasS,Bruce,Rown,SPORTS_MEDICINE,DOC-JXY-14827,18,2943544512,98540 Shelley Circle,747,SLL,http://dummyimage.com/176x100.png/dddddd/000000,2025-10-20 21:21:34
ldevillierbb@mtv.com,$2a$04$X4UKS0CxxnXH94l4yvn8bO9lbvziUzff/qRlgBXSB2/X0Osh4sSwq,Laurette,de Villier,HEMATOLOGY,DOC-BZX-29360,2,1633129202,28 Dapin Circle,1218,CNY,http://dummyimage.com/179x100.png/5fa2dd/ffffff,2025-10-20 21:21:34
ostaffordbc@skype.com,$2a$04$1iTRSZezC/ShHR9zNRCWZu8FBk9V6CLplUis5ejUqub2ZR9U9SuMW,Ophelie,Stafford,GASTROENTEROLOGY,DOC-GJB-27149,12,5642316668,217 Ridgeway Road,589,EUR,http://dummyimage.com/204x100.png/5fa2dd/ffffff,2025-10-20 21:21:34
mwhewillbd@seattletimes.com,$2a$04$MJ60ZhpmUyS8.HrtjjwkMehkXYbeqzjs0T8l6ChbVwJlXV568A7wy,Margo,Whewill,GASTROENTEROLOGY,DOC-XTC-57147,17,8017989177,0575 Sloan Plaza,632,CNY,http://dummyimage.com/191x100.png/cc0000/ffffff,2025-10-20 21:21:34
tmaundbe@google.it,$2a$04$JfekpWjdwjhr4eA1uhqV/eCB6IR9CWzj.wheZiDR2iBFS62fDKOEK,Thornton,Maund,PATHOLOGY,DOC-MUH-39073,25,4751175154,68003 Oneill Court,1136,MXN,http://dummyimage.com/157x100.png/ff4444/ffffff,2025-10-20 21:21:34
bproschekbf@google.de,$2a$04$wsuaVL2DNgcGJ.Boedz9DeuxcNR28hUt487jE83jEgb1Velvp2fcq,Burlie,Proschek,RHEUMATOLOGY,DOC-OKN-36905,10,4395513844,9715 Moose Lane,1262,EUR,http://dummyimage.com/117x100.png/cc0000/ffffff,2025-10-20 21:21:34
mcrossleybg@hp.com,$2a$04$gW.YtOwBs789RedZBLfuMulFn.iFwndCjXOmXtzP3ZlFFVqViaqcO,Murry,Crossley,INFECTIOUS_DISEASE,DOC-RVS-41157,18,9119350488,6014 Cordelia Drive,1282,RUB,http://dummyimage.com/168x100.png/5fa2dd/ffffff,2025-10-20 21:21:34
rcristofalobh@skyrock.com,$2a$04$DITtrcaH/Ryf7ll2LrO0vOskAc2DHh0MgmxLVg.2uddnSA8NYP5Ta,Richmound,Cristofalo,RADIOLOGY,DOC-FBR-43809,20,2734035955,1 Texas Center,1101,EUR,http://dummyimage.com/183x100.png/ff4444/ffffff,2025-10-20 21:21:34
lbernardetbi@so-net.ne.jp,$2a$04$344r06sgiWXtSm1PGcZQ6uaGFYszbLhjNnU4yUFs9spMGgBf1I5b2,Leona,Bernardet,INTERNAL_MEDICINE,DOC-FPK-84951,14,4588183471,331 Gale Park,1776,CNY,http://dummyimage.com/215x100.png/ff4444/ffffff,2025-10-20 21:21:34
ubalthasarbj@fastcompany.com,$2a$04$pmyx6vSKvqkKU.PMubjp4uhWW0g3bTlQ7e6kgBkEqMaNMcgryS.sy,Ula,Balthasar,NEPHROLOGY,DOC-VYC-03351,19,1987619678,94186 Summerview Circle,1304,EUR,http://dummyimage.com/216x100.png/ff4444/ffffff,2025-10-20 21:21:34
wlawfordbk@umn.edu,$2a$04$BhP/Gxm5lFOIA5fQj/cQrO32DOVKylt38sOmVMVU1mR0Z1YPDF7k6,Willy,Lawford,DENTISTRY,DOC-DCG-80524,4,9786337864,7545 Anhalt Avenue,722,COP,http://dummyimage.com/212x100.png/5fa2dd/ffffff,2025-10-20 21:21:34
jolandabl@networkadvertising.org,$2a$04$gB8pM6Z/KmHl0u5Aq3Qz3uBiqse.ou4NfxEubnqFFR4agSm.Ef06C,Jordan,Olanda,PLASTIC_SURGERY,DOC-JBO-18168,10,6518654911,371 Melby Circle,1075,IDR,http://dummyimage.com/103x100.png/cc0000/ffffff,2025-10-20 21:21:34
bgarmeybm@google.it,$2a$04$GP2D.xXO.3JZQVKcUMHJSe9gU8J/jIYA5zED.Tqi/yQkuEw2VTshe,Bjorn,Garmey,FAMILY_MEDICINE,DOC-ELJ-67772,20,6485028592,4990 1st Drive,1972,DOP,http://dummyimage.com/142x100.png/5fa2dd/ffffff,2025-10-20 21:21:34
vspeaksbn@dailymotion.com,$2a$04$y4ZnZHgcHMvbueaWvTaiw.xT1eJ1wezm5EJStuCCNH6Q7l8Kj5KQW,Vasilis,Speaks,RADIOLOGY,DOC-JUA-09793,24,3554078361,0 Armistice Avenue,1502,PYG,http://dummyimage.com/128x100.png/5fa2dd/ffffff,2025-10-20 21:21:34
gheyburnbo@cdbaby.com,$2a$04$SiaCF2EWKJcEy10K5I4PAu.7mOJBG9Ksp6oZZ30T6t/cTQ/PUyPPC,Geraldine,Heyburn,OPHTHALMOLOGY,DOC-RZX-24262,10,9255158259,11 Pennsylvania Park,903,XOF,http://dummyimage.com/195x100.png/5fa2dd/ffffff,2025-10-20 21:21:34
cmauserbp@ask.com,$2a$04$RI5mZM.Ik9NsvZM6Fd4k2.t8HluD1AaRj7LG6ph0UZWZ0HjTNx0dG,Cody,Mauser,RHEUMATOLOGY,DOC-NHA-77404,2,9903662753,6 Moulton Terrace,1996,IDR,http://dummyimage.com/157x100.png/5fa2dd/ffffff,2025-10-20 21:21:34
tbernatbq@mayoclinic.com,$2a$04$coRRM2pgl.upZit0AA037.D3iN6vQC8mizt2R.Of1..RpkU0DUHSW,Tally,Bernat,RADIOLOGY,DOC-CEK-59439,8,9064825742,3 Everett Court,790,VEF,http://dummyimage.com/201x100.png/ff4444/ffffff,2025-10-20 21:21:34
cburnsidebr@bing.com,$2a$04$qXkDzHRkS4sYvchpLW/pvOUWyI8bKgU8rDDaGHaLNfFrN09SK4M1K,Cindra,Burnside,GASTROENTEROLOGY,DOC-NRM-34286,2,2048092486,57 Katie Plaza,1310,CZK,http://dummyimage.com/125x100.png/dddddd/000000,2025-10-20 21:21:34
gshiltonbs@theatlantic.com,$2a$04$g2hX7hD9xyYqnHOPTRDNcOTQSFTFpXm3dxTyDYFFIYPXeJaJHnLvy,Gerik,Shilton,PSYCHIATRY,DOC-OQX-76411,7,5717109086,2 Lakewood Hill,763,USD,http://dummyimage.com/118x100.png/cc0000/ffffff,2025-10-20 21:21:34
dspinettibt@timesonline.co.uk,$2a$04$GeWkUJcMq4mcYsv1t3ZM8uFqG4YwYp6WFn5L8fG34DbGTQkmfBvHq,Durant,Spinetti,PEDIATRICS,DOC-HCZ-53591,14,8089520483,27994 Eagle Crest Point,1265,RUB,http://dummyimage.com/103x100.png/5fa2dd/ffffff,2025-10-20 21:21:34
wgerrietsbu@merriam-webster.com,$2a$04$DmskxZS4u9/rw4IszRi.0uwnbErA.D3x0dhIDX0XbFSLwFXRfB2D2,Wendie,Gerriets,GENERAL_SURGERY,DOC-LCM-22240,15,6121302257,3 Forster Avenue,500,BRL,http://dummyimage.com/249x100.png/5fa2dd/ffffff,2025-10-20 21:21:34
mgarrettbv@webmd.com,$2a$04$F.ET4nuD2coQZn0t5u2ZYOSTnEUpURr8F23DlpbCgj6HKAVSUNxMG,Marni,Garrett,IMMUNOLOGY,DOC-XJR-66433,7,8679834711,5 Browning Trail,1949,ZWL,http://dummyimage.com/165x100.png/cc0000/ffffff,2025-10-20 21:21:34
dhadgraftbw@redcross.org,$2a$04$g7q3hJOgdwBB9QdKfdrc/.Od8Gv9E9UNDDEh7JJhLZFfjsmmAtD22,Dalenna,Hadgraft,GENERAL_SURGERY,DOC-IUD-80615,20,4554351145,2417 Colorado Road,1522,CNY,http://dummyimage.com/218x100.png/ff4444/ffffff,2025-10-20 21:21:34
gclemensenbx@noaa.gov,$2a$04$MDvSopNZ6TNPnSUU9JYIKOqkpr5lNY98VUoldAOxnDnU/qBLoC9Om,Genovera,Clemensen,PLASTIC_SURGERY,DOC-AYF-01571,9,9705944701,7 Towne Pass,1373,UAH,http://dummyimage.com/178x100.png/cc0000/ffffff,2025-10-20 21:21:34
dbatonby@youku.com,$2a$04$Xxf9Zd90iL1XvcVS0v663OBTWNxWvOHBi120qN.Ya/ckFyDmgKidO,De witt,Baton,DENTISTRY,DOC-AIH-97751,11,4184002525,2 Coolidge Drive,663,COP,http://dummyimage.com/150x100.png/ff4444/ffffff,2025-10-20 21:21:34
mbadhambz@wired.com,$2a$04$pD9RXPXvW5N21RSRG1L1Qe8TmFjDMAiLYG.M0rjFopY/7bExcDme2,Manon,Badham,PATHOLOGY,DOC-OIF-05869,25,9208252105,02 Acker Alley,844,ARS,http://dummyimage.com/134x100.png/ff4444/ffffff,2025-10-20 21:21:34
apinshonc0@nsw.gov.au,$2a$04$7lrR2OlfYTNP9OfdCY5kOuuLomBQeVkKQsKsBTC1WL7g5cF93fZK2,Alaric,Pinshon,INFECTIOUS_DISEASE,DOC-HBO-05930,16,7848404637,644 Bashford Avenue,763,ARS,http://dummyimage.com/234x100.png/dddddd/000000,2025-10-20 21:21:34
nlowdenc1@yellowpages.com,$2a$04$7WlWSm0rF19w60Qis8ChoewN0xcWfHRwilBwbRf8cGPaMsYEMYdea,Nanni,Lowden,HEMATOLOGY,DOC-WIB-91131,6,3937997647,8773 Shopko Junction,600,EUR,http://dummyimage.com/234x100.png/ff4444/ffffff,2025-10-20 21:21:34
mmellonbyc2@bigcartel.com,$2a$04$PQuKTPMGIhGbm8EFdl01qOrqMZVTsdPZslVP6Iqqlsll6psaGsnmm,Madelyn,Mellonby,EMERGENCY_MEDICINE,DOC-EGK-74605,18,9134131705,9 Hermina Place,852,USD,http://dummyimage.com/218x100.png/cc0000/ffffff,2025-10-20 21:21:34
mspondleyc3@ebay.com,$2a$04$ZMk48Ve3Aa9YjlUzGH28eeZxSvGY9qUK0c.1Y2yDMVbv3cfNFqh6W,Miltie,Spondley,RADIOLOGY,DOC-UJZ-73207,16,1945858059,1564 Caliangt Road,747,PEN,http://dummyimage.com/201x100.png/5fa2dd/ffffff,2025-10-20 21:21:34
mgeanyc4@feedburner.com,$2a$04$mzGQJ1Kx3DoRtFHEfEitNOZc3xAdm4C5y1oyOo/lN3MD8sWKMBHfy,Moll,Geany,PSYCHIATRY,DOC-WVN-96531,15,4477001566,5 Garrison Pass,1253,CUP,http://dummyimage.com/249x100.png/cc0000/ffffff,2025-10-20 21:21:34
obushellc5@e-recht24.de,$2a$04$fm568C091e8Cn5U0dbe7Tuv2vGhreCQZsJv4ZgQL9i.dMw/ZBj4Sa,Olivette,Bushell,PLASTIC_SURGERY,DOC-YAK-98439,21,4721893870,63 Del Mar Drive,1675,VEF,http://dummyimage.com/130x100.png/cc0000/ffffff,2025-10-20 21:21:34
kdullaghanc6@sina.com.cn,$2a$04$Qzts..DwHVdWoqKULiN0oeA4/eh.aTS7yLCLcqdz5JHcjVvNjKiai,Kahaleel,Dullaghan,IMMUNOLOGY,DOC-GFZ-49097,22,6401681166,2366 Sutteridge Center,1071,JPY,http://dummyimage.com/106x100.png/cc0000/ffffff,2025-10-20 21:21:34
khighnamc7@acquirethisname.com,$2a$04$K7DBdVGg7peUxxxxh/ejeudEOcUzPRHto8f6pwz7QzrIbOdXCoDFW,Kylie,Highnam,RHEUMATOLOGY,DOC-UCF-64201,11,2731640610,4090 Canary Avenue,1508,CNY,http://dummyimage.com/104x100.png/dddddd/000000,2025-10-20 21:21:34
nnelthorpc8@is.gd,$2a$04$CRPQ/g9CvQf9uGcHp3Gq8uOinLpPRgqv0x7hJg5kOGLntr.SNHJa6,Nadia,Nelthorp,NEUROLOGY,DOC-OEY-45695,20,5671032642,539 Erie Center,1149,ZAR,http://dummyimage.com/227x100.png/dddddd/000000,2025-10-20 21:21:34
amattheissenc9@yahoo.co.jp,$2a$04$IfsTpahbjZ.TFB7BfI3kXOt8hqJfNbw0WywcFbG8CSJ7CdMp.nNhi,Akim,Mattheissen,PULMONOLOGY,DOC-AEO-78953,10,3353270118,5 Rigney Court,500,CNY,http://dummyimage.com/243x100.png/5fa2dd/ffffff,2025-10-20 21:21:34
mwakelyca@stanford.edu,$2a$04$jniO975RFgsydGDDgJlbgO/SGi3PJlw3H3Qi0/fO9jlsIN92ilo3K,Madalena,Wakely,ENT,DOC-EXJ-89782,2,9482331009,7553 Brentwood Park,1392,NOK,http://dummyimage.com/240x100.png/dddddd/000000,2025-10-20 21:21:34
aabelcb@dedecms.com,$2a$04$AgGS62q5Ps88NbNxq4JHLOnaUz78Xx0c6.rIxqXpcqV8OAK0V/Pn6,Ardelle,Abel,ANESTHESIOLOGY,DOC-KAT-85599,10,2834654963,4 Quincy Avenue,514,CNY,http://dummyimage.com/206x100.png/cc0000/ffffff,2025-10-20 21:21:34
wjanssoncc@ezinearticles.com,$2a$04$b2h3P14mFUHob.GqfafxrOJkYf1PKROWWqKqr7LaJnUpv5iXPqArW,Wylma,Jansson,ANESTHESIOLOGY,DOC-TTF-72048,12,2247388480,52 Annamark Terrace,1305,PLN,http://dummyimage.com/230x100.png/cc0000/ffffff,2025-10-20 21:21:34
egenneycd@yandex.ru,$2a$04$pIj1SNIVC45pE9sYz7Fm3ue3ocqgEXdsCH07EgGtWjPk3ZhkNvaPC,Ezra,Genney,NEPHROLOGY,DOC-BPP-87677,20,1319092429,30 Magdeline Court,1840,KZT,http://dummyimage.com/195x100.png/cc0000/ffffff,2025-10-20 21:21:34
tgiorgeschice@arstechnica.com,$2a$04$gBB3CWn/Oq5qZPCTFDwLWeJUxrWSr/BA5AVL1QWTEQsl.bBfjpQd.,Trumaine,Giorgeschi,ENT,DOC-OAV-66493,13,9563256969,3 Birchwood Drive,1584,BGN,http://dummyimage.com/146x100.png/cc0000/ffffff,2025-10-20 21:21:34
ahendrikscf@youtu.be,$2a$04$ja.Jm2He5oDy4VEX0q66seQPPj/TLXzR0kcUVPT8dFxDpnOAt2Px6,Artus,Hendriks,DERMATOLOGY,DOC-DZU-75503,21,8475419059,9 Maywood Lane,1191,IDR,http://dummyimage.com/190x100.png/ff4444/ffffff,2025-10-20 21:21:34
jtichnercg@state.tx.us,$2a$04$EMIK5qtWcmTuN7cAtQJv5e7Gv/T5s4f9pnn1tz2.GXP.Gb5XsUb0.,Janelle,Tichner,GASTROENTEROLOGY,DOC-RCN-77614,9,9694824978,79 Everett Alley,691,PLN,http://dummyimage.com/219x100.png/cc0000/ffffff,2025-10-20 21:21:34
elenoirech@kickstarter.com,$2a$04$p4dxAdP7JgtnlmaPZ9gR/.jj2jwiBm1eLbU8rY.zRp0jmOTV4SPgq,Etan,Le Noire,DENTISTRY,DOC-ANO-57979,4,9226550442,97 Moland Plaza,1162,CNY,http://dummyimage.com/120x100.png/cc0000/ffffff,2025-10-20 21:21:34
pschulkeci@storify.com,$2a$04$tpMXA75eLYmKOlI1EPJ9Aei.D/7MXhl/LH863mDNCZWhRNvkagWFi,Pierre,Schulke,ENDOCRINOLOGY,DOC-VAU-59268,8,1026130469,286 South Avenue,737,EUR,http://dummyimage.com/198x100.png/dddddd/000000,2025-10-20 21:21:34
ploheringcj@npr.org,$2a$04$WVQ2osBr6MBNGkkxY.VboOPx5ocu3uFgJWp.CdF12mHtueZtNiR5K,Petr,Lohering,ORTHOPEDICS,DOC-RBK-32089,13,8241796674,8081 John Wall Street,1391,CNY,http://dummyimage.com/141x100.png/dddddd/000000,2025-10-20 21:21:34
gblanninck@e-recht24.de,$2a$04$3WEHATpU0EeBhgMgYe0EpuVnV6B1BvGsAOavAsEs/q0jxOf3Dk7Ji,Godfree,Blannin,RADIOLOGY,DOC-HRU-36822,10,9058863284,4274 Quincy Crossing,1679,RSD,http://dummyimage.com/235x100.png/cc0000/ffffff,2025-10-20 21:21:34
pnizardcl@so-net.ne.jp,$2a$04$kk1IeJMf5QBctr8Fngp7n.XjZ4P1yi7EgL43kM81/T.ipP/ZQFgSK,Paulie,Nizard,ANESTHESIOLOGY,DOC-JEH-99862,10,3136416290,0 Merrick Pass,1903,IDR,http://dummyimage.com/134x100.png/cc0000/ffffff,2025-10-20 21:21:34
oocannovanecm@issuu.com,$2a$04$oz4OjsYyk9B9sDzWVmW2peVj8nKh6zbRS6Y8xeI5pL.4MRzXoDuGu,Ola,O'Cannovane,PSYCHIATRY,DOC-CWY-84245,12,9377629545,3940 Maryland Alley,888,THB,http://dummyimage.com/149x100.png/cc0000/ffffff,2025-10-20 21:21:34
lcastagnassocn@cbsnews.com,$2a$04$L/w4ZRgW/yfRTjn27.5xUO69q7D6ivuBLd/sZp5ne6WY8BrII9hbG,Leia,Castagnasso,PSYCHIATRY,DOC-CLA-65407,16,4067811759,9657 Granby Park,1442,MYR,http://dummyimage.com/176x100.png/5fa2dd/ffffff,2025-10-20 21:21:34
rsandilandsco@aboutads.info,$2a$04$7GKZFrVYKjIgAGqvNTOM5ezNkrJa.wC0mEdkkoorWowhrwSeQdAA6,Russell,Sandilands,PLASTIC_SURGERY,DOC-FDJ-95983,17,9175395566,2 Darwin Alley,1858,HRK,http://dummyimage.com/165x100.png/5fa2dd/ffffff,2025-10-20 21:21:34
gaggliocp@so-net.ne.jp,$2a$04$T3WgtMDqcMX4xBll.A7gAuTsNP7hUnHmgNP9x7vm06eOid3vC8rNK,Gabie,Agglio,ORTHOPEDICS,DOC-UFK-06357,25,7021470352,71 Hallows Drive,1474,USD,http://dummyimage.com/152x100.png/ff4444/ffffff,2025-10-20 21:21:34
rmcculloghcq@hao123.com,$2a$04$hhexZq0WipMUxxk8m24QKeIBtU1/AMHMD7Ql4q9nytNfceQLzCAVu,Rich,McCullogh,FAMILY_MEDICINE,DOC-EQE-68504,14,7071661329,32768 Anhalt Center,1252,USD,http://dummyimage.com/236x100.png/cc0000/ffffff,2025-10-20 21:21:34
acammishcr@ucoz.ru,$2a$04$mhuqif7Yvi0daV.6qnn9heGerTj8TdGR6RVK0rwxL6EdJC9FBR62a,Antonetta,Cammish,PEDIATRICS,DOC-KGK-00712,11,4004220646,109 Stephen Terrace,789,CNY,http://dummyimage.com/148x100.png/cc0000/ffffff,2025-10-20 21:21:34
jalessandrinics@wiley.com,$2a$04$ny9MNRti7MG37.MIcTspAeT74N8ftM5hDb8W3M.4kE2rLV2cO/1j.,Jaimie,Alessandrini,INFECTIOUS_DISEASE,DOC-RIE-98732,14,4622023905,580 Pepper Wood Court,1200,CNY,http://dummyimage.com/214x100.png/5fa2dd/ffffff,2025-10-20 21:21:34
drosbroughct@blogger.com,$2a$04$cYFVY7A3jqcBnHjNV8a5MOVAWIUfbydoqjdOixYheT0Fte28QGCt6,Delainey,Rosbrough,EMERGENCY_MEDICINE,DOC-LSO-63996,14,5433450455,38258 Hermina Lane,702,EUR,http://dummyimage.com/235x100.png/ff4444/ffffff,2025-10-20 21:21:34
ssmallridgecu@shinystat.com,$2a$04$ofcYClvlRi9IILTd2cJ3UuzeKGIyIfXMXoJYzHcSq5Ku8mOSOVYWq,Susanna,Smallridge,ENT,DOC-TKC-61831,6,4189975037,738 Butternut Avenue,634,PEN,http://dummyimage.com/102x100.png/cc0000/ffffff,2025-10-20 21:21:34
ebodegacv@sciencedirect.com,$2a$04$rwf9SzuAtBGeWjVXmQLY..1HjxbCkKo9iyQIluNi1tmod8yxV/uE2,Ermanno,Bodega,ONCOLOGY,DOC-DRT-85125,25,7966947094,876 Bunker Hill Plaza,1527,PHP,http://dummyimage.com/177x100.png/5fa2dd/ffffff,2025-10-20 21:21:34
mmioncw@arstechnica.com,$2a$04$CZbL7MYyUT4HhOoTB905kut/8nWSePz2kCMFHjF0/cz3woUUOiC7a,Mildred,Mion,DENTISTRY,DOC-JLM-08202,14,5833126845,67152 Summerview Park,980,IDR,http://dummyimage.com/244x100.png/ff4444/ffffff,2025-10-20 21:21:34
apaulatcx@phpbb.com,$2a$04$ZdBOoqpPGi39Ka.as9Tstu8ORImBPolGeN2o1V06JoumeXVCO.9ka,Angelico,Paulat,OPHTHALMOLOGY,DOC-AAG-45381,23,6152524079,93 Larry Terrace,643,EUR,http://dummyimage.com/186x100.png/5fa2dd/ffffff,2025-10-20 21:21:34
vfilippozzicy@networksolutions.com,$2a$04$Tuyb7sbsp/bYa/mMo24HsOv8iAMo5XsYht3Sv.eA5H9oJDhxzFh.e,Vite,Filippozzi,HEMATOLOGY,DOC-QEH-57141,11,5459221225,44252 Golf Crossing,1673,ZAR,http://dummyimage.com/203x100.png/dddddd/000000,2025-10-20 21:21:34
aayshfordcz@amazon.com,$2a$04$LhOF/JgOf1BYpSLJsuwdGeTU4vT7J0MpP0e50L1LWGrIPyBPA1eK.,Archibald,Ayshford,UROLOGY,DOC-QIC-73610,5,6085621303,4 Ohio Center,995,KRW,http://dummyimage.com/230x100.png/dddddd/000000,2025-10-20 21:21:34
hrockeyd0@spiegel.de,$2a$04$Xeo.YR3W42uIaH4MIBBEyu6PbZFQdv8TMvuj.VhnODPCwqRtpzwGO,Holly,Rockey,PULMONOLOGY,DOC-QEA-75542,6,7658035821,2123 Manufacturers Junction,655,JPY,http://dummyimage.com/165x100.png/dddddd/000000,2025-10-20 21:21:34
itolcharded1@tripod.com,$2a$04$hxzV1Yjcwz.w7wPcGsXAn.RI1GnhmCtVTyaT3hfJTJVoVPHfcAtDm,Imojean,Tolcharde,ORTHOPEDICS,DOC-IFN-46270,8,9133251636,886 Fallview Street,1014,USD,http://dummyimage.com/180x100.png/ff4444/ffffff,2025-10-20 21:21:34
dangelinid2@nasa.gov,$2a$04$qGll9EHPnp/ID/Zn2ztUBezK5B2o2WiD2i74K4e08muUm6h5c2SLS,Dorothy,Angelini,PULMONOLOGY,DOC-HVH-07364,12,9489447775,222 Nobel Place,1086,EUR,http://dummyimage.com/174x100.png/5fa2dd/ffffff,2025-10-20 21:21:35
mkingsnorthd3@amazon.com,$2a$04$JUbj19UHWX1YPmLzakNIPOdhFhsICkMrdyOW9Hs2dI70aks77gndG,Monah,Kingsnorth,IMMUNOLOGY,DOC-YEQ-88383,9,6779394438,20 Ramsey Lane,1912,XCD,http://dummyimage.com/110x100.png/dddddd/000000,2025-10-20 21:21:35
rseabrooked4@latimes.com,$2a$04$E4aQfQSwGB5PBjqbm1MPNOcPR6Ooy9xsNg26nTmXNC07y7DCPVnO6,Ronny,Seabrooke,CARDIOLOGY,DOC-LBM-85156,24,7798877230,22 Melvin Road,1786,RUB,http://dummyimage.com/208x100.png/ff4444/ffffff,2025-10-20 21:21:35
sgeorgelind5@sciencedaily.com,$2a$04$YSVVbhv4QrQ.6BJe7/Fgde3ONn3RtvOJxxnbSesdocTklwqXK/7mu,Sabrina,Georgelin,ENT,DOC-CLQ-49433,7,6465151949,5 Basil Court,949,NGN,http://dummyimage.com/101x100.png/dddddd/000000,2025-10-20 21:21:35
tfowkesd6@mediafire.com,$2a$04$9JBA/Ht/eB.q.3cErTLrCOvzfIlTL6qS00lVnhu4WQqk0iVdM.ZrS,Twila,Fowkes,EMERGENCY_MEDICINE,DOC-PRB-93932,1,8151739122,49379 Hoard Trail,1019,COP,http://dummyimage.com/157x100.png/dddddd/000000,2025-10-20 21:21:35
mhuggardd7@census.gov,$2a$04$oi.f2.Xi.X23FMSGzWyNG.ji5FNb6zLjRLaKFjVR3mkdeAepZnGIG,Milo,Huggard,PSYCHIATRY,DOC-CAG-38219,16,5991836984,65 Dunning Crossing,1096,SEK,http://dummyimage.com/171x100.png/cc0000/ffffff,2025-10-20 21:21:35
jbirchnerd8@exblog.jp,$2a$04$5jIl8sdSOdbT.dLnRvB/nOMgFuaf0GJLvdumqzyywyk3PSgzHP8he,Jamil,Birchner,RHEUMATOLOGY,DOC-UWX-84489,22,3358718538,43007 Green Ridge Avenue,506,CNY,http://dummyimage.com/241x100.png/5fa2dd/ffffff,2025-10-20 21:21:35
mpetyankind9@google.de,$2a$04$eqCiHuld3zQBaVNybu/kd.oRUHKMZSvwTcM9wkM0PYRakIB7yRDrK,Maressa,Petyankin,SPORTS_MEDICINE,DOC-AAD-97473,19,6056069683,5386 Becker Avenue,1930,CNY,http://dummyimage.com/209x100.png/ff4444/ffffff,2025-10-20 21:21:35
lcampionda@unesco.org,$2a$04$D6DBVcIqGKWT7Ric8.heUu.d711gjSAoNmF0g31DJTR1EJL0Va8wK,Louisa,Campion,UROLOGY,DOC-GNM-94397,22,4457303542,207 Melrose Circle,1968,CZK,http://dummyimage.com/156x100.png/dddddd/000000,2025-10-20 21:21:35
fverdondb@paypal.com,$2a$04$hQDFqeJ/VyUzZVS9L5g7qOEiK8Zgqi6ZOsfzWN1x9CCHg8OzlRRda,Freddi,Verdon,PEDIATRICS,DOC-MHD-33514,1,8193827014,079 Randy Street,1769,CNY,http://dummyimage.com/247x100.png/dddddd/000000,2025-10-20 21:21:35
bpietrzakdc@php.net,$2a$04$KmdD8YAmW8lsD5vQ5mkNEeIE7VZB154FmGS2/dkWdMjhsvEFp8LPC,Burnaby,Pietrzak,IMMUNOLOGY,DOC-IRE-69596,23,5064528947,21 Oak Valley Place,1550,PHP,http://dummyimage.com/176x100.png/5fa2dd/ffffff,2025-10-20 21:21:35
mlubedd@php.net,$2a$04$C.UtvFz2tJL4duf1FYB1duN4sq8RiycRXhsnaARXgZiKZk91DetX.,Marina,Lube,RADIOLOGY,DOC-BUZ-33683,2,1401943467,1959 Raven Circle,1459,COP,http://dummyimage.com/126x100.png/cc0000/ffffff,2025-10-20 21:21:35
fphizackleade@earthlink.net,$2a$04$rGpzd7XDG.3Q8BlzFoUvAOtzOrElHINfesIDKnJyUKFBsn6fmCJLm,Ferd,Phizacklea,IMMUNOLOGY,DOC-MBY-23155,24,2209141421,86650 Grayhawk Alley,616,JPY,http://dummyimage.com/136x100.png/5fa2dd/ffffff,2025-10-20 21:21:35
edatedf@hc360.com,$2a$04$zHofbeB5.9M02BzZ1Va58eR1hDMofk.l0eTWblNUferhEjCUSETvS,Ely,Date,OPHTHALMOLOGY,DOC-XJY-38320,16,7443155390,09436 Brentwood Circle,1397,PLN,http://dummyimage.com/160x100.png/dddddd/000000,2025-10-20 21:21:35
mdelaspeedg@seattletimes.com,$2a$04$QNHmv7SrcgBhkjb58bXrp.Yls0rRrnbuzMmaLsQIE1nsAVLHMg2dG,Melessa,De Laspee,PLASTIC_SURGERY,DOC-EQR-26853,11,5347685246,2 Kinsman Court,823,CNY,http://dummyimage.com/130x100.png/cc0000/ffffff,2025-10-20 21:21:35
tjanosdh@bizjournals.com,$2a$04$VSdKWZyCBHGqtPjmkMY75uHODifZz5pd/Ga3FSCVlIV/7ddCrkQ5S,Tracey,Janos,EMERGENCY_MEDICINE,DOC-FSZ-47875,13,5402136417,8795 Norway Maple Court,765,JPY,http://dummyimage.com/127x100.png/5fa2dd/ffffff,2025-10-20 21:21:35
vpimerickdi@wikipedia.org,$2a$04$rRBNoR/QwDFvh/uVBImrGeMD1UUSlyxy9wUCm.gf4qGSftqV9vq4e,Vaclav,Pimerick,PEDIATRICS,DOC-MCW-56625,3,2984683211,0 Melby Place,1333,CUP,http://dummyimage.com/125x100.png/ff4444/ffffff,2025-10-20 21:21:35
nswallwelldj@phoca.cz,$2a$04$6BI5fMTtkI8MqO7onk/yUePCNHB4d8lA.dWA8KqsgEA.ZNGB2kFEK,Nat,Swallwell,GASTROENTEROLOGY,DOC-SFM-21867,14,5305591446,980 Moose Circle,1798,BRL,http://dummyimage.com/185x100.png/5fa2dd/ffffff,2025-10-20 21:21:35
oconninghamdk@digg.com,$2a$04$bbMQGs5gWzkgy31gBVhZ9.rLvXWh47jLAGOhSJ4qx.jXBFAX4oQxu,Otis,Conningham,NEPHROLOGY,DOC-DWR-59613,13,3967117171,362 Goodland Crossing,774,ALL,http://dummyimage.com/245x100.png/cc0000/ffffff,2025-10-20 21:21:35
sserotdl@dmoz.org,$2a$04$dW6WBNRnfM0JOxaWjEFNSObtYw7.1HxLGUGQh/rV/DbkCczwww3OW,Salaidh,Serot,PULMONOLOGY,DOC-RXJ-81356,20,3052106783,72525 Charing Cross Crossing,1994,IDR,http://dummyimage.com/191x100.png/ff4444/ffffff,2025-10-20 21:21:35
kpollicotedm@desdev.cn,$2a$04$XVo0TjgkGKj1RlpJt8XCvuPbTp9lONDZnNTAk.Q3QsYPfPNPTLbLa,Kristos,Pollicote,UROLOGY,DOC-RAT-51212,23,1129533113,4480 Clemons Junction,1259,CAD,http://dummyimage.com/222x100.png/cc0000/ffffff,2025-10-20 21:21:35
rjonssondn@virginia.edu,$2a$04$Gl4R8w8bi7xxL/2JIo0.6.opT6bdRZmlYsxYFxAaCtkiVrDnBjrz2,Rosalinde,Jonsson,PSYCHIATRY,DOC-JAK-38678,10,9659753750,8 Armistice Junction,900,ARS,http://dummyimage.com/175x100.png/cc0000/ffffff,2025-10-20 21:21:35
ctrebbledo@goo.ne.jp,$2a$04$NwdM2SKhbZYo93WIxrmq4OS/Qf1oK0o0niUQY9Sdjqazaf4zTMpau,Cecily,Trebble,ENT,DOC-BJP-71710,6,2582410082,45744 8th Avenue,1785,SEK,http://dummyimage.com/133x100.png/cc0000/ffffff,2025-10-20 21:21:35
ltimebydp@vkontakte.ru,$2a$04$IvaBZtrfL4JbffIH6tReKOchb9AUStfGUEUXfilZodcVwreC5aNnS,Lisha,Timeby,INTERNAL_MEDICINE,DOC-ZGI-26594,10,9003507332,390 Fieldstone Parkway,1961,IDR,http://dummyimage.com/178x100.png/cc0000/ffffff,2025-10-20 21:21:35
kilyenkodq@vk.com,$2a$04$E1mcYZkG3C6ruNm0gayBNOzSb5Q.b6fwY3cw1yO8C/J9Hn9AOVwLC,Kevyn,Ilyenko,IMMUNOLOGY,DOC-CWH-52295,18,1521721089,188 Sugar Hill,703,SEK,http://dummyimage.com/100x100.png/cc0000/ffffff,2025-10-20 21:21:35
gborthedr@about.com,$2a$04$EqLM9zxZIDthHdC1yb06v.h3QqhFzSi4/nyu.6yCZI2B0c5D4DuY.,Gussie,Borthe,UROLOGY,DOC-QFZ-11179,8,1007327898,88122 Steensland Way,708,CNY,http://dummyimage.com/105x100.png/5fa2dd/ffffff,2025-10-20 21:21:35
aokinneallyds@smh.com.au,$2a$04$UkWp39swFLei33HvUs2W0.Zj1QvRcytgZf3grLYhuaGmpVsO7XY4C,Adan,O'Kinneally,IMMUNOLOGY,DOC-EQI-56820,7,6976625744,09 Mosinee Drive,1688,IDR,http://dummyimage.com/146x100.png/cc0000/ffffff,2025-10-20 21:21:35
eweinerdt@51.la,$2a$04$jdZJ0zsucMsp4LZQdSkt0.P8GwHjd7nHlw9OSzHJRDxtvQxphRPDm,Emma,Weiner,CARDIOLOGY,DOC-CAK-42096,19,4802600619,0 Susan Center,762,IDR,http://dummyimage.com/222x100.png/dddddd/000000,2025-10-20 21:21:35
mwheelandu@cbsnews.com,$2a$04$DfFrpEIZnZG6d1QtmO3RgO8HDdbcuHwwD1t2BHg285UvB7EFNgrVC,Martie,Wheelan,NEUROLOGY,DOC-IWC-34037,4,6271781962,95 Lakewood Trail,1743,KGS,http://dummyimage.com/185x100.png/ff4444/ffffff,2025-10-20 21:21:35
cscowendv@wiley.com,$2a$04$WApQOdviL5u9Nc3dpL8zOOnzxmy03y6xqgFwRERd9tk4cp29SF1FK,Cecilla,Scowen,NEPHROLOGY,DOC-FEQ-45720,8,8043139988,569 Hansons Lane,1813,UAH,http://dummyimage.com/224x100.png/cc0000/ffffff,2025-10-20 21:21:35
agrigoronidw@timesonline.co.uk,$2a$04$hud4aYkjT4ewNs6fKjDGteK3nypFTk3YfIiEd/wkh.bC2wbTRYbUu,Anatole,Grigoroni,PSYCHIATRY,DOC-YGH-17198,5,1479091915,3421 Warner Parkway,1517,RUB,http://dummyimage.com/191x100.png/cc0000/ffffff,2025-10-20 21:21:35
afowlstondx@cnbc.com,$2a$04$Wbuo4RJTDVSWMxUt0eVqyufrEN0qUbgom0uOKLF1LlItRydbkfWjy,Allister,Fowlston,INTERNAL_MEDICINE,DOC-QXQ-79307,18,6395314432,23 Sachs Trail,1702,ZAR,http://dummyimage.com/161x100.png/5fa2dd/ffffff,2025-10-20 21:21:35
swendoverdy@si.edu,$2a$04$i2UuFSW6qLtcBgyUKhsFi.4ZbW9BIsBG0N.zT15T7yqxn1.tmMh3.,Sam,Wendover,SPORTS_MEDICINE,DOC-SVM-59662,19,6587836331,35106 Darwin Place,1806,GEL,http://dummyimage.com/117x100.png/cc0000/ffffff,2025-10-20 21:21:35
cmichaeldz@wunderground.com,$2a$04$AR6bWGptP6WNRTSDK6qOiewuaRXsTPVCyg8dzvRfhQpYZfDSJ8YBm,Courtnay,Michael,HEMATOLOGY,DOC-DWA-98651,12,1315520337,7391 Sutherland Trail,1687,JPY,http://dummyimage.com/169x100.png/cc0000/ffffff,2025-10-20 21:21:35
wsellwoode0@mit.edu,$2a$04$jecN7pLt73j1s7MK.Xj2vuIt3kSRyeSn8qswlJvjSR5ZJQpy9cb1.,Waverly,Sellwood,DENTISTRY,DOC-NKW-83939,9,2173228675,24204 Maryland Avenue,629,AUD,http://dummyimage.com/128x100.png/ff4444/ffffff,2025-10-20 21:21:35
dledbettere1@latimes.com,$2a$04$yupAa4qMk9/VTUI7AR5fLOQZ/axUJ9Qgz3qSoXzrRaQj66VykIaqe,Demetra,Ledbetter,EMERGENCY_MEDICINE,DOC-FDV-57373,7,9855802973,553 Crowley Way,1591,MXN,http://dummyimage.com/166x100.png/cc0000/ffffff,2025-10-20 21:21:35
spettuse2@shutterfly.com,$2a$04$nzL0u2RZJvs6TXyYJRGEieK2RKe/4.di3tb0gP0EPlAXMsQ.JRfL6,Shirleen,Pettus,ENDOCRINOLOGY,DOC-FFG-31070,14,3243901311,0960 Merchant Street,510,CNY,http://dummyimage.com/172x100.png/ff4444/ffffff,2025-10-20 21:21:35
jdwanee3@va.gov,$2a$04$E7aftrkEe1Z1Yov2sXGWLObxcqD7WTscucXOrCF/hESXvL8eL1zSq,Jere,Dwane,IMMUNOLOGY,DOC-UWK-15527,5,7119501966,86 Bunker Hill Road,616,CAD,http://dummyimage.com/140x100.png/dddddd/000000,2025-10-20 21:21:35
hcalee4@weather.com,$2a$04$FXyGxVOCdoBIi3scQxftQeVAjKhrBRdPZ2cvR32Xx4uMJimKMV.K6,Heindrick,Cale,RHEUMATOLOGY,DOC-VQW-65075,21,1019647827,766 Rutledge Alley,698,CNY,http://dummyimage.com/219x100.png/dddddd/000000,2025-10-20 21:21:35
ahathwoode5@typepad.com,$2a$04$HbEdjvaB2zL9VOQU4avYr.ErqSvxBU0K0MRQJZVf8sH1uVFK7ZAsG,Ashla,Hathwood,UROLOGY,DOC-OME-48841,1,9456987915,401 Starling Place,1063,RUB,http://dummyimage.com/142x100.png/cc0000/ffffff,2025-10-20 21:21:35
jkillingbecke6@spotify.com,$2a$04$MK1U3it01xQRj90OXXe3tOdgnrbhvgiEqC2nTfJD5k2W2CE9/NIHG,Jere,Killingbeck,GYNECOLOGY,DOC-XMN-60601,20,8322864550,482 Fordem Alley,1471,BRL,http://dummyimage.com/164x100.png/cc0000/ffffff,2025-10-20 21:21:35
cindere7@walmart.com,$2a$04$7EznWFvlNRlqfrpgOMoeeu/3kdJaasLSWxjL5GAp91/A46ZGud4o.,Constantine,Inder,GYNECOLOGY,DOC-CNV-07398,22,8103932366,3 Huxley Circle,1788,PEN,http://dummyimage.com/180x100.png/5fa2dd/ffffff,2025-10-20 21:21:35
tforkane8@hatena.ne.jp,$2a$04$o5qH8CaEy7wsW5unxQfZguV1qHHUsTTGWOs2gmgwcRKsVog.cSZLy,Taite,Forkan,GYNECOLOGY,DOC-OWW-06291,4,4291940389,3 Schlimgen Crossing,930,XOF,http://dummyimage.com/191x100.png/cc0000/ffffff,2025-10-20 21:21:35
wborelande9@harvard.edu,$2a$04$hmcRPg92XzZUY77WcMfLbukAuyKrM6/chUrTuDFtsNmIOBTGrVNn6,Warner,Boreland,PATHOLOGY,DOC-ELU-83048,15,3107474622,50 Monterey Pass,1999,BRL,http://dummyimage.com/172x100.png/cc0000/ffffff,2025-10-20 21:21:35
sethridgeea@imgur.com,$2a$04$k/26LCWcRPpiKDHy1wEXX.fLXXiGCzqy9.foH0yR58tNEN6qhQDie,Susannah,Ethridge,GENERAL_SURGERY,DOC-QCO-01611,19,7794008486,20286 Onsgard Avenue,1828,IDR,http://dummyimage.com/145x100.png/cc0000/ffffff,2025-10-20 21:21:35
wchiecoeb@telegraph.co.uk,$2a$04$.LbAk.ySkCsAxP0Pj9CCCeSh2FkDs5xHqbez0no.8AIEE7B9TrY2S,Wiatt,Chieco,UROLOGY,DOC-QYB-88703,12,3889285088,002 Merry Trail,1369,RUB,http://dummyimage.com/140x100.png/dddddd/000000,2025-10-20 21:21:35
kplevenec@fotki.com,$2a$04$VwJANteAdnEnDiuG0Sn0O.OzIeh0Szcx7PDcjHodjZ/y2cCZvHdpu,Ker,Pleven,NEUROLOGY,DOC-NFU-98108,3,7459550090,070 Carey Lane,595,EUR,http://dummyimage.com/172x100.png/ff4444/ffffff,2025-10-20 21:21:35
cmannined@techcrunch.com,$2a$04$w9RuQBDfiOaWi8xlK9ZXqOnaPbGaozNmpjtnleHtGVwW4gs/7Mfkq,Carlotta,Mannin,GASTROENTEROLOGY,DOC-GIS-15886,9,3976598593,7 Dorton Place,644,PHP,http://dummyimage.com/181x100.png/cc0000/ffffff,2025-10-20 21:21:35
oturesee@geocities.com,$2a$04$9YFwwGHeP22E68CkefQwQ.UdCAWZYlo8t7ZNwPDn/dYMyVe6.IElC,Orion,Tures,GENERAL_SURGERY,DOC-XLS-05132,22,2607653964,45 Kipling Trail,1519,SYP,http://dummyimage.com/128x100.png/dddddd/000000,2025-10-20 21:21:35
dpapachristophorouef@technorati.com,$2a$04$nu076n46vsnzh7Z/sTT15.cpbszLdiPkL77YXYy8tya2zCk1mDXj.,Dimitry,Papachristophorou,DERMATOLOGY,DOC-WYU-29680,11,9728470581,5 Mosinee Plaza,812,SEK,http://dummyimage.com/203x100.png/ff4444/ffffff,2025-10-20 21:21:35
ijesseleg@hatena.ne.jp,$2a$04$.kx.0d4jyGh/AtC.6dSIDe5cHoCRHdoB2VbP1ZH3CSAd9wspqKMy6,Ira,Jessel,IMMUNOLOGY,DOC-BAB-03129,22,8247418133,71566 Everett Street,1128,IDR,http://dummyimage.com/248x100.png/dddddd/000000,2025-10-20 21:21:35
kdebernardieh@netlog.com,$2a$04$iz6UsLglXgoJNPeClvnN/OJ3mtpT5VFbeD9SpEDw1UJJ8Re2Xf3yO,Kippar,De Bernardi,IMMUNOLOGY,DOC-BEL-10171,21,3305606397,061 Lotheville Terrace,947,USD,http://dummyimage.com/248x100.png/cc0000/ffffff,2025-10-20 21:21:35
pmccuddenei@nifty.com,$2a$04$ajYbSGsOGN6YRr9sEZ4UrOVI1dBhbODKpsJNSBDs8m1Lx.y8HqPNy,Pippa,McCudden,RADIOLOGY,DOC-ZAX-10970,19,9122088117,13227 Dapin Lane,1294,CNY,http://dummyimage.com/117x100.png/5fa2dd/ffffff,2025-10-20 21:21:35
jcolwellej@wiley.com,$2a$04$.IIRIn3WksJQ2UnQvXivoeezx0uLSr4kT4A24AMeOm3FK7Drhi9tW,Johann,Colwell,INTERNAL_MEDICINE,DOC-VUH-98553,13,6831231391,82 Hansons Drive,1563,EUR,http://dummyimage.com/115x100.png/dddddd/000000,2025-10-20 21:21:35
ishoulderek@ftc.gov,$2a$04$QuspPhzio4PWcT2d0xjET.ZF48Ox2k/zDJsdrxEe7sHzta.iX9EoC,Isidore,Shoulder,SPORTS_MEDICINE,DOC-SEA-35664,21,6761381476,02 Magdeline Center,1749,PHP,http://dummyimage.com/200x100.png/5fa2dd/ffffff,2025-10-20 21:21:35
htolworthel@cbc.ca,$2a$04$wXUER6fyCvOKpaIFapube.NL.NXlzsD9S7qLPnJEuiyfulUQBk69S,Harv,Tolworth,PULMONOLOGY,DOC-UQN-84124,18,7254695783,28309 Delladonna Hill,1418,IDR,http://dummyimage.com/193x100.png/dddddd/000000,2025-10-20 21:21:35
lknibbem@wufoo.com,$2a$04$LKDpL68p0sbxv20yeAqc7uA2qrmNVUrpQq5Ep7o5MA59mrBGnpqJG,Linzy,Knibb,INFECTIOUS_DISEASE,DOC-IKU-39307,2,3016986406,1 Drewry Way,947,CNY,http://dummyimage.com/220x100.png/5fa2dd/ffffff,2025-10-20 21:21:35
ljailleren@pcworld.com,$2a$04$tPJdT7SImrLIaxy/w3bQ2Om8jLOZZF1HQ0Q00axXuFgTzA67x0irC,Letta,Jailler,PATHOLOGY,DOC-OTX-19872,18,8726840118,53821 Larry Lane,888,JPY,http://dummyimage.com/163x100.png/cc0000/ffffff,2025-10-20 21:21:35
ladraineo@google.ru,$2a$04$R1QHorPJ9J10V5aq3eHRyeOmM/CJl8Or1Wq73HH7gjlj2tQx2/xFq,Liliane,Adrain,GASTROENTEROLOGY,DOC-EUZ-47342,12,5985035027,78 Dixon Lane,1588,VND,http://dummyimage.com/207x100.png/cc0000/ffffff,2025-10-20 21:21:35
edurradep@phoca.cz,$2a$04$uoXCzikFG7nr2NSimxoixe1n53425lMi8Z37yI2fp4DRVlbzupdDO,Erastus,Durrad,DERMATOLOGY,DOC-SUW-80819,12,3084747558,1549 Canary Park,828,SEK,http://dummyimage.com/205x100.png/ff4444/ffffff,2025-10-20 21:21:35
nszymoneq@cam.ac.uk,$2a$04$9rjMYdVj/oPc6Ze8L8cJpuXf2k89Zia.nSTns5SD9KbgTSeeR.6ni,Nathalie,Szymon,SPORTS_MEDICINE,DOC-JUE-67878,3,6326492703,74632 Autumn Leaf Street,2000,EUR,http://dummyimage.com/194x100.png/5fa2dd/ffffff,2025-10-20 21:21:35
kdalwiser@pinterest.com,$2a$04$plsIWmgubu4djigA3WTQMOZvtCxO.mf13Khb3KrlTv1QilesxvB1O,Keeley,D'Alwis,DERMATOLOGY,DOC-JQC-76756,7,7251445400,33 Ludington Circle,1749,MXN,http://dummyimage.com/228x100.png/5fa2dd/ffffff,2025-10-20 21:21:35
mtrilles@pen.io,$2a$04$Nv9gJdvQ2QjoPDZR9FFJgO77jYMOB.7cTna5urHQP8VsMODFxYSYu,Mac,Trill,RHEUMATOLOGY,DOC-NWQ-85637,9,2376638427,26 Lerdahl Parkway,1681,EUR,http://dummyimage.com/128x100.png/5fa2dd/ffffff,2025-10-20 21:21:35
rrenneet@dyndns.org,$2a$04$TBwv.SKtBeGzNVLHTExIc.FmxgskUvf6lG939JQf0WVcbUn3znaUW,Ransell,Renne,SPORTS_MEDICINE,DOC-OKB-29324,2,8779015520,8526 Merry Crossing,1163,CNY,http://dummyimage.com/239x100.png/cc0000/ffffff,2025-10-20 21:21:35
bdirreu@w3.org,$2a$04$pvZbvvQAqWYXwLeQKG68DOOnzxWAFXlVckkj8rFAeYNJZ4i/RT5TS,Biddie,Dirr,RHEUMATOLOGY,DOC-PNY-96893,22,1439001981,47 Golf Crossing,923,IRR,http://dummyimage.com/249x100.png/ff4444/ffffff,2025-10-20 21:21:35
ckneeboneev@goo.gl,$2a$04$Br8RX8asLPAAGXkK4ZtWyuFY.DQWIljKQEv4FKqgYQb/NXqj.P2ze,Coralyn,Kneebone,UROLOGY,DOC-VPC-24336,2,9624963682,749 Grover Center,1626,BOB,http://dummyimage.com/118x100.png/5fa2dd/ffffff,2025-10-20 21:21:35
apitkeathleyew@fotki.com,$2a$04$JSdDB/g0dXy/3T1WDLwEC.e6kuQ7JXZfA40iO42QM86rf6ozxEVUW,Ari,Pitkeathley,PATHOLOGY,DOC-BUI-64982,14,6393385857,26323 Brown Drive,1314,PEN,http://dummyimage.com/144x100.png/ff4444/ffffff,2025-10-20 21:21:35
sdunseithex@tmall.com,$2a$04$v10lY.DT5BvTJEGwX2a0E.oTEy2yyt1xWblUCPSMHPNIpiouS3JHC,Sam,Dunseith,GENERAL_SURGERY,DOC-LTO-73192,5,8702949269,217 Sloan Crossing,655,EUR,http://dummyimage.com/192x100.png/dddddd/000000,2025-10-20 21:21:35
jnobbsey@google.nl,$2a$04$cqlnOIA8qMLHHslGqSXJg.XDc3aa2SR.hpLjf2EcRid/dE3TyreoK,Jimmy,Nobbs,PLASTIC_SURGERY,DOC-VCZ-71611,24,5043248558,9169 Pearson Point,1552,CNY,http://dummyimage.com/204x100.png/dddddd/000000,2025-10-20 21:21:35
teronieez@elegantthemes.com,$2a$04$cKxRMNwApuny1uOSU9a5ku1KVuToyUQzL6Sup23/z3VJMXPjrcU6C,Tiena,Eronie,IMMUNOLOGY,DOC-WZP-00961,12,7158635531,995 Shasta Parkway,1966,EUR,http://dummyimage.com/132x100.png/5fa2dd/ffffff,2025-10-20 21:21:35
cocaheyf0@1688.com,$2a$04$MQNUziaUC9hKwO4fwAhPIe81uriHxO8MK2RS0g7rBdi3EdIJUx0LO,Crista,O'Cahey,RADIOLOGY,DOC-OSL-35515,14,7819376188,964 Fairfield Center,753,THB,http://dummyimage.com/247x100.png/cc0000/ffffff,2025-10-20 21:21:35
jchristescuf1@census.gov,$2a$04$PwleBIr39CuaKXjoycNjKOcUDfIX/qkW6M4NTGpxcL5fuUCn1u/e6,Jayme,Christescu,UROLOGY,DOC-QZQ-39040,16,9938412619,0 Caliangt Alley,833,RUB,http://dummyimage.com/167x100.png/cc0000/ffffff,2025-10-20 21:21:35
pyglesiaf2@mtv.com,$2a$04$0kB.3C61.CA8nYloIOrhbuTYYEuDZaoos.IE3/vyLAg5fttahK712,Parker,Yglesia,DENTISTRY,DOC-DVI-01805,7,6943639013,27896 Lyons Road,983,BTN,http://dummyimage.com/209x100.png/ff4444/ffffff,2025-10-20 21:21:35
bhugnetf3@newyorker.com,$2a$04$8ck.2.4ytcFzRZesj2P3euyZvSD0Ur0cqdbZ.9UvCk1g3AOFZkpMm,Belicia,Hugnet,OPHTHALMOLOGY,DOC-AZU-86179,3,2017965382,34148 4th Parkway,1522,MXN,http://dummyimage.com/175x100.png/ff4444/ffffff,2025-10-20 21:21:35
atwomeyf4@so-net.ne.jp,$2a$04$0RnsT4tQGU2u8FwqU9D5veDSIKrqi3fwArFfkx22b7mWwNC0WAwh.,Abra,Twomey,PSYCHIATRY,DOC-DMB-19359,18,4988250477,24364 Pepper Wood Hill,1365,CNY,http://dummyimage.com/185x100.png/dddddd/000000,2025-10-20 21:21:35
natthowf5@nbcnews.com,$2a$04$as7YNiayFi8.Iov.Ks5yQOANqPSO8z86zClA0q975ihzYlyjlDQu.,Nicolis,Atthow,RADIOLOGY,DOC-ZXH-07422,21,7204825582,18 Sunbrook Way,1948,IRR,http://dummyimage.com/113x100.png/ff4444/ffffff,2025-10-20 21:21:35
cfilmerf6@google.com.br,$2a$04$.6hHNXVH.muezt61IftUm.74Nh.Rwrdtl8HMLKvvAtYTLjQeMzMti,Clair,Filmer,ORTHOPEDICS,DOC-QNT-41998,22,4394741996,5698 Ridgeway Avenue,696,NGN,http://dummyimage.com/108x100.png/cc0000/ffffff,2025-10-20 21:21:35
sspaffordf7@wp.com,$2a$04$KQ6o2k/aWV7Fg0qNnFqrReQ2LYXo7Tfj4.on.0N3PiPVlhBk1ew/u,Silvio,Spafford,GYNECOLOGY,DOC-LDE-38853,1,9755680010,4 Fair Oaks Avenue,690,CAD,http://dummyimage.com/105x100.png/cc0000/ffffff,2025-10-20 21:21:35
ltoffolof8@vinaora.com,$2a$04$1NsurKD4Vvp2CM2xJH.ZKe3qp7HptXo3xCQA54YqZMefkDqPtsAjK,Livvie,Toffolo,PLASTIC_SURGERY,DOC-UDA-87648,12,2362395986,44 Hintze Lane,1376,CNY,http://dummyimage.com/132x100.png/dddddd/000000,2025-10-20 21:21:35
dbuxeyf9@eventbrite.com,$2a$04$5uh4EPGUK3yRqtXO4EFo8.7QWtKS6wYBv87p3ZTDgDetPVaRYlLJ2,Darlleen,Buxey,NEUROLOGY,DOC-AHT-43049,21,5508585062,9917 Russell Parkway,607,PLN,http://dummyimage.com/214x100.png/cc0000/ffffff,2025-10-20 21:21:35
cthackerayfa@livejournal.com,$2a$04$VucANunKtwtz/wrKZPefLu0UibIuKoGZiTauk54lYF7frP2/qmBKS,Corette,Thackeray,INFECTIOUS_DISEASE,DOC-TZR-00262,3,9393859999,757 Northview Street,1473,CNY,http://dummyimage.com/248x100.png/ff4444/ffffff,2025-10-20 21:21:35
sscallonfb@comcast.net,$2a$04$QL94rwUP6LEPESGv61MNkesdRbngsZtSnGqXlBVBVBFXg8A//2LWG,Sande,Scallon,RADIOLOGY,DOC-NQJ-71133,5,3704898247,4994 Sachtjen Trail,1767,EUR,http://dummyimage.com/220x100.png/ff4444/ffffff,2025-10-20 21:21:35
jbainesfc@columbia.edu,$2a$04$2AOK3ral2L9DGDj6bv6TtudJnRpj8by8TBhAw.u2UHKOtTtH2RHiC,Jedidiah,Baines,DENTISTRY,DOC-WGE-67820,21,1061060176,56 Coleman Place,1618,COP,http://dummyimage.com/123x100.png/ff4444/ffffff,2025-10-20 21:21:35
tmonikerfd@posterous.com,$2a$04$2nm2HaEc.GidksKlQkIgee6xclnuoMgIJ9mOb5uDMt72xBk8WniDu,Terese,Moniker,IMMUNOLOGY,DOC-ZUP-15564,20,6499617528,443 Scott Plaza,945,IDR,http://dummyimage.com/144x100.png/ff4444/ffffff,2025-10-20 21:21:35
skingsnorthfe@bbc.co.uk,$2a$04$wZPckOdGb8WmyLAwS2Eog.r20DxpSZPTw5Z84Rhafjpn6MbJEb2hq,Sephira,Kingsnorth,GENERAL_SURGERY,DOC-CRY-81671,9,9525245313,753 Vermont Alley,905,CZK,http://dummyimage.com/190x100.png/dddddd/000000,2025-10-20 21:21:35
ndowsettff@opensource.org,$2a$04$VxrqBnpYFuqucMGXJGdvnu1EYJ73LwnJqL81fFxzWCvC6JNhfSfCO,Natalee,Dowsett,SPORTS_MEDICINE,DOC-GRQ-46852,25,4593682238,955 Continental Court,581,NGN,http://dummyimage.com/220x100.png/5fa2dd/ffffff,2025-10-20 21:21:35
grossanderfg@soup.io,$2a$04$lEXH3CMkyLA9EbYebcYsvODjxssN.uYj6wO751YppmFjTA2yx2DV6,Goldarina,Rossander,GENERAL_SURGERY,DOC-VRZ-72071,5,4928113427,190 Fair Oaks Crossing,1749,PEN,http://dummyimage.com/145x100.png/cc0000/ffffff,2025-10-20 21:21:35
sspringfh@discovery.com,$2a$04$Z.UY1bjrMW0lJRkNatUVNeyjTD3AzeShA6mXToXttA7IpEWKztRvq,Sayres,Spring,ENDOCRINOLOGY,DOC-KQQ-54342,10,4388743250,314 Mandrake Terrace,945,CZK,http://dummyimage.com/124x100.png/dddddd/000000,2025-10-20 21:21:35
dsmallbonefi@skyrock.com,$2a$04$oe9NA8mKM15PO5Cqe7XzsebUo1mN1XDxCamB1FmSHq7slsycRu.aG,Dionisio,Smallbone,GASTROENTEROLOGY,DOC-LNR-01979,23,9601574845,4 Memorial Hill,1994,PAB,http://dummyimage.com/115x100.png/ff4444/ffffff,2025-10-20 21:21:35
bcrudenfj@altervista.org,$2a$04$advDmvyVli1vluSEUCz3yuBuHxfXt2bv7uW.BCZU1MO2.yN3BzaFW,Bradney,Cruden,EMERGENCY_MEDICINE,DOC-LTP-81541,4,3697829579,84175 Glendale Pass,1510,RUB,http://dummyimage.com/126x100.png/ff4444/ffffff,2025-10-20 21:21:35
djobernfk@amazon.co.jp,$2a$04$b0V9jcttSxmyCMS6BUQGfe5ydgoCCDCqby9N.KZYQylIgA3Zgwe0O,Davidson,Jobern,INFECTIOUS_DISEASE,DOC-EVH-67701,21,8851800021,2 Harbort Street,1952,RUB,http://dummyimage.com/135x100.png/ff4444/ffffff,2025-10-20 21:21:35
cpowerfl@usa.gov,$2a$04$5lO4GMQBwK97tw.xCc2Ylu3M/r.dJxtOIQR8LP1u5sfz6C/tsAhTS,Candis,Power,INFECTIOUS_DISEASE,DOC-WYM-24333,5,2652822801,96151 Prairieview Lane,876,IDR,http://dummyimage.com/151x100.png/cc0000/ffffff,2025-10-20 21:21:35
jcuddyfm@cisco.com,$2a$04$P3hXR1CEUsBjfN5gXxbJueD8huYE1BpCQeHXu2FmffAy3ZhNA73V2,Julia,Cuddy,ORTHOPEDICS,DOC-IVX-23457,21,1387883926,5 Village Circle,719,CNY,http://dummyimage.com/165x100.png/ff4444/ffffff,2025-10-20 21:21:35
jgladdolphfn@yahoo.co.jp,$2a$04$wXUVnPp7PWj69KoYOhNvzu6CrO3Qhc2TZuXypO/Qpdpyw1uVWA2WG,Jenny,Gladdolph,RHEUMATOLOGY,DOC-GLZ-30387,25,5504523045,4080 Lotheville Way,1847,ARS,http://dummyimage.com/170x100.png/5fa2dd/ffffff,2025-10-20 21:21:35
ugiggiefo@t-online.de,$2a$04$vzDGwt9W.eOLEF0iBzxHzO4GEHzLoDt90ioFGgA6qI70ozJX14.dy,Ulric,Giggie,IMMUNOLOGY,DOC-FFH-89790,6,3497814444,9 Monument Way,1870,EUR,http://dummyimage.com/211x100.png/5fa2dd/ffffff,2025-10-20 21:21:35
vscrimshawfp@blinklist.com,$2a$04$RJ87ylcw2pfLqgqIpqbBsO0kfeU1IvR6WHuIuOiWZ49bZKZMjCa3G,Vi,Scrimshaw,GASTROENTEROLOGY,DOC-MAJ-74726,11,9399872760,1 Calypso Circle,609,CNY,http://dummyimage.com/159x100.png/dddddd/000000,2025-10-20 21:21:35
baldwincklefq@washingtonpost.com,$2a$04$rUvxLw0D9ek.5phzoRdOL.pfVxhdg27FpNUkHIc.3eCPfOKVvTrZm,Bastien,Aldwinckle,PLASTIC_SURGERY,DOC-RJJ-08004,17,9387822304,71570 Roth Road,1516,CAD,http://dummyimage.com/216x100.png/dddddd/000000,2025-10-20 21:21:35
wbarentsfr@nationalgeographic.com,$2a$04$tLj0kmrBBhtt3Gx58v3ucOxH/2CGDiGe5Jkmw5qI5WpzSADo.kIZi,Way,Barents,ENT,DOC-UCM-85005,24,4159535767,04858 Northport Junction,648,PHP,http://dummyimage.com/129x100.png/cc0000/ffffff,2025-10-20 21:21:35
reatesfs@com.com,$2a$04$dY0Oi.GrM0M/bwuzRNqQOuPw0Ist/hrVI7k2CndgTc9KxlEtSGRuu,Roana,Eates,NEPHROLOGY,DOC-GIM-15840,10,3031399920,67 Linden Street,694,BOB,http://dummyimage.com/110x100.png/5fa2dd/ffffff,2025-10-20 21:21:35
dwoollheadft@sfgate.com,$2a$04$LWk1IpHFlZmoXVBITZYwfugozYAQnI9ycZMwbq2EIWsOT.pKP3zDO,Doy,Woollhead,NEUROLOGY,DOC-UGD-20155,1,3562863883,4 Loftsgordon Lane,1490,PKR,http://dummyimage.com/115x100.png/ff4444/ffffff,2025-10-20 21:21:35
jpamplinfu@netvibes.com,$2a$04$wzCy1Um8rSZKCVzbXBGDFe8qxuiqyT92uyEV0cyccFEL1OssnKSBm,Juliana,Pamplin,OPHTHALMOLOGY,DOC-FVD-00420,9,3326147692,2319 Luster Circle,1000,CNY,http://dummyimage.com/147x100.png/5fa2dd/ffffff,2025-10-20 21:21:35
lwitheropfv@w3.org,$2a$04$rmovU8UsW7.mwEjvBDmpEujwHYpaLOJBTVQiAVM27AYtQiIEUFIZm,Lanny,Witherop,PSYCHIATRY,DOC-WUE-78118,17,3032066826,5652 Debs Alley,831,CNY,http://dummyimage.com/209x100.png/cc0000/ffffff,2025-10-20 21:21:35
opykefw@imageshack.us,$2a$04$lQQdvyhBbMpYeKzKMhdtKu5fUZDEoyq4Ihv60ME1Ptdh4wp74qcQy,Orelia,Pyke,PATHOLOGY,DOC-ZCG-17096,2,5554769016,664 Delaware Trail,833,CNY,http://dummyimage.com/195x100.png/dddddd/000000,2025-10-20 21:21:35
awelchfx@theatlantic.com,$2a$04$7uObnrdFIS2SMPKZWYChieu8KCPj5XJsbKXHw4i.EsivTUD7ZYHa.,Aryn,Welch,ANESTHESIOLOGY,DOC-GWI-54507,7,7207581773,3 North Lane,1621,SEK,http://dummyimage.com/124x100.png/ff4444/ffffff,2025-10-20 21:21:35
tbridgefy@nps.gov,$2a$04$QHy.16OGWxY3I9Odq065XehH0WY0cGkFGz1HJUG.YOEP4Io9TWhgO,Tally,Bridge,INFECTIOUS_DISEASE,DOC-TBR-79091,16,2939535599,1803 Schmedeman Way,1486,MYR,http://dummyimage.com/175x100.png/dddddd/000000,2025-10-20 21:21:35
cpratenfz@freewebs.com,$2a$04$kD94.uMGljTvhl01/FuHj.l9ZIxX0jb5wx3qVYX55C9LO3b4Qwm7K,Charmion,Praten,EMERGENCY_MEDICINE,DOC-JBG-54959,18,4461626939,9 5th Terrace,944,EUR,http://dummyimage.com/147x100.png/cc0000/ffffff,2025-10-20 21:21:35
ugorglg0@sun.com,$2a$04$PSYTCaD.pF/RWKjvTszqz.gkjPfOl65UP2GQ71pI2Ii4qkWiNSoUG,Urbano,Gorgl,ORTHOPEDICS,DOC-TFW-39649,2,2196743101,7 Holy Cross Court,1366,XAF,http://dummyimage.com/151x100.png/cc0000/ffffff,2025-10-20 21:21:35
gtullettg1@wp.com,$2a$04$ltEnSRVVtNOtA13nWxrd4.XGmr2FIXiFnfXihUIUXMg4Le2AHDaNO,Gordon,Tullett,ANESTHESIOLOGY,DOC-INT-08678,13,9514061785,24761 Calypso Park,1438,IDR,http://dummyimage.com/156x100.png/5fa2dd/ffffff,2025-10-20 21:21:35
cosullivang2@yale.edu,$2a$04$Spk2mtIq.O4Yrg8bWRa9vOYb0pSWQ2wGhnoR.iTd4TKgNNfBiNk3G,Cosme,O'Sullivan,IMMUNOLOGY,DOC-QLE-28453,8,9251721517,23 Pennsylvania Center,1044,JPY,http://dummyimage.com/242x100.png/dddddd/000000,2025-10-20 21:21:35
mlowdeaneg3@google.ru,$2a$04$gQkciyVfcZf0xv0ASkHU5.HIFIbXwEHNsW/I8ydbdN8LwCEUP/HY.,Magdaia,Lowdeane,GENERAL_SURGERY,DOC-UWZ-47623,23,1275093779,308 Portage Park,1441,EUR,http://dummyimage.com/213x100.png/cc0000/ffffff,2025-10-20 21:21:35
wknaggsg4@amazonaws.com,$2a$04$beZ1n9AhZTaM3fNEFiouB.Rt8e9PeHMMlr.l9Q6Y81tSzWRHwO/26,Whit,Knaggs,EMERGENCY_MEDICINE,DOC-UZW-30608,3,5009541771,9 Warner Street,746,CNY,http://dummyimage.com/243x100.png/ff4444/ffffff,2025-10-20 21:21:35
rsimondsg5@google.com.au,$2a$04$ibuzLi/8dj5d.mBNE.XtGuN7d09MY7sGB3WTqtlbSoToNpIZeMHjq,Reinhard,Simonds,DERMATOLOGY,DOC-BFJ-08038,20,5354370933,36395 Independence Court,677,CNY,http://dummyimage.com/138x100.png/ff4444/ffffff,2025-10-20 21:21:35
gaxcelg6@geocities.com,$2a$04$0AtmR0VXHzw5mIeFGJkO9uB92kbQAYsCc.XpQ8.krShgxE86/o8ym,Gayelord,Axcel,DENTISTRY,DOC-SDJ-79329,6,1095077659,2 Melvin Circle,1624,PEN,http://dummyimage.com/199x100.png/cc0000/ffffff,2025-10-20 21:21:35
jlafayeg7@dion.ne.jp,$2a$04$tnt/h6RnyK6lpjQaXic9JePxteaqn6NvaAQaCRQTXnvetqDizu9Yy,Jarrett,Lafaye,ENT,DOC-QLJ-55089,22,2331881542,5 Heffernan Road,996,EUR,http://dummyimage.com/201x100.png/5fa2dd/ffffff,2025-10-20 21:21:35
nsallisg8@jugem.jp,$2a$04$eNA9gXG4xZIOCgoxumufA.Y9HSueU2CwLLtlkVvYnPu.u6tfffqzK,Nissa,Sallis,GYNECOLOGY,DOC-VFK-06214,16,5852750723,6468 Westport Point,822,PLN,http://dummyimage.com/133x100.png/ff4444/ffffff,2025-10-20 21:21:35
ktowlg9@boston.com,$2a$04$p4YVUIem7BnLODUCdMrJQetsSGdLOYJHVGiJUfKMLfKE53nGcIhRa,Kerrill,Towl,ANESTHESIOLOGY,DOC-IKC-53777,11,2213212056,7219 Susan Court,1820,CNY,http://dummyimage.com/113x100.png/5fa2dd/ffffff,2025-10-20 21:21:35
jhellierga@loc.gov,$2a$04$2Na80w1Qr9DfluOmm0P9G.J9XZKeNoNczaol7jtel72.hZcvMtUcC,Jesus,Hellier,RADIOLOGY,DOC-WAH-60262,4,1601255491,3 Ronald Regan Parkway,1091,SEK,http://dummyimage.com/199x100.png/dddddd/000000,2025-10-20 21:21:35
xmitchesongb@multiply.com,$2a$04$61xwaHEc39/mkjZcHs1hweCJPGcHY2gViEjgbI92pnDDI4VsiasjG,Xymenes,Mitcheson,DERMATOLOGY,DOC-MKQ-71625,1,2381898990,04 Sunbrook Crossing,1002,IRR,http://dummyimage.com/153x100.png/5fa2dd/ffffff,2025-10-20 21:21:35
rmilnesgc@senate.gov,$2a$04$Kuj9h2jfdp8euGha5o3yrOs7ccXKtvPjkUEOCqWbjgK40RJU64uqS,Russ,Milnes,DERMATOLOGY,DOC-VAX-05753,18,6282892795,320 Forster Park,1110,IDR,http://dummyimage.com/148x100.png/ff4444/ffffff,2025-10-20 21:21:35
cvillegd@ifeng.com,$2a$04$f4TkmaPbbOM0SAJjnCuZIeBQTkvqFByA.ZVo5rKOwKzEO4.nPyZmC,Crissie,Ville,ENDOCRINOLOGY,DOC-HCN-95939,22,6973644140,4 Jana Pass,713,EUR,http://dummyimage.com/125x100.png/dddddd/000000,2025-10-20 21:21:35
bkimblenge@sphinn.com,$2a$04$nvpEk5P7FsKTKzH4foYMOeoeObmPnDqN2/3EDkUYTqsc2PgBfTrhG,Benita,Kimblen,PATHOLOGY,DOC-FDP-37737,16,5238451653,3 Lerdahl Alley,903,CNY,http://dummyimage.com/117x100.png/ff4444/ffffff,2025-10-20 21:21:35
jskyrmgf@reverbnation.com,$2a$04$gP32CB9/sLHuZtIhnTsLP.r1au39Euyq.rHy3k2Cr4SJYb1PhyzxG,Julian,Skyrm,PLASTIC_SURGERY,DOC-IWN-61372,22,6609505694,3772 Toban Terrace,1267,EUR,http://dummyimage.com/228x100.png/dddddd/000000,2025-10-20 21:21:35
ngilfillangg@altervista.org,$2a$04$8ygg8ReiaZBtEWz1/d0OnOI2ueHYsHgOQRTis83YZhoJBHo.PBPou,Nanette,Gilfillan,EMERGENCY_MEDICINE,DOC-TMG-82958,22,8293171478,5 Vernon Place,856,PHP,http://dummyimage.com/135x100.png/cc0000/ffffff,2025-10-20 21:21:35
lygogh@fotki.com,$2a$04$hkO8mq3SsTevjVbbERjk/Oqp.cnr9e2ZSZUTDoAyv0C0svfWOWoFG,Lynne,Ygo,PULMONOLOGY,DOC-TRM-78828,13,7033848611,53 Sutherland Crossing,889,JPY,http://dummyimage.com/245x100.png/dddddd/000000,2025-10-20 21:21:35
clangstonegi@bloglovin.com,$2a$04$bp1HJ.2tdgIqeAqV7wb1SOHskxgrZwGBzu.r/8txlV1envRHgtwgW,Christa,Langstone,GYNECOLOGY,DOC-JPK-91122,6,9362419226,589 American Pass,551,MMK,http://dummyimage.com/241x100.png/dddddd/000000,2025-10-20 21:21:35
bchilderhousegj@istockphoto.com,$2a$04$ZYEc6diUtu74FJDFF2IDnOJFN7iseHQgnVay.LUc3tJFycTxi6ywC,Benny,Childerhouse,FAMILY_MEDICINE,DOC-CYI-42777,6,9548782820,3598 Orin Terrace,1384,USD,http://dummyimage.com/110x100.png/cc0000/ffffff,2025-10-20 21:21:35
ejakubczykgk@de.vu,$2a$04$kz/Gc18Z8/jRNofzBgvrsuiLuFm.tRg5iw73UrDH8H2JJNnzHWpG.,Erda,Jakubczyk,DENTISTRY,DOC-AKY-40807,21,3434041069,598 Badeau Drive,846,PHP,http://dummyimage.com/152x100.png/5fa2dd/ffffff,2025-10-20 21:21:35
jrumfordgl@examiner.com,$2a$04$h7JCbJjs0a/.C3.7jx7Rp.WN2iHsldBHR.bNdgKBbBetv9bpQwx52,Jojo,Rumford,GENERAL_SURGERY,DOC-LRA-82799,15,8342989096,90353 Hansons Junction,1548,PLN,http://dummyimage.com/194x100.png/ff4444/ffffff,2025-10-20 21:21:35
seilhermanngm@hibu.com,$2a$04$5fLZaljGb4ozxl6AxKC8beV4zbIrvtcOgORJ5D2OdWt11MRKU3Z6K,Sophia,Eilhermann,NEPHROLOGY,DOC-FQY-07590,19,8811535124,79 Shasta Park,1507,CZK,http://dummyimage.com/249x100.png/ff4444/ffffff,2025-10-20 21:21:35
ehawksleygn@miitbeian.gov.cn,$2a$04$HGqSOMLMCycpE7QgcEW2h.I9vfsf.3KssNrl.y3R3tYC0ejBs7r0m,Esmaria,Hawksley,ONCOLOGY,DOC-DFR-97442,15,6842444613,0 Killdeer Way,1141,MGA,http://dummyimage.com/245x100.png/cc0000/ffffff,2025-10-20 21:21:35
csabertongo@typepad.com,$2a$04$PT5s.kSC/81jLtLfOjd0zu46WSKm7ajavkKyYZcIXJDx//0OW4vcu,Clint,Saberton,ENDOCRINOLOGY,DOC-MUI-78536,6,7172404515,2507 Cardinal Court,1725,UAH,http://dummyimage.com/187x100.png/5fa2dd/ffffff,2025-10-20 21:21:35
tfranssengp@adobe.com,$2a$04$.HE1vKIQHB6xypIsNgI5OOav6kKyQxB1CqyegRC9lv5bSpPVqzRzm,Teddi,Franssen,NEUROLOGY,DOC-VZU-91601,24,4173505455,88 Bellgrove Parkway,1092,VND,http://dummyimage.com/124x100.png/dddddd/000000,2025-10-20 21:21:35
pmcgrouthergq@unc.edu,$2a$04$g9u3UAjpQr8wB9mBxRL0pu./83.mb4UQi.Z0eRB9K2li.xQagCPdy,Petey,McGrouther,PSYCHIATRY,DOC-NNQ-86909,10,8366440580,7651 Northridge Alley,832,EUR,http://dummyimage.com/127x100.png/cc0000/ffffff,2025-10-20 21:21:35
abiasettigr@businessinsider.com,$2a$04$63MQJb.OA1CEICrpm7XYhOswMXQwN81g716L85e4akbTNt7Ibw/CW,Aldo,Biasetti,CARDIOLOGY,DOC-AUA-81444,6,8988138792,50694 Vidon Crossing,1395,IDR,http://dummyimage.com/249x100.png/cc0000/ffffff,2025-10-20 21:21:35
bstpierregs@sciencedirect.com,$2a$04$u78j0NfTOdQYcIgGwYFyoOD0oyuG59sne2ejcvKBkXxKIoCmHmycW,Benedetta,St Pierre,RADIOLOGY,DOC-NZM-89996,14,7135904497,81032 Magdeline Parkway,1717,AWG,http://dummyimage.com/121x100.png/ff4444/ffffff,2025-10-20 21:21:35
bamorgt@whitehouse.gov,$2a$04$DVCdEv1PVRJbY0ki2xb6GOX6R1qCp8LCz.nqiKKgTNEwgO1KSeud2,Barri,Amor,ONCOLOGY,DOC-XID-11543,19,4283986256,6 Thompson Crossing,954,RUB,http://dummyimage.com/110x100.png/ff4444/ffffff,2025-10-20 21:21:35
kguillougu@printfriendly.com,$2a$04$ggdB9vsaapWzPMcApcTX1.Yx3A5r6xuDaAlci/9n8am6s/w5Fw4L2,Kathye,Guillou,PSYCHIATRY,DOC-WWB-00390,4,2758332806,17503 Blue Bill Park Court,543,PHP,http://dummyimage.com/201x100.png/dddddd/000000,2025-10-20 21:21:35
kmackillgv@scribd.com,$2a$04$2659BwVMakesOORyZcgEau7nRuGTzdNJ2hBTESdJoreeqD09/WSKi,Karalee,MacKill,NEUROLOGY,DOC-CCR-12449,13,7926095549,5871 Aberg Way,1681,CNY,http://dummyimage.com/217x100.png/dddddd/000000,2025-10-20 21:21:35
hamsdengw@list-manage.com,$2a$04$Eku6Lqq/nQnQK2BYpohP8uOIvrglDhQLPQPQ5Yakq8gYmkUJKL4Um,Halley,Amsden,INFECTIOUS_DISEASE,DOC-NHB-50800,24,2566715436,1 Lien Parkway,527,EUR,http://dummyimage.com/152x100.png/ff4444/ffffff,2025-10-20 21:21:35
mnairnegx@canalblog.com,$2a$04$mm.NhlNLGOn7V5t7ZFlQxO07srpR4ONdgiqDPXaX02kY30M5bVzo6,Minna,Nairne,ENDOCRINOLOGY,DOC-AQW-46854,11,8475832675,7 Michigan Junction,662,CNY,http://dummyimage.com/111x100.png/5fa2dd/ffffff,2025-10-20 21:21:35
mcorssengy@infoseek.co.jp,$2a$04$oAl20Ty4ys/zXUVP/uqE9OZlJrK01Qtte4f6s0GrRZDY3ljfrX9cC,Margo,Corssen,EMERGENCY_MEDICINE,DOC-WLQ-89165,5,6111417438,5540 Sullivan Drive,1138,CAD,http://dummyimage.com/146x100.png/cc0000/ffffff,2025-10-20 21:21:35
mitzhakgz@mozilla.com,$2a$04$Ucssnre7LpBzGM2qU5Rgt.1um794QTvGVgeQBVH5CwGrdcjctAY3.,Marty,Itzhak,ANESTHESIOLOGY,DOC-WLZ-59949,14,2015708201,98686 Canary Alley,788,RUB,http://dummyimage.com/118x100.png/dddddd/000000,2025-10-20 21:21:35
astylesh0@icq.com,$2a$04$o8416YFj9PNvJE/sz5Bj6eEkyRjxQknV/gNbYkQOxHzJ0qtuc.Im2,Alfy,Styles,NEUROLOGY,DOC-VVX-55457,9,9892629481,800 Union Point,579,BRL,http://dummyimage.com/234x100.png/ff4444/ffffff,2025-10-20 21:21:35
wlogesdaleh1@un.org,$2a$04$Fn93tr8VuvsbQTur.b0vI.0ZK709HLU3yqGxT1qpJOjYsG.Zulovy,Wynny,Logesdale,PATHOLOGY,DOC-ZZV-94183,21,3326930954,834 Petterle Way,696,IRR,http://dummyimage.com/128x100.png/ff4444/ffffff,2025-10-20 21:21:35
lleneveh2@forbes.com,$2a$04$sz43Saww/i5kNMh3s9oUh.hCSiWTqEGbu6nOAd/3OYaEoO32buNce,Lorri,Leneve,ENDOCRINOLOGY,DOC-TMG-20181,6,2389444586,41131 Lawn Circle,996,CNY,http://dummyimage.com/132x100.png/cc0000/ffffff,2025-10-20 21:21:35
rcotteh3@cloudflare.com,$2a$04$FZ4RLNKFDYupaeZx5ao1RuYJjxnU.TbNLCaNJzcbMR9e4goGK4G.a,Rodina,Cotte,GENERAL_SURGERY,DOC-JLV-63001,1,4994126917,67600 Merchant Circle,1042,PHP,http://dummyimage.com/157x100.png/dddddd/000000,2025-10-20 21:21:35
loshaughnessyh4@smh.com.au,$2a$04$FQWUFpUoh18KwBUWjIY4jeKUrRF3eJggr4t.qkFty9yufJf70JDRK,Letisha,O'Shaughnessy,HEMATOLOGY,DOC-GTH-17577,3,8508738333,292 Northland Center,809,IDR,http://dummyimage.com/221x100.png/cc0000/ffffff,2025-10-20 21:21:35
vhaughianh5@marriott.com,$2a$04$UsWBnm4YAuzqLp8iBXI3dOCyhM0FAfQ4qvqkJmCXDm4ps/EpjwGFK,Verne,Haughian,RADIOLOGY,DOC-VNJ-46169,20,2726029888,63 Northport Street,1722,MKD,http://dummyimage.com/158x100.png/dddddd/000000,2025-10-20 21:21:35
pbutterish6@amazon.co.uk,$2a$04$2o5ahoyn0I/NNkSgFUrhHu8aU0nz7BhQ6HqbbwC.GWv4Qub.Dpj4K,Paloma,Butteris,SPORTS_MEDICINE,DOC-TDE-86061,21,2001390460,146 Colorado Hill,1128,CZK,http://dummyimage.com/115x100.png/cc0000/ffffff,2025-10-20 21:21:35
crusbridgeh7@icq.com,$2a$04$jJzFSaum2.EliP/AwPyJueMWQfodONkVmoP9hgyowEz6mZ2kGwhQi,Christean,Rusbridge,ANESTHESIOLOGY,DOC-YXZ-97967,16,2529115591,809 Nancy Circle,1272,CNY,http://dummyimage.com/232x100.png/dddddd/000000,2025-10-20 21:21:35
rrobelinh8@behance.net,$2a$04$6v2jdEP/QFnoPKfFlF4OveNHCZklGB.cuLtceabtmFsLaKSF/1Dwu,Ralina,Robelin,PSYCHIATRY,DOC-PZY-77109,25,9666587972,9988 Northport Court,705,IDR,http://dummyimage.com/229x100.png/ff4444/ffffff,2025-10-20 21:21:35
wodulchontah9@live.com,$2a$04$eS/VyuNlgXVqiuMy6X1fLecOONxghEfZlJd.d/v2dbOLYNIGkd5ay,Wandis,O'Dulchonta,UROLOGY,DOC-YCC-00883,1,6878888192,9 Dexter Place,1831,CNY,http://dummyimage.com/229x100.png/dddddd/000000,2025-10-20 21:21:35
afleoteha@csmonitor.com,$2a$04$ULo3C0357xnn/g85pOXs4OoXw4GHw50AvM5wrlPSV0313QNpnu8j6,Anissa,Fleote,UROLOGY,DOC-KMO-99653,18,6882562136,9439 Clove Road,1457,VEF,http://dummyimage.com/184x100.png/ff4444/ffffff,2025-10-20 21:21:35
ajervoisehb@vistaprint.com,$2a$04$GLO7E82R8xY/sk8JTJ0iNeZv1LpqUYkD6P3TEO1l09ncGH9euTF8a,Avigdor,Jervoise,GASTROENTEROLOGY,DOC-YJC-20187,5,4419461278,24764 Blue Bill Park Way,1615,PHP,http://dummyimage.com/193x100.png/cc0000/ffffff,2025-10-20 21:21:35
nuttridgehc@jigsy.com,$2a$04$QwDvaymYtNpwrG4b/60qbeqIz/vUd/YmKPmRC2llnHmFNQ66woHrW,Niels,Uttridge,PATHOLOGY,DOC-GJW-91680,9,3611649792,27946 Warner Terrace,1393,EUR,http://dummyimage.com/154x100.png/5fa2dd/ffffff,2025-10-20 21:21:35
cacedohd@yolasite.com,$2a$04$q5XEjoCi5W/wC9uJssI4i.SzY.PLhvJZc.DfSR5dPevXSAL2hklp.,Carolyne,Acedo,PSYCHIATRY,DOC-TIN-55184,14,3401249857,94 West Point,1235,PEN,http://dummyimage.com/248x100.png/ff4444/ffffff,2025-10-20 21:21:35
jfligghe@quantcast.com,$2a$04$jXLPAKGTDQlM2vhbNpl3B.cnJC4MFamvgJUC/zLXKwo.uXZNxTw4m,Joye,Fligg,NEUROLOGY,DOC-PNS-43786,6,8062045751,1564 Lakeland Terrace,1751,CNY,http://dummyimage.com/160x100.png/5fa2dd/ffffff,2025-10-20 21:21:35
npibornhf@studiopress.com,$2a$04$Kal92Ebp7AoLOUtLv19DXekX6tK8bpF//kxtnKUr7WSKVjuoPnhki,Nikki,Piborn,NEUROLOGY,DOC-SPO-80404,14,7876140734,61965 Merchant Park,669,CNY,http://dummyimage.com/238x100.png/dddddd/000000,2025-10-20 21:21:35
kperuttohg@sciencedirect.com,$2a$04$vSuLuH5h97TQdzxgauBjxewox/doEWox0hlIfeNIldKUQFO8l2U6i,Kaela,Perutto,GYNECOLOGY,DOC-HXW-90078,20,5475106711,95160 Mendota Pass,1545,UAH,http://dummyimage.com/182x100.png/ff4444/ffffff,2025-10-20 21:21:35
ktemletthh@cafepress.com,$2a$04$onR1nypWokvsBYColl5kU.eZtewFY80au6jNuHzYRQlDMkob3Adea,Katharina,Temlett,NEUROLOGY,DOC-DYQ-26669,21,3479211540,56 Eastwood Alley,1162,RSD,http://dummyimage.com/137x100.png/5fa2dd/ffffff,2025-10-20 21:21:35
adaousthi@issuu.com,$2a$04$nlWIJhRrBLkR.jNCqfIDtek2grRSNp3XIFmh5XWUCqgpaI33RU8gO,Ardelle,Daoust,IMMUNOLOGY,DOC-WKG-00121,10,8071762795,1 David Way,1914,BGN,http://dummyimage.com/231x100.png/5fa2dd/ffffff,2025-10-20 21:21:35
bcleverlyhj@technorati.com,$2a$04$CPJYEjgcnb8h1RKIEdQ8B.LdI95n.8ThEUeLVTvLhHwp.JJkJyzUq,Bentlee,Cleverly,INTERNAL_MEDICINE,DOC-NJS-80499,16,8282028008,2096 Mariners Cove Place,1751,BAM,http://dummyimage.com/209x100.png/5fa2dd/ffffff,2025-10-20 21:21:35
kellcomehk@nhs.uk,$2a$04$YtdCVmiuTP9pM.S8ufPgXee48QpVuexeWc3dod.8yIK97UXFA9ko.,Kirsten,Ellcome,DENTISTRY,DOC-RTK-51879,23,4847442343,291 Quincy Drive,1463,PLN,http://dummyimage.com/102x100.png/dddddd/000000,2025-10-20 21:21:35
bjurisichl@zdnet.com,$2a$04$PreeQhv7vV7PXkchdiuI4OtzzP5i79H0cUAWEWsWsTc.LKFvvGhXi,Barnebas,Jurisic,PEDIATRICS,DOC-VDG-24597,24,2339862603,09673 Carpenter Alley,1068,BRL,http://dummyimage.com/215x100.png/ff4444/ffffff,2025-10-20 21:21:35
abrundillhm@nba.com,$2a$04$TwUE3vHpAz5ppDxbdcBnVetgSHi3.1uD5Sd/QPQWIIGdugZ5gLMey,Anna-diane,Brundill,OPHTHALMOLOGY,DOC-MXY-32595,7,2644081300,682 Green Court,1791,IDR,http://dummyimage.com/212x100.png/dddddd/000000,2025-10-20 21:21:35
mturnhn@guardian.co.uk,$2a$04$wCVcMBAC0qV.buCQga6L2.QH6turU7iIPpH2qOivhySLjEjJm8MA.,Missie,Turn,ENT,DOC-RGH-39863,1,9786634801,14743 Gerald Junction,1492,VND,http://dummyimage.com/107x100.png/5fa2dd/ffffff,2025-10-20 21:21:35
rkemingho@networksolutions.com,$2a$04$bPHSwCjRHhFIN1wImd0uP.Rad6pZ7YHZrx.TaHEXQREr5OLFG/SXK,Ruth,Keming,DENTISTRY,DOC-SAU-73056,5,2523553844,63488 Elmside Place,938,PKR,http://dummyimage.com/175x100.png/dddddd/000000,2025-10-20 21:21:35
tcanfieldhp@acquirethisname.com,$2a$04$ydqLNwx.16Eab0d28dkBPeMbM6R4W2.A.BjuX7hTLxGlO03ErzeeG,Trude,Canfield,INFECTIOUS_DISEASE,DOC-EOE-76767,14,4968406313,9377 Longview Parkway,1318,PHP,http://dummyimage.com/145x100.png/5fa2dd/ffffff,2025-10-20 21:21:35
cprittyhq@youtu.be,$2a$04$Mer3/Gqi2xsaHodjCdFjZunCrSO7tTEaohEzS0ZG57HfYjbMGHU1G,Claudian,Pritty,OPHTHALMOLOGY,DOC-PGV-80362,23,9295005453,22 Kenwood Road,1115,ILS,http://dummyimage.com/196x100.png/ff4444/ffffff,2025-10-20 21:21:35
abletcherhr@example.com,$2a$04$DLtZNTKnxDjTHjnlBDJplOVs4KWoVujCe08snuRDA92rq5zh9N2W6,Austen,Bletcher,GYNECOLOGY,DOC-ENT-28280,2,9985357208,6970 Mallory Circle,1413,CNY,http://dummyimage.com/237x100.png/dddddd/000000,2025-10-20 21:21:35
adarbyhs@jugem.jp,$2a$04$LKPjdGFVZ0P6WqMEhEimAOGS0w.AEdRF3YgEwyNK0kvhc55I/of.6,Adriane,Darby,RHEUMATOLOGY,DOC-XTD-04370,10,9488243859,0425 Southridge Parkway,939,IDR,http://dummyimage.com/124x100.png/5fa2dd/ffffff,2025-10-20 21:21:35
raucoateht@indiatimes.com,$2a$04$A67um8e36BOXP7otZ.J8i.8wHNR8Jndf.s3/NeMREF8pl4V.tnI6m,Rebekkah,Aucoate,UROLOGY,DOC-FOR-13816,22,1858253088,91557 Washington Lane,1973,EUR,http://dummyimage.com/131x100.png/ff4444/ffffff,2025-10-20 21:21:35
mgarstanhu@ftc.gov,$2a$04$B.kbS14j82eIftQdOeX73u9uGtsEtPyi6Y.qbDWEne25gLNFBAlq6,Minor,Garstan,FAMILY_MEDICINE,DOC-IZX-48662,18,5574797863,2609 Morningstar Avenue,1975,BAM,http://dummyimage.com/160x100.png/cc0000/ffffff,2025-10-20 21:21:35
btrevinohv@canalblog.com,$2a$04$wQKUzX1GaS6fJXDlAMFlh.MkRwFJPT5PyNTUdqsX9dEca0jeujrd6,Brenden,Trevino,FAMILY_MEDICINE,DOC-WGK-00696,7,3646936775,90242 Morningstar Pass,1687,ZAR,http://dummyimage.com/108x100.png/cc0000/ffffff,2025-10-20 21:21:35
bstilwellhw@youtube.com,$2a$04$CDAnZrxVM7oIukOCJW7cMeLFKi3Rv.8e2HnwlgxwH.zFserSKp3zW,Birgitta,Stilwell,NEPHROLOGY,DOC-RXW-26203,9,3024031210,92 Dorton Place,1806,ZMW,http://dummyimage.com/158x100.png/ff4444/ffffff,2025-10-20 21:21:35
felleshx@irs.gov,$2a$04$8WS.ARtYG/Bi58aQ0HaXz.jYh1VBH4bHusoCVd.UJ9J3LSvRfgAbO,Francine,Elles,FAMILY_MEDICINE,DOC-EDR-26277,22,8153158963,4 Vahlen Place,703,COP,http://dummyimage.com/172x100.png/5fa2dd/ffffff,2025-10-20 21:21:35
bmcginnellhy@pcworld.com,$2a$04$AOUbTALPd9wtQqX9jEEQDe3GF.FhCYENgUd0O7.HT.zaNCiQp7e5u,Brendon,McGinnell,PEDIATRICS,DOC-NUW-97789,18,3902719125,8 Anderson Crossing,1705,RUB,http://dummyimage.com/175x100.png/cc0000/ffffff,2025-10-20 21:21:35
spackwoodhz@rediff.com,$2a$04$zxw6nmqRqZylxUFNW/jBreEbYsKtLQXhj6FTqDk4MPDE4puzxqrnW,Scotty,Packwood,RADIOLOGY,DOC-ZCK-40363,14,4722514199,0558 Debra Way,1539,RUB,http://dummyimage.com/131x100.png/dddddd/000000,2025-10-20 21:21:35
aburnei0@globo.com,$2a$04$x0neRNXFm0rulzARidxZA.L/g3UftezVbRH4Pu.zfDbfSf1/1zENu,Allina,Burne,NEUROLOGY,DOC-UGE-20206,20,4378249436,47 Burning Wood Point,765,CUP,http://dummyimage.com/221x100.png/ff4444/ffffff,2025-10-20 21:21:35
kasseli1@over-blog.com,$2a$04$nXUHvpvlWH3u5rqlVFSlpOd0vgn1o86S0IJlfQ7t0ePxb7SUGYDv.,Karim,Assel,ENDOCRINOLOGY,DOC-ESX-49286,14,2639243791,0567 Loomis Drive,821,ARS,http://dummyimage.com/101x100.png/5fa2dd/ffffff,2025-10-20 21:21:35
drawnei2@disqus.com,$2a$04$pUpF1THbGCPJFXo/ade5zO2IySlvvnyPZtCa9.7q3K0.4C.VZ3k2e,Deerdre,Rawne,PATHOLOGY,DOC-FFN-83136,9,8995504657,522 Wayridge Way,939,PLN,http://dummyimage.com/139x100.png/5fa2dd/ffffff,2025-10-20 21:21:35
ljouandeti3@technorati.com,$2a$04$hHc9.IL0dLMMVDER1r4L.u6ukZUKia5kzSjYyrKe80BHG9KRe5eHO,Lebbie,Jouandet,RADIOLOGY,DOC-YFC-98042,25,2816303282,7 Tomscot Center,1793,JPY,http://dummyimage.com/161x100.png/ff4444/ffffff,2025-10-20 21:21:35
shagstonei4@tripadvisor.com,$2a$04$EynMVBZvlPkHj4iu1mqyUOnWniMKV/DtA7UTPpczWDtsF1C/N2T8S,Salomone,Hagstone,FAMILY_MEDICINE,DOC-GMB-39607,8,6169271857,945 Green Ridge Junction,1675,ILS,http://dummyimage.com/224x100.png/cc0000/ffffff,2025-10-20 21:21:35
mvalentettii5@constantcontact.com,$2a$04$zzm7THH3M4Xdkh2Q/rr/eei2QL4a6xqfARkK7L8gjb6PeYv.aKYx6,Mozes,Valentetti,ENDOCRINOLOGY,DOC-JOA-96529,11,9124554954,40168 Burning Wood Point,1766,USD,http://dummyimage.com/147x100.png/5fa2dd/ffffff,2025-10-20 21:21:35
bscuffhami6@fc2.com,$2a$04$t4G5rwjaZnRAitfnhIzW1uWEJj30duVfC4578JRe6Fxlmf7EkaT3m,Berny,Scuffham,RADIOLOGY,DOC-HNB-77712,16,8974989212,8420 Maple Wood Terrace,542,CNY,http://dummyimage.com/139x100.png/dddddd/000000,2025-10-20 21:21:35
bweddelli7@dedecms.com,$2a$04$SRxOr6HqvxSA9hNJVIOIRO43op917YA4wKGrijowhVTqw8arKmqhC,Burr,Weddell,PEDIATRICS,DOC-EWN-10494,1,8219062518,2096 Bultman Circle,1902,PHP,http://dummyimage.com/177x100.png/5fa2dd/ffffff,2025-10-20 21:21:35
fbresneni8@state.tx.us,$2a$04$eav40a4MTLyiB.0nhNvxfuV1aNAUOZMb2TA1rf2KMMx8/LCXti38u,Fax,Bresnen,PULMONOLOGY,DOC-CQI-49797,18,9996157943,5330 Village Green Alley,1550,CNY,http://dummyimage.com/177x100.png/dddddd/000000,2025-10-20 21:21:35
sduhigi9@last.fm,$2a$04$C53ep9SaB.ARjTFdakwOt.S/yjX7B8gfj7jRDvHY5TElWIo2vsz9.,Sunshine,Duhig,ONCOLOGY,DOC-OJB-62341,14,7045360267,6017 Waubesa Hill,1893,BRL,http://dummyimage.com/107x100.png/dddddd/000000,2025-10-20 21:21:35
msloamia@odnoklassniki.ru,$2a$04$0CxjT.Tfo7/fENt2PX32D.2T8fYpRR6uKpZrdf9JsKQXvEVVeqD8S,Milton,Sloam,GASTROENTEROLOGY,DOC-DGA-79393,5,7209260355,1103 Laurel Court,764,CNY,http://dummyimage.com/245x100.png/ff4444/ffffff,2025-10-20 21:21:35
rscoggansib@macromedia.com,$2a$04$gjobjjsf8yuHGaKANib3puUasWYYErtpHY.e4c3RIWA90wPKZrTPG,Ramsey,Scoggans,DENTISTRY,DOC-DQB-17821,11,3487243941,8380 Manley Lane,748,CNY,http://dummyimage.com/222x100.png/cc0000/ffffff,2025-10-20 21:21:35
ldoranic@nps.gov,$2a$04$0PKWccd0XgdLr03WtV5MTeK.9e/P3dL7iYXXqlGAh.A7i1v5QvUcG,Lotty,Doran,ANESTHESIOLOGY,DOC-NWO-49785,20,9358908234,1668 Tennyson Hill,1335,PLN,http://dummyimage.com/183x100.png/dddddd/000000,2025-10-20 21:21:35
clucksid@uol.com.br,$2a$04$wzXbZ8cw54TqOq/o/IBIBOCJtnlrpZ08jvXFu4QPlKLk4fU0rQ31e,Christalle,Lucks,IMMUNOLOGY,DOC-SQJ-47113,15,7168441760,9 Trailsway Road,756,THB,http://dummyimage.com/250x100.png/dddddd/000000,2025-10-20 21:21:35
jmcquarrieie@marketwatch.com,$2a$04$Q14yM/qN4FjpBK2okpY5zuvtIHF6/Bm9vfy/RTWQK/QAK0V4ERjNy,Julita,McQuarrie,PULMONOLOGY,DOC-UTH-27660,20,4148459702,20 Oxford Crossing,1480,PLN,http://dummyimage.com/186x100.png/ff4444/ffffff,2025-10-20 21:21:35
lanticif@exblog.jp,$2a$04$Z4.rAvKmmG/4991ZQIeOHugkPHSZLRdc553LMHCfrWKM7hkVTOwmG,Ludwig,Antic,INFECTIOUS_DISEASE,DOC-GNZ-17561,5,9597715361,645 Schurz Plaza,1956,SYP,http://dummyimage.com/234x100.png/dddddd/000000,2025-10-20 21:21:35
hhookesig@cyberchimps.com,$2a$04$83P6qJ7bsMed5HP7Pw7oA.ad5ZtuGq1lu8y06YvCg8S0FmYd7aCBG,Hanni,Hookes,CARDIOLOGY,DOC-ZVF-34125,15,1955485667,59605 Johnson Junction,901,CNY,http://dummyimage.com/212x100.png/dddddd/000000,2025-10-20 21:21:35
mwisniewskiih@ucoz.ru,$2a$04$eYfrdh/7ZpPAWyDNkN52Juc7/IP2Km2q/nm9GOr7/zsgDS6olMYxG,Marten,Wisniewski,PSYCHIATRY,DOC-WFL-88120,13,9289002837,0382 Golf View Drive,1312,CNY,http://dummyimage.com/234x100.png/5fa2dd/ffffff,2025-10-20 21:21:35
fsilwoodii@purevolume.com,$2a$04$LhwaDAgZGBKl2Ob798g8JuK6tkh9Cfp0EGf.cB8ZtQvHh8OK4KEtW,Fannie,Silwood,ORTHOPEDICS,DOC-YHQ-20211,5,5107322769,294 Mariners Cove Pass,771,ALL,http://dummyimage.com/235x100.png/cc0000/ffffff,2025-10-20 21:21:35
sashfoldij@google.com.hk,$2a$04$esQp61y0lXt5XQEMbD4w/uyS1hJBqfCPWAOKG4NBCkH5WUT/6KlT.,Sammie,Ashfold,INTERNAL_MEDICINE,DOC-QXE-87284,21,6818938583,27 Summit Court,1322,RUB,http://dummyimage.com/175x100.png/5fa2dd/ffffff,2025-10-20 21:21:35
deasthamik@redcross.org,$2a$04$n6l/MwAmiFLHF/aBcWucTu.bZ76XWBoVba7Bdhv.1lUY2xFYy9F/K,Dunstan,Eastham,DENTISTRY,DOC-BEA-50038,24,4487383233,4722 Fremont Road,635,EUR,http://dummyimage.com/236x100.png/cc0000/ffffff,2025-10-20 21:21:35
smuscatil@npr.org,$2a$04$Ccb7j5rX37XpnOiymWiBPOIypp9KImLbuII8aUsZEnqaKSRENTxFe,Sauveur,Muscat,ONCOLOGY,DOC-BWE-89216,14,4448202892,6 Harbort Junction,1469,PHP,http://dummyimage.com/233x100.png/5fa2dd/ffffff,2025-10-20 21:21:35
abeaumontim@cargocollective.com,$2a$04$w3p3e99NzrhKt6mzVi8km.sFnTRI6m4LbD.Rppfx1TtTdh7iH2sfW,Auria,Beaumont,PSYCHIATRY,DOC-VAN-48388,13,8946921140,17 International Road,1557,CNY,http://dummyimage.com/154x100.png/cc0000/ffffff,2025-10-20 21:21:35
grettiein@51.la,$2a$04$jPzWswpIq5rWwDp/qEKgL.KWafKptBfHJtpTNH20f4mPIv7Q1CjvW,Garrott,Rettie,PEDIATRICS,DOC-LXI-45712,2,2782422646,0828 Buell Crossing,1484,KGS,http://dummyimage.com/174x100.png/5fa2dd/ffffff,2025-10-20 21:21:35
schallisio@reuters.com,$2a$04$d8UbT2EHKcU.G2CwpAl2r.3H2U3rp4Yzgyw7.QyZ2LskWzEPONoAC,Stephine,Challis,ENT,DOC-XUY-40255,3,9452385369,7 Pine View Terrace,1055,SYP,http://dummyimage.com/196x100.png/cc0000/ffffff,2025-10-20 21:21:35
wsabatierip@usatoday.com,$2a$04$trKlIx0gXDef4S48UFEDjOqEqCeH1QEQLlJ69pXpcO3rBzzVW.3o6,Will,Sabatier,EMERGENCY_MEDICINE,DOC-OHT-33708,9,7914982558,9 Leroy Junction,518,UYU,http://dummyimage.com/118x100.png/ff4444/ffffff,2025-10-20 21:21:35
bmacbreartyiq@dedecms.com,$2a$04$sL2HIFBZpNTkpxMlM/jnfeJ061.V9dP.Q.hMCVmRfCknlFOqkpeDm,Blondelle,MacBrearty,UROLOGY,DOC-HCW-72147,12,3748751444,63 7th Avenue,971,CAD,http://dummyimage.com/177x100.png/5fa2dd/ffffff,2025-10-20 21:21:35
renrichir@livejournal.com,$2a$04$RC25XFxpAD2UZ8xmq2iZeeP4z240Xd6TEc2dLkyZr5Ry1uSL6.fRi,Ruthi,Enrich,FAMILY_MEDICINE,DOC-WVW-26817,17,8583486627,5345 Talisman Lane,602,RUB,http://dummyimage.com/150x100.png/cc0000/ffffff,2025-10-20 21:21:35
finettis@sciencedaily.com,$2a$04$dcXJAYiDiheS3wEOD313zO0GNpzTjAMtYD648Skt6dX954gP.uV5q,Felice,Inett,UROLOGY,DOC-RTT-43606,2,5382509760,64788 Golden Leaf Alley,878,CNY,http://dummyimage.com/148x100.png/ff4444/ffffff,2025-10-20 21:21:35
ctiversit@netscape.com,$2a$04$eiqKL8rH7gO7GiOUWzw4/eB8OTCo29NblsA6AdGWSa1Ia7.oV10Jm,Chip,Tivers,GYNECOLOGY,DOC-UHM-64456,14,8822909139,69723 Washington Drive,1473,IDR,http://dummyimage.com/226x100.png/dddddd/000000,2025-10-20 21:21:35
mhansleyiu@oaic.gov.au,$2a$04$OJLhxhrSC08VJ0rjkJTWP.EgnKW6tfde9381fNqDrzfTxOKCHi/BK,Marcelle,Hansley,DENTISTRY,DOC-AHD-90351,22,1822774112,773 Doe Crossing Pass,1224,CLP,http://dummyimage.com/202x100.png/cc0000/ffffff,2025-10-20 21:21:35
whowgegoiv@merriam-webster.com,$2a$04$tS7gk763HycAyKQ80eLev.U/jh0eeXfmzVLShrF7WFEHmCSmnpmCO,Willy,Howgego,ORTHOPEDICS,DOC-KMI-59213,10,7987030060,6 Maple Wood Trail,1444,IDR,http://dummyimage.com/201x100.png/ff4444/ffffff,2025-10-20 21:21:35
gbullcockiw@netvibes.com,$2a$04$rWd2sbrvxcmooaniXJlQLuLb9/2CtkwK78k8eoj7UCUKZRjYwfj3a,Gabey,Bullcock,GENERAL_SURGERY,DOC-ASD-85000,7,8901766154,91455 Pine View Lane,1766,KES,http://dummyimage.com/245x100.png/ff4444/ffffff,2025-10-20 21:21:35
cmatyatinix@mayoclinic.com,$2a$04$5VCbpAnvZAlTILjDA79qJ.nDD5QJdeoZFpHgystkXMdp9i8/Ky0aS,Constantin,Matyatin,ENDOCRINOLOGY,DOC-LHK-88503,5,7969857184,48 Summer Ridge Parkway,1277,THB,http://dummyimage.com/124x100.png/cc0000/ffffff,2025-10-20 21:21:35
emunkleyiy@economist.com,$2a$04$crFxG6hn5DV85NS5.pH2Wu146ZFnbUc2e/s/XZ3K5E5REqPBvavFO,Emilio,Munkley,GENERAL_SURGERY,DOC-JBR-58131,7,6289966765,740 Brickson Park Point,1747,PEN,http://dummyimage.com/149x100.png/5fa2dd/ffffff,2025-10-20 21:21:35
emeltetaliz@seattletimes.com,$2a$04$Ude8cI1.k4fKzsDeL3iisOShZIeWXP1tiuWmuFtmwmbVZdRZTk2I.,Ernaline,Meltetal,EMERGENCY_MEDICINE,DOC-VGE-66359,21,3197919677,390 Haas Crossing,1750,IDR,http://dummyimage.com/221x100.png/ff4444/ffffff,2025-10-20 21:21:35
jpicoppj0@dailymotion.com,$2a$04$CgmhY.SWdRn1EsitqjyCxOy5AoOBwN5jIkcxa.J.nYBeFXHNEaCBa,Janie,Picopp,DERMATOLOGY,DOC-BXP-66136,24,1845853598,09 Marquette Hill,1357,CNY,http://dummyimage.com/155x100.png/ff4444/ffffff,2025-10-20 21:21:35
bferrinoj1@timesonline.co.uk,$2a$04$kZfCC/bE/dq4ufUokuRvlOsIDti4HzdkrynnlFYDz.FBRcjSfqGmO,Batsheva,Ferrino,GENERAL_SURGERY,DOC-ONI-00511,8,5481205897,3503 Golf View Parkway,1780,BRL,http://dummyimage.com/169x100.png/ff4444/ffffff,2025-10-20 21:21:35
sdentonj2@loc.gov,$2a$04$.Uw.AMyU6zOD2S.QRCVyCu.mcTGrd2MCSvQvdJWwhvqLETI8tXtLK,Shea,Denton,PATHOLOGY,DOC-TTR-25557,16,6484504479,85692 Schlimgen Crossing,918,EUR,http://dummyimage.com/158x100.png/cc0000/ffffff,2025-10-20 21:21:35
rjosofovitzj3@sakura.ne.jp,$2a$04$cIBBtKBCMpVPVAgRushDX.SFTrUOmuQa.CZ.0tJdMtB5NozItrtyq,Ramon,Josofovitz,ANESTHESIOLOGY,DOC-NPF-97132,21,6886206580,95 Bunting Way,532,XAF,http://dummyimage.com/202x100.png/ff4444/ffffff,2025-10-20 21:21:35
hprinnj4@ucoz.ru,$2a$04$C0adHjzt3W8QQcCyzd6ubO/QYi8YBfjtMqjMhMZ/MQJJ4lupQgwXq,Hadrian,Prinn,GASTROENTEROLOGY,DOC-FPG-35855,16,6314958705,46 Cottonwood Street,1712,CNY,http://dummyimage.com/168x100.png/dddddd/000000,2025-10-20 21:21:35
wrydzynskij5@blogspot.com,$2a$04$d7fRym1b4xXjGgNW4A6cQOGF72pqXhR1AivtvTcdTsd2ZjQp2D6aG,Wit,Rydzynski,ENT,DOC-OPC-27258,11,5173010146,894 Fairview Crossing,1143,USD,http://dummyimage.com/126x100.png/dddddd/000000,2025-10-20 21:21:35
emashalj6@paginegialle.it,$2a$04$1fqNG5lddIzFxn0xiV41/OFVw51ivipKiIPC.Pw.DYDw6Ihza/PNi,Ernesto,Mashal,ENT,DOC-CCZ-28991,19,7168427795,9901 Fuller Lane,1085,BRL,http://dummyimage.com/239x100.png/ff4444/ffffff,2025-10-20 21:21:35
kgreerj7@sciencedaily.com,$2a$04$SeJ76uUabDclr2cvFjVaruPMMYLNhtc84qnAg6lwtmg.pOKDxaHHK,Kyle,Greer,ORTHOPEDICS,DOC-OZB-56174,22,9507827793,91453 Raven Place,671,MYR,http://dummyimage.com/197x100.png/cc0000/ffffff,2025-10-20 21:21:35
kdelavaletteparisotj8@sun.com,$2a$04$WyKOIfBllmL508QmsKQKJuMPFy7CgWwzczm1FDl7.PuicKc9dBVEq,Kameko,de la Valette Parisot,RADIOLOGY,DOC-FMR-11253,2,6797622568,236 Kipling Avenue,1375,PLN,http://dummyimage.com/146x100.png/5fa2dd/ffffff,2025-10-20 21:21:35
ccuestaj9@usa.gov,$2a$04$ZUxYywe2/kdcLIczjyLoOObkpzzQYs4beXdAy0uXAvKkrAM5RsRsS,Conroy,Cuesta,NEUROLOGY,DOC-LOE-77691,4,2578995941,20 Steensland Center,534,CNY,http://dummyimage.com/208x100.png/5fa2dd/ffffff,2025-10-20 21:21:35
vheadeyja@indiegogo.com,$2a$04$XfrUFnxJkYOODJk1Nmdkruhiyj4dTiPhMDWZ8YkAuFy/UHSEXU8bK,Viviana,Headey,ANESTHESIOLOGY,DOC-GTN-84708,17,6667799007,5736 Village Green Avenue,1204,AUD,http://dummyimage.com/109x100.png/dddddd/000000,2025-10-20 21:21:35
jhaggerjb@macromedia.com,$2a$04$TDfGGuCxd9ERwi51MyxFoeI.higM9nu0ZNSedRFqqnqQI1jvuPmQu,Juan,Hagger,ORTHOPEDICS,DOC-QAU-38102,14,3499480218,6 Schurz Court,975,IDR,http://dummyimage.com/108x100.png/5fa2dd/ffffff,2025-10-20 21:21:35
msattefordjc@liveinternet.ru,$2a$04$RWSRkQa6qxgILaw3Gn7HOunkacnaMU8VbuG/mSJHi.sWZsWlO2T5O,Minni,Satteford,PLASTIC_SURGERY,DOC-BUM-04508,16,9072448079,78 Grim Park,1859,COP,http://dummyimage.com/240x100.png/cc0000/ffffff,2025-10-20 21:21:35
aexerjd@surveymonkey.com,$2a$04$EgejBzebVCof7renrOBiCeWlAPiEP6ti4PTUJHiCL/Cjpx2gVMK0C,Alanson,Exer,UROLOGY,DOC-RMP-06952,20,9431238723,07772 Roth Alley,779,CNY,http://dummyimage.com/164x100.png/ff4444/ffffff,2025-10-20 21:21:35
bmcffadenje@cyberchimps.com,$2a$04$SaIVJTXRoKqbu8DzibqtoOtCbvIWqoRQoHSCPmi6SRY3uKCrNeREe,Benn,McFfaden,PEDIATRICS,DOC-FDI-72760,5,9977956100,9 Boyd Hill,1218,ILS,http://dummyimage.com/169x100.png/ff4444/ffffff,2025-10-20 21:21:35
tadiscotjf@zimbio.com,$2a$04$iEsD4OCnzwKlMnmEtwOYeubSrnnkYFq8zSv3NXc.0eYmwi7gZXlKq,Tybi,Adiscot,RHEUMATOLOGY,DOC-RAK-49082,6,5309540221,5 Mallory Drive,834,PLN,http://dummyimage.com/249x100.png/ff4444/ffffff,2025-10-20 21:21:35
skorlatjg@yelp.com,$2a$04$43SOKyDDvxB/ScvUl6LK6uK6SDbgGrUhQlvOwdJToMBuasCLQu7Y2,Shepherd,Korlat,OPHTHALMOLOGY,DOC-PLY-95544,10,2404085397,5398 Prentice Drive,1985,CNY,http://dummyimage.com/151x100.png/cc0000/ffffff,2025-10-20 21:21:35
cbrastedjh@jalbum.net,$2a$04$X22bWXfQ8sC04fjIo15kLu5ngeSUutVg9qSAJo1jvWFH30JyeL7p6,Cesare,Brasted,HEMATOLOGY,DOC-BCA-26854,25,2106641474,4129 Dunning Center,1204,RSD,http://dummyimage.com/117x100.png/5fa2dd/ffffff,2025-10-20 21:21:35
cstookeji@nhs.uk,$2a$04$XxFYitagKlc0e9fE8rj9/OgAFE2n3qWEK0HnV03mVQGDd6gwzMB6K,Cecilla,Stooke,ONCOLOGY,DOC-EHI-02038,3,3932274441,21221 Cherokee Trail,1677,EUR,http://dummyimage.com/160x100.png/cc0000/ffffff,2025-10-20 21:21:35
faycejj@delicious.com,$2a$04$lZDGdC50JVwi5IZhOIybfuK/IIq.6J8ILc5pTv1wQsk76wApHuJc.,Farlay,Ayce,NEPHROLOGY,DOC-BHA-04788,16,7128625968,30 Talmadge Park,1043,IDR,http://dummyimage.com/152x100.png/ff4444/ffffff,2025-10-20 21:21:35
lbuggyjk@icio.us,$2a$04$CkCyN6VKBOMyJXKMOZuanOMTZ4NYy0ol/kMhqgjb6/Wz8A5J9hhNW,Lianne,Buggy,SPORTS_MEDICINE,DOC-DJA-47780,22,6063096078,4912 Elgar Road,792,RUB,http://dummyimage.com/133x100.png/dddddd/000000,2025-10-20 21:21:35
jsclaterjl@google.co.jp,$2a$04$6h21pO/hZwvSF9l2G6XzIu0zaUfa5xhtpXFU/6SN5KLzAEGAtN4SG,Joey,Sclater,RHEUMATOLOGY,DOC-HXA-60439,24,2645793322,013 Graedel Terrace,1198,EUR,http://dummyimage.com/159x100.png/ff4444/ffffff,2025-10-20 21:21:35
ddecazejm@squarespace.com,$2a$04$Hk9zrmABtewt3k1mC9ZzBOcP8usQ.aGGOWGAMz98/ThwUk.LnZfS2,Dix,Decaze,GYNECOLOGY,DOC-FVT-00463,19,8024685881,7 Hanson Point,1501,CNY,http://dummyimage.com/183x100.png/ff4444/ffffff,2025-10-20 21:21:35
wduffitjn@hc360.com,$2a$04$cMr1ptFy8wwOd6RZr7iNaOssRJhHXnQP.JpVfBrxcwwH4Cvw5u9fe,Wes,Duffit,SPORTS_MEDICINE,DOC-BHN-63745,7,1968388172,85740 Fieldstone Alley,1914,CNY,http://dummyimage.com/118x100.png/dddddd/000000,2025-10-20 21:21:35
csabathejo@hugedomains.com,$2a$04$1xpAib1IWpzfLNGi.5VVm.L3sHV4QMwPwBYDiuK3ujZ3TgqvF7OUe,Corey,Sabathe,ENT,DOC-VEE-13009,24,2463313511,3 Weeping Birch Place,668,TJS,http://dummyimage.com/229x100.png/cc0000/ffffff,2025-10-20 21:21:35
ddrainsjp@sbwire.com,$2a$04$cN8kPnsuYDPtVo55FooIXeTL3elEYCT180cTeNBlw4ob9aQ.b/ZH.,Danit,Drains,ORTHOPEDICS,DOC-SQA-16727,4,7635436481,884 Maywood Street,1676,EUR,http://dummyimage.com/166x100.png/5fa2dd/ffffff,2025-10-20 21:21:35
abowiejq@live.com,$2a$04$t5vjrbZ5pjBb8r7A1DuRtOiVCTitQF5P0xFHQ07YV2APOYcOrEcaG,Abelard,Bowie,PATHOLOGY,DOC-UAH-33976,13,9776833339,1608 Bartillon Crossing,809,THB,http://dummyimage.com/198x100.png/5fa2dd/ffffff,2025-10-20 21:21:35
alevingtonjr@hostgator.com,$2a$04$vi3hd0tx6x.MV7DRM.Rv6uti333AgUe1IYWZllCqLhvASqRqxYT2y,Amby,Levington,RADIOLOGY,DOC-WEI-19900,6,7648409307,5 Gina Road,1629,SEK,http://dummyimage.com/110x100.png/ff4444/ffffff,2025-10-20 21:21:35
dandersenjs@miitbeian.gov.cn,$2a$04$Vj1biTbhsTqRBMxTxDA2kuIl4h0D6nONoW3SOk0Ot9SnCSpumovOG,Daisey,Andersen,HEMATOLOGY,DOC-HYS-37720,2,7647756697,88046 Forest Run Point,841,SEK,http://dummyimage.com/250x100.png/ff4444/ffffff,2025-10-20 21:21:35
lgrouveljt@lulu.com,$2a$04$nqVuVaM0LZiK9YkT7js0YeEwJoVRYRq8/o/cDEtdkqSp.wbHxId6O,Levey,Grouvel,DENTISTRY,DOC-QSG-57835,7,2626144171,39122 Lukken Point,1944,IDR,http://dummyimage.com/162x100.png/5fa2dd/ffffff,2025-10-20 21:21:35
afoldju@dion.ne.jp,$2a$04$8XqiBC0oeIY/1Cm7TxbE0OJbvBt/D1dJ6WDYf.FPWyQYUPJsdjU6S,Augustine,Fold,IMMUNOLOGY,DOC-TZR-72783,14,1458404038,20 Gerald Pass,776,UGX,http://dummyimage.com/242x100.png/cc0000/ffffff,2025-10-20 21:21:35
gquaifjv@wiley.com,$2a$04$Vx1p.4EPbUz1P2SZUtcZ0O4yuqJq1SD6ZxJSMKqHDNY8IcU/X9wpe,Gale,Quaif,DENTISTRY,DOC-SGR-45375,5,3463481089,5 Nova Hill,785,PHP,http://dummyimage.com/114x100.png/dddddd/000000,2025-10-20 21:21:35
rparidgejw@china.com.cn,$2a$04$h49FOZRX9DNPfntxnmVrh.yCHcn74g0/L6ABMx2ZTLVZtWtMljBMK,Riccardo,Paridge,NEPHROLOGY,DOC-EKY-95468,16,9306800299,1 Vahlen Junction,843,ALL,http://dummyimage.com/189x100.png/5fa2dd/ffffff,2025-10-20 21:21:35
tpfifferjx@cnbc.com,$2a$04$bVzTJfvJTUWLV4wgLW0FjuwCMjkRj.G8LFeORvxIj998GEGNjzKwa,Tildy,Pfiffer,DERMATOLOGY,DOC-WZZ-01021,13,7248679692,5 Bartillon Place,1656,XOF,http://dummyimage.com/229x100.png/cc0000/ffffff,2025-10-20 21:21:35
kconwayjy@homestead.com,$2a$04$.qbLjHDgXrIZvuizn.alieAqPMSYRDxBUqGf4A8a5vKel/lvJQak6,Kip,Conway,RADIOLOGY,DOC-QKO-17446,7,8689453310,96 Warbler Lane,610,IDR,http://dummyimage.com/213x100.png/ff4444/ffffff,2025-10-20 21:21:35
mortasjz@prlog.org,$2a$04$0kMc1W71j87gn8jw2Wv7IuqJTjDePUmRwjUN/QirR6A8fhnJ5Tome,Maurice,Ortas,PSYCHIATRY,DOC-CNB-30408,22,1228620601,44071 Michigan Parkway,756,XAF,http://dummyimage.com/148x100.png/cc0000/ffffff,2025-10-20 21:21:35
acarnegyk0@g.co,$2a$04$hLI4uG2xW7T43awIZeI5buI1NShbMO80SWqYZD0EDeqSMkwoXr8aO,Amandi,Carnegy,PSYCHIATRY,DOC-JOP-46333,18,6069151398,5 Dayton Crossing,1528,EUR,http://dummyimage.com/233x100.png/cc0000/ffffff,2025-10-20 21:21:35
gbeavisk1@technorati.com,$2a$04$o6D6LTvZUCrvp1t9v5juVu/X4iCegVIMzdaDDSkQT6i5UVr0MqqtS,Gianni,Beavis,INTERNAL_MEDICINE,DOC-VFH-26629,20,9785900816,4 3rd Drive,1049,KRW,http://dummyimage.com/149x100.png/5fa2dd/ffffff,2025-10-20 21:21:35
cmcnyschek2@aol.com,$2a$04$FkxkFmbS5fCojJdthlNkb.05ENRI84txhsi7StLZLSAFf6LU1ks4e,Cornell,McNysche,PULMONOLOGY,DOC-VMV-09748,19,5113571594,7 Mitchell Plaza,1968,RUB,http://dummyimage.com/191x100.png/dddddd/000000,2025-10-20 21:21:35
zmaliak3@salon.com,$2a$04$NWimyuGl51hPxUOth1qseOr0qaKwcSWdfy0EKDwL0bMOaOhXK2fUO,Zechariah,Malia,DERMATOLOGY,DOC-SJB-11642,3,4554430381,961 Westerfield Parkway,1373,SEK,http://dummyimage.com/105x100.png/5fa2dd/ffffff,2025-10-20 21:21:35
sbalselliek4@bbb.org,$2a$04$7M978WZGFPDk5ECm6Ib1DeLDOBVR82sLOXc6slqAturQNw6XJS5gi,Stormy,Balsellie,EMERGENCY_MEDICINE,DOC-IVJ-75399,24,1495727397,59456 Sunfield Way,1563,MKD,http://dummyimage.com/237x100.png/cc0000/ffffff,2025-10-20 21:21:35
barundellk5@istockphoto.com,$2a$04$xTwqLVjuuV1aM.0raWpxmOTsGG6h6GhflKo7wDh55T1f8J5MVuIuW,Byran,Arundell,ENDOCRINOLOGY,DOC-CZJ-81043,8,3649336742,3584 Hermina Park,821,IDR,http://dummyimage.com/138x100.png/ff4444/ffffff,2025-10-20 21:21:35
ptomasicchiok6@cam.ac.uk,$2a$04$R/.zAM8FTSVfLkNZGSvM8.ZuLKmDEpLdNszpzRa.ZGD/GGOBpqMou,Pattie,Tomasicchio,ANESTHESIOLOGY,DOC-WTK-97250,6,4882076459,9684 2nd Plaza,907,PHP,http://dummyimage.com/237x100.png/dddddd/000000,2025-10-20 21:21:35
agrimsditchk7@webmd.com,$2a$04$PIh2tzgRVyej40S255gVWeOHfXaHUhLJtKi.twG63lbZSUzs1g//6,Ardath,Grimsditch,ENDOCRINOLOGY,DOC-JRJ-93518,2,3229968395,33374 Lawn Avenue,1704,EUR,http://dummyimage.com/239x100.png/ff4444/ffffff,2025-10-20 21:21:35
hdexterk8@fotki.com,$2a$04$I8/xStfYRdMnUCsQgTLS2u3Ly91IZR2JHmX5i4Sn4cQ1aPW1d/LCm,Hayley,Dexter,GASTROENTEROLOGY,DOC-NYQ-57942,7,4133728898,3649 Claremont Center,1259,EUR,http://dummyimage.com/202x100.png/cc0000/ffffff,2025-10-20 21:21:35
btanseyk9@ezinearticles.com,$2a$04$fxjaXFC/wfFaA6xIZeUK.uMB75IUxBVeAXEssDC6/W1.JNjI8k0w2,Bernard,Tansey,EMERGENCY_MEDICINE,DOC-VDQ-02470,9,4205809632,0754 Lerdahl Parkway,1448,IDR,http://dummyimage.com/185x100.png/ff4444/ffffff,2025-10-20 21:21:35
nhabbleka@google.com.br,$2a$04$oXrqx2JMKJVAmtQFtrUYE.DiJb8RzYi.TEe3SuudGRk6rpKL/L4BW,Niko,Habble,SPORTS_MEDICINE,DOC-GQN-52374,23,3457860305,28021 Glacier Hill Road,700,RUB,http://dummyimage.com/143x100.png/dddddd/000000,2025-10-20 21:21:35
gpovallkb@lulu.com,$2a$04$3CidJkPLEfOErIv.OOarL.ya/Frs3pT3L26lPuZGO6NBM/rh6bE6K,Gaylene,Povall,INFECTIOUS_DISEASE,DOC-VOQ-53045,16,3172703832,8 Golf Junction,978,COP,http://dummyimage.com/150x100.png/dddddd/000000,2025-10-20 21:21:35
tcoalburnkc@yahoo.co.jp,$2a$04$7xrGrfUAAumc3XctjVrIu.o1dMokA4Bs7ltGcg8sSuxWq5CF1ScMe,Toddy,Coalburn,DERMATOLOGY,DOC-TOP-95711,17,5641482179,3 Beilfuss Center,819,THB,http://dummyimage.com/218x100.png/ff4444/ffffff,2025-10-20 21:21:35
wtowneskd@spotify.com,$2a$04$cIVuYdc0Tc6fFYEl8ayGiuiUzAOXgCe5CNipq3qAlV/JNk83AIwDG,Wesley,Townes,GYNECOLOGY,DOC-PVV-90653,4,3222198349,01423 Upham Drive,1017,NIO,http://dummyimage.com/179x100.png/ff4444/ffffff,2025-10-20 21:21:35
rcrossinghamke@bbc.co.uk,$2a$04$AnZ8Kmrn5c5vt9HzodqROesyHoIEXivThPkG7k8kmgfdxj0K1qy0u,Rosina,Crossingham,ORTHOPEDICS,DOC-IOG-99550,8,7046744212,87812 Spaight Circle,538,USD,http://dummyimage.com/203x100.png/5fa2dd/ffffff,2025-10-20 21:21:35
gcollymorekf@qq.com,$2a$04$USYX9jRUawWq108nHXahk.DDsMt14QI1TlEpLLmQKBNolP0aKUcne,Gerome,Collymore,ANESTHESIOLOGY,DOC-PRA-72851,8,3333755948,25 Jay Way,1780,USD,http://dummyimage.com/208x100.png/5fa2dd/ffffff,2025-10-20 21:21:35
wdadsonkg@samsung.com,$2a$04$Bqw05gcDh3fLn6ANQ8Uf7OoTsEKd6BcYw9N6QCBj2k326zWHelMcu,Winni,Dadson,HEMATOLOGY,DOC-VRQ-99122,14,2291034301,562 Evergreen Point,1369,CNY,http://dummyimage.com/100x100.png/5fa2dd/ffffff,2025-10-20 21:21:35
bgurrykh@de.vu,$2a$04$xCUFiFS.4u4MA6hcoikNsulS5xGSp9lAXmb0qnHPzYmw0H5gsTvMW,Birch,Gurry,NEPHROLOGY,DOC-ZUE-39074,3,2147729752,425 Thompson Court,1600,CLP,http://dummyimage.com/162x100.png/cc0000/ffffff,2025-10-20 21:21:35
orowstonki@scientificamerican.com,$2a$04$cdYnQKwaK5C6XMEM6ffCh.J0dImaq9J59C4KSmpeb371Gm4fa671K,Obadiah,Rowston,ANESTHESIOLOGY,DOC-BBD-19293,22,8634456074,2 Golf View Parkway,1613,MKD,http://dummyimage.com/191x100.png/5fa2dd/ffffff,2025-10-20 21:21:35
achuekj@csmonitor.com,$2a$04$2EPCj.d7DnaEODNtY12PE.t9DatO85f6AeyeGzIdItVL/bw3D9mY6,Ahmed,Chue,PATHOLOGY,DOC-DSY-41215,21,5779487086,65718 Independence Lane,1403,CNY,http://dummyimage.com/119x100.png/5fa2dd/ffffff,2025-10-20 21:21:35
cpearnkk@wikispaces.com,$2a$04$5zrj7k995ycJVHrR6wkAJO6UjLC7j5qYfoqHRWqLlH2TW8581QuYO,Cristal,Pearn,GYNECOLOGY,DOC-IPA-86572,14,1744829638,06 Maywood Terrace,1346,XOF,http://dummyimage.com/188x100.png/cc0000/ffffff,2025-10-20 21:21:35
cgiabuccikl@elpais.com,$2a$04$XnoER1SpUv.U/nubG1bm0en8ZFfabH.d1GsVfIQDMXKvH9uX11lBC,Cosmo,Giabucci,OPHTHALMOLOGY,DOC-HKJ-12133,15,1004938520,711 Hanover Road,1353,CNY,http://dummyimage.com/156x100.png/5fa2dd/ffffff,2025-10-20 21:21:35
dcockittkm@businessinsider.com,$2a$04$sPu1pfCoyfFP9AOfsnDOH.9DQBeLNnRsuVHiW9h9NdRJ88YMt7.3e,Dimitry,Cockitt,RHEUMATOLOGY,DOC-LHA-72075,11,7358232215,353 Lotheville Point,594,IDR,http://dummyimage.com/178x100.png/5fa2dd/ffffff,2025-10-20 21:21:35
kcaltonkn@chronoengine.com,$2a$04$CcO2mNq0uJ6pb6M5N.KXou2u1f2lMM.XlJ6nEcJ8KYSWLONHu9hlW,Kacy,Calton,GENERAL_SURGERY,DOC-SMH-99234,14,1848181680,49 Basil Pass,1629,AZN,http://dummyimage.com/173x100.png/cc0000/ffffff,2025-10-20 21:21:35
tcuffko@gnu.org,$2a$04$pii2XY.sNzzx53Auh.ctg.055bIGCIN6LrhhtX1BIoXlQlSGVgaCu,Tova,Cuff,ENT,DOC-SFA-09257,3,8464091284,18421 Eagle Crest Plaza,1836,IDR,http://dummyimage.com/106x100.png/dddddd/000000,2025-10-20 21:21:35
oodoohainekp@state.gov,$2a$04$FyuVX0BdVWtGhypZnpfZtup6HaXBy0bG0c4loaFsGTZLoVrBazbgi,Odo,O'Doohaine,PATHOLOGY,DOC-EUU-59690,13,5172405907,43 Northview Way,1642,CNY,http://dummyimage.com/183x100.png/5fa2dd/ffffff,2025-10-20 21:21:35
tvampouillekq@dailymail.co.uk,$2a$04$FOsSSRGkniynjOcnvcP9.O9nfDnHF9YSFUhePxolaphV592PEHvOy,Tremayne,Vampouille,PATHOLOGY,DOC-SHN-69684,22,6109425464,18 Esker Crossing,681,CNY,http://dummyimage.com/243x100.png/5fa2dd/ffffff,2025-10-20 21:21:35
pcurrierkr@netlog.com,$2a$04$f61r3Bz55944uhUE8uil4.sKnB/.gfIUvgUVHcYMi4tsIrfiHVAEu,Phyllis,Currier,SPORTS_MEDICINE,DOC-YHJ-87273,15,9255792083,0 Muir Hill,1032,EUR,http://dummyimage.com/132x100.png/5fa2dd/ffffff,2025-10-20 21:21:35
bgrzeszczakks@npr.org,$2a$04$ZIoABIxlVW3Bv4otqTI78./kFbJaITZcV5S.aPCd7N5mUQ0gVbJ6K,Bobina,Grzeszczak,INFECTIOUS_DISEASE,DOC-OTW-05507,23,3549001340,57486 International Place,1770,RUB,http://dummyimage.com/180x100.png/cc0000/ffffff,2025-10-20 21:21:35
ltauntonkt@nydailynews.com,$2a$04$MlRD6xuYTBTnABluTUWc9.i/7HPrhaOdLWUQfpDAIRqw/7b2SLw3S,Logan,Taunton,HEMATOLOGY,DOC-LLT-44746,13,6507110037,0672 Charing Cross Hill,1636,EUR,http://dummyimage.com/132x100.png/cc0000/ffffff,2025-10-20 21:21:35
bdorwardku@liveinternet.ru,$2a$04$qynwHRlw4Lr8vNdufRq/teyg7Otflbwr.vZzUboJMvMINaTXaHrke,Barney,Dorward,ORTHOPEDICS,DOC-BJY-05791,6,3427764213,8 Fairfield Circle,984,VND,http://dummyimage.com/132x100.png/cc0000/ffffff,2025-10-20 21:21:35
mmacnockaterkv@google.pl,$2a$04$MKYdqJtPuqepmxuGIn2RhOprxkhsM1Y4.7ETQIrZL6Hs4UNO1FPH2,Meade,MacNockater,ORTHOPEDICS,DOC-AMH-33057,9,6354721828,02 Calypso Park,569,CUP,http://dummyimage.com/206x100.png/cc0000/ffffff,2025-10-20 21:21:35
chonischkw@ed.gov,$2a$04$ZwZOzq.NISo6BPp4bp/.j.thAzsHDOJHNDtzreu6uJAFQ5720c4xC,Cassandry,Honisch,RHEUMATOLOGY,DOC-RNN-67264,16,2979881378,2 Fallview Avenue,1276,CNY,http://dummyimage.com/171x100.png/cc0000/ffffff,2025-10-20 21:21:35
ckestonkx@google.it,$2a$04$qgeX3qWkVugRFFjBH82u9u7ltzBX8AD3noaBYTi/jr.BtFhZ27ISe,Clemmie,Keston,OPHTHALMOLOGY,DOC-SPQ-62708,20,7121757832,06 Nova Alley,948,CZK,http://dummyimage.com/193x100.png/dddddd/000000,2025-10-20 21:21:35
fhoultonky@webnode.com,$2a$04$8tyOZ2DXjfmf9V.xv5YQU.JRVAjoMV5Js32J07CFCOHD0bDb5D7Ua,Fonzie,Houlton,NEUROLOGY,DOC-IMF-25345,23,3206265195,2 Summit Plaza,1400,THB,http://dummyimage.com/247x100.png/5fa2dd/ffffff,2025-10-20 21:21:35
rlahykz@tmall.com,$2a$04$hzepg0FRPDDPpazZURmcPe5ByzaTQ1zsuOZYNjLTTrl3mWV1uc3iG,Renae,Lahy,SPORTS_MEDICINE,DOC-CEB-49248,11,9007914050,66104 Roxbury Drive,518,IDR,http://dummyimage.com/156x100.png/ff4444/ffffff,2025-10-20 21:21:35
ipaynterl0@cbsnews.com,$2a$04$1tV9mbdts25YVpTjgvkBiu38Jp7gpx/LArGZeBRc928zXssxeX4aq,Ignacius,Paynter,ENT,DOC-TFM-44740,14,7623903635,480 Stone Corner Avenue,518,RUB,http://dummyimage.com/107x100.png/5fa2dd/ffffff,2025-10-20 21:21:35
oboatl1@reddit.com,$2a$04$fk1UDhwa5YSQJTSi2q0G4O6SXy5RGBWG/2BqA8FzO6nHjizGiYsHS,Ollie,Boat,ENDOCRINOLOGY,DOC-WNP-94658,12,6459696777,322 Atwood Circle,1179,PLN,http://dummyimage.com/133x100.png/5fa2dd/ffffff,2025-10-20 21:21:35
ldesouzal2@apple.com,$2a$04$7363RDwsQEtdxaD9h8AuieiISz7swUxhJZg2mv.dw6xrq.Yosw772,Lainey,De Souza,NEUROLOGY,DOC-OVA-81305,6,1954285248,95 Chinook Pass,1881,EUR,http://dummyimage.com/220x100.png/ff4444/ffffff,2025-10-20 21:21:35
jrudgerdl3@earthlink.net,$2a$04$Y0778IHgwrxc6hUCHFI4Yuo3ZOF5efyrWWY1E6y0hgsDpUMqL1vNS,Jess,Rudgerd,RHEUMATOLOGY,DOC-SUH-22122,13,5139950136,637 Daystar Junction,591,CNY,http://dummyimage.com/199x100.png/5fa2dd/ffffff,2025-10-20 21:21:35
imamwelll4@yahoo.com,$2a$04$M3Z27zwIXH7qRhkaM0yso.yWZOwk.X.GttI80kAPiR6iRL9YaosvO,Ida,Mamwell,ORTHOPEDICS,DOC-YOC-33204,4,8736356949,316 Oxford Parkway,1391,KRW,http://dummyimage.com/159x100.png/5fa2dd/ffffff,2025-10-20 21:21:35
ddemougeotl5@cbslocal.com,$2a$04$x1bWabRf2bpOMQpoAPS2..s49jTR15j2KVFk0kBnT.FoLqa4LEjLe,Danella,Demougeot,IMMUNOLOGY,DOC-SPY-70267,20,3953851642,60126 Kinsman Court,1627,CNY,http://dummyimage.com/178x100.png/5fa2dd/ffffff,2025-10-20 21:21:35
kshapterl6@com.com,$2a$04$SYjBg4PvUGmE1g/abDFwq.40bNQNxnPDDpz.PrvoGD.sI/XCUcBUS,Karna,Shapter,GASTROENTEROLOGY,DOC-WAL-39351,13,9503024323,2188 Arkansas Court,1120,CZK,http://dummyimage.com/247x100.png/dddddd/000000,2025-10-20 21:21:35
eahrensl7@spotify.com,$2a$04$qxBSnW2P7iV6SL7fmBe3P.Hxen9ItPIpZTeiLSwF2Gq7M9aZ1L7yi,Ewart,Ahrens,INFECTIOUS_DISEASE,DOC-HVQ-84130,20,8724162484,8 Bay Place,848,CNY,http://dummyimage.com/176x100.png/5fa2dd/ffffff,2025-10-20 21:21:35
sgraveyl8@prweb.com,$2a$04$b4nsfcY/P8glhl2igtFksu3Tf.yo3lM3E9AfCSuYKLCfl9wLLWBP.,Saraann,Gravey,ONCOLOGY,DOC-MBY-38273,22,4094063085,161 Ohio Pass,1307,JPY,http://dummyimage.com/146x100.png/ff4444/ffffff,2025-10-20 21:21:35
bhesslel9@yolasite.com,$2a$04$TEEeAlK.1wiaX42rBXSY6O1iF4QhdNcNaR1GvbdbeTQbXf7MduLom,Borg,Hessle,NEPHROLOGY,DOC-LYR-00720,4,7741268570,8 Kipling Center,1137,CNY,http://dummyimage.com/235x100.png/dddddd/000000,2025-10-20 21:21:35
lclatworthyla@nifty.com,$2a$04$6LuWUwUuSARUYKFkOIN.nuTrTi3R513GaqztxrJ6kEQSWzftoK7J6,Laetitia,Clatworthy,NEPHROLOGY,DOC-BBI-04977,2,4354597207,1 Utah Avenue,1618,USD,http://dummyimage.com/119x100.png/ff4444/ffffff,2025-10-20 21:21:35
nfairlawlb@ted.com,$2a$04$wKK3pEqdFQkoGYcIMQE6run7O1UysrmtdZqZO.nD1nHLazBWH5ANW,Noel,Fairlaw,RHEUMATOLOGY,DOC-XRS-61203,15,2018725955,49160 Doe Crossing Drive,1371,KZT,http://dummyimage.com/133x100.png/5fa2dd/ffffff,2025-10-20 21:21:35
panderssonlc@acquirethisname.com,$2a$04$DgpZt7DNhvxiNFkububuSOFj1rx/1eLvvvB3soloNuAh7NbcGDC9C,Penni,Andersson,ONCOLOGY,DOC-DXQ-58994,8,5782198203,01921 Prairie Rose Terrace,1995,PHP,http://dummyimage.com/161x100.png/ff4444/ffffff,2025-10-20 21:21:35
dlanchberryld@parallels.com,$2a$04$rRKtykwTOMeLrOrehFun7ug80IYUmnzYrKOTD2J6pukouIwClaHo.,Davie,Lanchberry,RADIOLOGY,DOC-QXA-96118,10,4575451009,674 Tony Crossing,1258,CZK,http://dummyimage.com/156x100.png/ff4444/ffffff,2025-10-20 21:21:35
blountle@ft.com,$2a$04$dTv9qXqEZIvhrYKpgR3IYuOmsiR85kXUMdXjPdKGJlHdvXByfJEIa,Bryna,Lount,SPORTS_MEDICINE,DOC-YZM-63452,20,1588485827,46 Northview Street,1334,MDL,http://dummyimage.com/177x100.png/cc0000/ffffff,2025-10-20 21:21:35
wcoolsonlf@usatoday.com,$2a$04$GzPHacpM6bM7Hokro6qaNeapc0zYHO2rKnJtE0FVDHDejIvAciuKS,Willdon,Coolson,DERMATOLOGY,DOC-OSK-41769,1,4043751289,8806 Cottonwood Lane,1331,CNY,http://dummyimage.com/176x100.png/cc0000/ffffff,2025-10-20 21:21:35
agoodinlg@behance.net,$2a$04$V7kwZJZaIkDHf/GpO1mAJ.RcvHKSgFeeNUbq5YmJwkfJfQhha1cQG,Artemas,Goodin,ANESTHESIOLOGY,DOC-TSW-31678,18,9531056060,33 Steensland Center,1816,BRL,http://dummyimage.com/202x100.png/dddddd/000000,2025-10-20 21:21:35
sskillittlh@odnoklassniki.ru,$2a$04$ss18krtxpfGRY28m2jsAX.U7c0kcIHTXN/WfAy6kTotJ6V0lcQ2Ke,Stacy,Skillitt,GYNECOLOGY,DOC-BQZ-06384,13,7397298693,42 Northview Junction,670,UGX,http://dummyimage.com/136x100.png/5fa2dd/ffffff,2025-10-20 21:21:35
cborgesioli@joomla.org,$2a$04$HxOken8p5Uncbm9tTTodZOKTNyf0kCu80oVc/Fn2466S1jaCrv3CG,Cherye,Borgesio,CARDIOLOGY,DOC-EUH-70577,5,7813685413,05 Schlimgen Way,1523,UAH,http://dummyimage.com/146x100.png/cc0000/ffffff,2025-10-20 21:21:35
jdaenenlj@yelp.com,$2a$04$5Nbamb2zCJZTWC76nj0iRuxsPMJkfUeaGw/fb/oGAXafUwVabgiXe,Javier,Daenen,INTERNAL_MEDICINE,DOC-YCR-12992,18,5505682927,5998 Springs Terrace,555,PLN,http://dummyimage.com/107x100.png/5fa2dd/ffffff,2025-10-20 21:21:35
jrispinelk@odnoklassniki.ru,$2a$04$GtBCacwLygjwCb1FJLnqjO3w.t5QUfzysYO439WbYHHcT4o0uyoY.,Jeramie,Rispine,IMMUNOLOGY,DOC-OPP-37827,5,7148022822,9 Evergreen Center,941,IDR,http://dummyimage.com/182x100.png/dddddd/000000,2025-10-20 21:21:35
iyirrellll@example.com,$2a$04$5hDZCWRnpfe.3ES19O3IaOZ5kwlPnZHuMTkRXk6StxIh3ujSgp0ha,Ivan,Yirrell,RADIOLOGY,DOC-KYF-16541,7,2423792924,76828 Pankratz Junction,769,AMD,http://dummyimage.com/203x100.png/dddddd/000000,2025-10-20 21:21:35
handrisslm@weibo.com,$2a$04$VIFHaj4tR5H/7g03KASHXOnyGTv6Ztq5uzCinCDq0i9ZoU1bO5TVa,Hamilton,Andriss,PATHOLOGY,DOC-QYV-13144,23,4636906462,6 Green Ridge Drive,1572,CNY,http://dummyimage.com/105x100.png/dddddd/000000,2025-10-20 21:21:35
jloosmoreln@ihg.com,$2a$04$Ap63Adiple1s.iYoA0Jy0uTbk.bsc7yy2ALjMrAKaeSZ4q2EILtB6,Jocelyn,Loosmore,UROLOGY,DOC-SRU-97366,4,4321901976,733 Jay Way,1883,RUB,http://dummyimage.com/247x100.png/dddddd/000000,2025-10-20 21:21:35
mverolo@hud.gov,$2a$04$Z.n97EgGBrQRa/akh1wCz.I3ywYnaCTHelGuoEUIqGkV7uqZyHolm,Mord,Vero,PATHOLOGY,DOC-NQP-68480,14,5982383007,95439 Victoria Circle,1580,IDR,http://dummyimage.com/135x100.png/ff4444/ffffff,2025-10-20 21:21:35
dgiovannardilp@epa.gov,$2a$04$XOyi5Vx8p.t/JClJ3JusDeSg.bA8YQ7wMq79CFrkojraIccUn.1tK,Dimitri,Giovannardi,RHEUMATOLOGY,DOC-NBU-51398,21,6997625152,031 Jana Pass,1059,BDT,http://dummyimage.com/212x100.png/5fa2dd/ffffff,2025-10-20 21:21:35
mmcswanlq@umn.edu,$2a$04$lJmEJ8tZCBsUpytuNmM4XOXToBUF9AnKlPHm6hYkooUOHnFmBkvg.,Miguelita,McSwan,INTERNAL_MEDICINE,DOC-QWC-22233,10,2307832235,77452 Dwight Center,654,PLN,http://dummyimage.com/125x100.png/dddddd/000000,2025-10-20 21:21:35
cbrettellr@myspace.com,$2a$04$H.m0kgubYuUAtxDPstGd4.gOMyojmGIbqzs7Gnqg8WgXqoFNfJsGu,Correy,Brettel,ANESTHESIOLOGY,DOC-ACV-98477,11,1753046402,68 Chinook Parkway,1363,PLN,http://dummyimage.com/117x100.png/dddddd/000000,2025-10-20 21:21:35
idumberellls@paypal.com,$2a$04$G.T3IFOswJowRtjO75dFHusB0JlubzyEz2yXkImpeiY0uE4pM0uMa,Ilyssa,Dumberell,ENT,DOC-SFY-67234,23,6334345263,72 Sheridan Lane,1186,CZK,http://dummyimage.com/232x100.png/cc0000/ffffff,2025-10-20 21:21:35
ngraysonlt@nasa.gov,$2a$04$6Za2EvVS1Metv48WEE/D4O3gd/TRe5qjVN.Gqf5vDexLUNGciHu/m,Nathanil,Grayson,ONCOLOGY,DOC-PUZ-82403,9,7586125267,105 Spenser Park,1460,BAM,http://dummyimage.com/231x100.png/dddddd/000000,2025-10-20 21:21:35
sharriotlu@google.cn,$2a$04$t7GYRXwQQJTqZ24Yh1g4DuGsn0VPb7KKnQBGGXaWUPVsdHibz5.RK,Sherye,Harriot,UROLOGY,DOC-AIU-52670,9,3256300100,73 Cottonwood Place,959,PLN,http://dummyimage.com/197x100.png/ff4444/ffffff,2025-10-20 21:21:35
abolesmalv@google.fr,$2a$04$z7zSfuuvG2axrcXb9fp93e4mDbNZKBYKc/QNMxoH8JbZXCbCyrUda,Adham,Bolesma,PEDIATRICS,DOC-PDV-53478,3,5294868880,017 Browning Street,1782,EUR,http://dummyimage.com/227x100.png/cc0000/ffffff,2025-10-20 21:21:35
ebartleslw@pen.io,$2a$04$rdi2pUeytPbooJXMNBGbnOmDS40GD50b.5loIPAKGMSSbAxx3PZPm,Errol,Bartles,GYNECOLOGY,DOC-JSS-29773,8,4581358754,1601 Gulseth Avenue,1055,PLN,http://dummyimage.com/101x100.png/dddddd/000000,2025-10-20 21:21:35
kdixceylx@ihg.com,$2a$04$2cCJPL49Ax6k.2tLWq9JZ.YGa24uLUW.CmKmdsAXVIelDZK0BnkjC,Kaleb,Dixcey,PULMONOLOGY,DOC-OAD-86083,8,4535994824,7530 Calypso Court,1482,PKR,http://dummyimage.com/113x100.png/dddddd/000000,2025-10-20 21:21:35
ypaquetly@wsj.com,$2a$04$gxWSGdW9CfHJ0/xhGZDDduo37FGhhYl415MIH.wAu8bCTkljCkpBi,Yolanda,Paquet,ENDOCRINOLOGY,DOC-YHA-62053,4,7275911449,5 Oak Lane,1025,CNY,http://dummyimage.com/130x100.png/cc0000/ffffff,2025-10-20 21:21:35
kcrummielz@gov.uk,$2a$04$GeNyizY5iOjlmbBLQqLy7O9JZ1lY1r860YfkXzKznfSXPEAxWMXMu,Kylynn,Crummie,NEUROLOGY,DOC-CEQ-25523,17,3529145582,4 Hoepker Place,566,IDR,http://dummyimage.com/234x100.png/cc0000/ffffff,2025-10-20 21:21:35
moakeshottm0@desdev.cn,$2a$04$QzV3LbwIY4th9MAiL1vZA.N3bVW0QLRF1gliVaZ.V5xChGIxvI9FC,Mikel,Oakeshott,FAMILY_MEDICINE,DOC-UUZ-21038,9,6083916836,9146 Forster Drive,950,CNY,http://dummyimage.com/227x100.png/cc0000/ffffff,2025-10-20 21:21:35
pbushawaym1@addtoany.com,$2a$04$qX2JLve6S.yFX6nkeLRqdek46rfPHjn4R8bpwsDp/lY.4XnQSQ7My,Paulette,Bushaway,PULMONOLOGY,DOC-GFV-42279,10,4064953811,400 Thackeray Alley,1663,PEN,http://dummyimage.com/168x100.png/dddddd/000000,2025-10-20 21:21:35
abuffm2@hao123.com,$2a$04$6tvC8o0MrHl0hkqFPOk4aO/a9z1NFzvmHdXlQYQVrNaZwLevqyjLy,Andee,Buff,GASTROENTEROLOGY,DOC-GTJ-15254,21,8247728718,4211 Pond Avenue,1091,RUB,http://dummyimage.com/154x100.png/cc0000/ffffff,2025-10-20 21:21:35
amartellom3@smugmug.com,$2a$04$dWtIFI2WgzmrBHVGJ6CggOKVsOFGAzKJcxBjTAHrazl9cwV9NBuk.,Aldus,Martello,PSYCHIATRY,DOC-DJO-43359,19,8778256038,5 Mayfield Park,1284,EUR,http://dummyimage.com/230x100.png/5fa2dd/ffffff,2025-10-20 21:21:35
aboothbym4@pbs.org,$2a$04$H08cZCTrJ1aNywNmxYv3meaSjy4wbkGFInIuhZ1bPh1IFuVJ/5MJe,Alyssa,Boothby,ONCOLOGY,DOC-NHM-88483,8,4372935139,6 Sherman Alley,1062,IDR,http://dummyimage.com/153x100.png/ff4444/ffffff,2025-10-20 21:21:35
ablowerm5@google.ru,$2a$04$Gtgko6OEulC6AVvwuaypg.rk4eZ8ea3Kc0pUUEtjOb7ywc4pLTipG,Arliene,Blower,PULMONOLOGY,DOC-FTR-59250,1,9437923637,17866 Laurel Center,844,CAD,http://dummyimage.com/224x100.png/5fa2dd/ffffff,2025-10-20 21:21:35
vfenneym6@gizmodo.com,$2a$04$zjXXv6GOG6Ph9bcLDklSRubv6o8yMiaF2xohC9x4dJ3X3X5aRCSU.,Vania,Fenney,HEMATOLOGY,DOC-HHT-30468,12,5217921980,0821 Oriole Avenue,1680,ARS,http://dummyimage.com/170x100.png/5fa2dd/ffffff,2025-10-20 21:21:35
gathertonm7@i2i.jp,$2a$04$on0iNRjEeZi9iM3qqtwLFeqmX/qwGJrJWH.7JCXKRdlx362TsJ8QG,Greg,Atherton,CARDIOLOGY,DOC-GKR-61087,17,2877047596,07 Jana Drive,1391,PKR,http://dummyimage.com/156x100.png/5fa2dd/ffffff,2025-10-20 21:21:35
ecattlowm8@google.com,$2a$04$754s2T2H9z5lMRJtCi6TfO37kP9uJl60WB8dfknGr4LFDv5S198r6,Ed,Cattlow,FAMILY_MEDICINE,DOC-AAF-73293,17,7272980061,9148 Michigan Court,1407,KGS,http://dummyimage.com/182x100.png/ff4444/ffffff,2025-10-20 21:21:35
gsoreym9@xrea.com,$2a$04$wPvKhaC6mksfX/uZ9BmW8uKvGpTTsMTLKK7hTX8ftwJhZ19LEqEfy,Grier,Sorey,ENDOCRINOLOGY,DOC-ONJ-62335,1,5163991782,51 Michigan Junction,838,SEK,http://dummyimage.com/247x100.png/5fa2dd/ffffff,2025-10-20 21:21:35
mtabardma@independent.co.uk,$2a$04$UKxAGJqxDsisPvYNceaw2.zC1woXBgtzxV49EMKKGUP2D9BSdkfCa,Margret,Tabard,NEUROLOGY,DOC-HYL-03722,14,4975955169,88 Springview Center,1678,IDR,http://dummyimage.com/217x100.png/ff4444/ffffff,2025-10-20 21:21:35
kdinceymb@ebay.co.uk,$2a$04$5.7GHHpR2tRG7Op.1ndR2u0hJcj8IUlfr7o4DIvBdWBFilcGFTXcK,Kathie,Dincey,ONCOLOGY,DOC-UBG-25306,13,4938988785,8612 Schurz Drive,1359,PHP,http://dummyimage.com/162x100.png/cc0000/ffffff,2025-10-20 21:21:35
opittfordmc@kickstarter.com,$2a$04$l.WpsMUsInBhAoVDWe5EcOwSwUTCnn5I5u7cjAT568LnxbeoTeHJq,Orrin,Pittford,ENDOCRINOLOGY,DOC-APS-62555,3,9908753570,1 School Junction,518,EUR,http://dummyimage.com/178x100.png/dddddd/000000,2025-10-20 21:21:35
avandrillmd@canalblog.com,$2a$04$jaaluE28hKDxPqrb6r/EPuCJTx5USZkv6r5ZeWnVF5DQty03AMRfK,Abbie,Vandrill,ENDOCRINOLOGY,DOC-QAX-41481,7,8143396254,5 Nancy Lane,1613,CDF,http://dummyimage.com/206x100.png/cc0000/ffffff,2025-10-20 21:21:35
kkoresme@dailymotion.com,$2a$04$8ZmuDC6/TlmYTH4I4odOfONSr6afdA4GeA9exnk9ZtzWtc9YUkBTG,Krysta,Kores,DENTISTRY,DOC-EEH-09246,8,4783963851,18408 Ruskin Center,750,XOF,http://dummyimage.com/121x100.png/5fa2dd/ffffff,2025-10-20 21:21:35
vfirbymf@canalblog.com,$2a$04$ab.Axk/7nMNVwharnP/s6utG0.130oBUjcCpAnzUqM4dJHxHvhP4i,Vivie,Firby,CARDIOLOGY,DOC-FFJ-83780,10,9696958091,3 Bowman Alley,836,AMD,http://dummyimage.com/226x100.png/cc0000/ffffff,2025-10-20 21:21:35
tstollsteimermg@newsvine.com,$2a$04$kyCNN34Ezr2dc/RuS/t6o.sajtuVfGYQbsBsDMWU3dgO0Gaas6.Nu,Trudey,Stollsteimer,RHEUMATOLOGY,DOC-WKU-13530,21,9166928452,62285 Claremont Park,587,USD,http://dummyimage.com/140x100.png/5fa2dd/ffffff,2025-10-20 21:21:35
ecluesmh@bravesites.com,$2a$04$VwwKwcz6k/IRquThX4FWHuPsLGtzMSkW9Jdqglz4HgNTXyI1H1DDu,Eddie,Clues,IMMUNOLOGY,DOC-JHV-54458,15,3069822207,13 Burning Wood Parkway,1094,CNY,http://dummyimage.com/211x100.png/dddddd/000000,2025-10-20 21:21:35
epeevormi@mac.com,$2a$04$UL.ZhMOgDIhkN9ToZDz56OCkSya0V9bmIAvuQ2qlkQ/DgBXL9ArgW,Ettore,Peevor,IMMUNOLOGY,DOC-KRL-15976,22,7319529554,10910 Maryland Court,1538,CNY,http://dummyimage.com/200x100.png/ff4444/ffffff,2025-10-20 21:21:35
ajoskowiczmj@livejournal.com,$2a$04$Jbv1lRJ9Wx8WPoEH9T7yButxWBcTqDCHewNGENwVnc/1uW9IGD.yy,Alameda,Joskowicz,ENDOCRINOLOGY,DOC-SEA-70393,12,7661162672,241 Rusk Point,1073,QAR,http://dummyimage.com/156x100.png/cc0000/ffffff,2025-10-20 21:21:35
thuettmk@rakuten.co.jp,$2a$04$WrdfnETsB0jH91iHmGqX8.umxQVLfYz7Yny9fXUagDNBUdacyLjWS,Tobi,Huett,GASTROENTEROLOGY,DOC-MFO-66553,9,8102745138,69946 Paget Point,1054,PLN,http://dummyimage.com/154x100.png/dddddd/000000,2025-10-20 21:21:35
elarcherml@adobe.com,$2a$04$YOyMgbDkBMHATR7h.E.gT.sMdiu.viRhWPdxOVCI7tMa9sOpe.7i6,Evered,L'Archer,UROLOGY,DOC-MXC-30374,8,4535176328,956 Arapahoe Point,1818,CNY,http://dummyimage.com/126x100.png/cc0000/ffffff,2025-10-20 21:21:35
tcherringtonmm@furl.net,$2a$04$DA0Ni3c2zehLz5Q86u5PkezIIzM1nScpbeZqdW39fFURMbCKF7eMi,Tamara,Cherrington,NEPHROLOGY,DOC-LAA-18814,8,2412601721,93 Cottonwood Plaza,1631,EUR,http://dummyimage.com/150x100.png/5fa2dd/ffffff,2025-10-20 21:21:35
mwannemn@simplemachines.org,$2a$04$./5W.OSsAbfdeLfztkxdWuz0CGJsw31JMkyI78YjsuPmduskFX6YO,Margarete,Wanne,NEUROLOGY,DOC-HQI-80862,19,1239907865,67874 Sutteridge Lane,800,IDR,http://dummyimage.com/193x100.png/dddddd/000000,2025-10-20 21:21:35
mpriestnermo@t.co,$2a$04$3C2wgr6Ah9R6BIeavrrwNeEE.loYV47et17jIhdqWN1Yj.RE2yqCu,Maxy,Priestner,IMMUNOLOGY,DOC-ZZC-53356,1,7208289058,6660 Arapahoe Avenue,1067,IDR,http://dummyimage.com/139x100.png/cc0000/ffffff,2025-10-20 21:21:35
dminihanemp@washington.edu,$2a$04$dhtv5HNNm9Rp0K2meXt3QOuetx3JE8/9u3AlHnM16zi.unyknZEiW,Dulci,Minihane,PLASTIC_SURGERY,DOC-OSY-93484,13,9419676283,19655 Weeping Birch Parkway,966,CNY,http://dummyimage.com/204x100.png/cc0000/ffffff,2025-10-20 21:21:35
kmateomq@deliciousdays.com,$2a$04$NEwAQLkpNk.FnbRFZ8qxJuybxIupd/yV9Tt9C/jZQIVCz4PICUrba,Kissee,Mateo,PULMONOLOGY,DOC-DBG-80935,22,4174714070,846 Independence Circle,534,JPY,http://dummyimage.com/167x100.png/cc0000/ffffff,2025-10-20 21:21:35
dturfesmr@jalbum.net,$2a$04$zs9fnA4Z5lX.zIngZikGLOK0Il3vx3L1EhyG/s1d6KQtyuaOFoJ4a,Dulce,Turfes,CARDIOLOGY,DOC-TFY-16327,19,6214308106,173 Northwestern Street,1050,BYR,http://dummyimage.com/210x100.png/ff4444/ffffff,2025-10-20 21:21:35
msawkinsms@umich.edu,$2a$04$OgsXBhXOXdEig2Y8XOnWxuGslYLHNzs/KD21gSY.IsRY2X09pfOwa,Mic,Sawkins,GASTROENTEROLOGY,DOC-ZOU-63605,7,7538477665,80 Onsgard Street,1365,UAH,http://dummyimage.com/123x100.png/ff4444/ffffff,2025-10-20 21:21:35
jbonniermt@about.me,$2a$04$hAFPzA27XOw4cN/FlNFojOsegOXMV3P8cXbIWlqhAikk6CUgR4QBS,Jilleen,Bonnier,INFECTIOUS_DISEASE,DOC-KOZ-71828,6,8874524355,40 Claremont Road,1877,SEK,http://dummyimage.com/223x100.png/5fa2dd/ffffff,2025-10-20 21:21:35
adunstallmu@sohu.com,$2a$04$TcrcHhOX67YJD9vRwOwlNe2vgAhmNpJ9FOJhbEgFUEaWTlgIcgl.u,Angelika,Dunstall,ENT,DOC-XQW-40086,23,6298301309,91 Express Street,655,EUR,http://dummyimage.com/245x100.png/cc0000/ffffff,2025-10-20 21:21:35
wweeksmv@wiley.com,$2a$04$Xr2jKHdgNE/CVYlLkFZcoux0hbvNlsHsXIoosxoFDiMdPNbYHmADS,Warden,Weeks,PEDIATRICS,DOC-OFB-85755,20,8047002599,1 Milwaukee Crossing,509,XOF,http://dummyimage.com/232x100.png/ff4444/ffffff,2025-10-20 21:21:35
rrubymw@amazonaws.com,$2a$04$eW7Mogh1KLg94ynu.nTzheabO3ArwqBJCHTlcaUM4jwKwWYH1Oa.C,Roxy,Ruby,INTERNAL_MEDICINE,DOC-GIY-51435,16,5244822644,130 Talisman Court,1662,CNY,http://dummyimage.com/197x100.png/5fa2dd/ffffff,2025-10-20 21:21:35
kluckcockmx@yahoo.com,$2a$04$Rc3/OdrwrkjpxDn7tIF88.65itQ5AIZdY8T7u1i8Tqg.tGwjjIQja,Kristoffer,Luckcock,CARDIOLOGY,DOC-ICA-54983,21,1321713108,00 Farmco Alley,1324,CNY,http://dummyimage.com/194x100.png/ff4444/ffffff,2025-10-20 21:21:35
akegginsmy@google.nl,$2a$04$tTtg4PUR0vAQ.NsH8vWNAeRiXbCqNDTygDTVUe/7ODgT/9Ae1rp9q,Augie,Keggins,RADIOLOGY,DOC-VHS-13731,7,5811390059,461 Vermont Place,1772,PHP,http://dummyimage.com/242x100.png/dddddd/000000,2025-10-20 21:21:35
gissacmz@shop-pro.jp,$2a$04$YSsq.S43.TvwzA1bI0vcCOe.JH6tRlVyzTF96Z6BYDcbBqp.U3x5e,Gretal,Issac,PSYCHIATRY,DOC-XPD-86431,25,7262847197,9393 Ramsey Parkway,1224,PHP,http://dummyimage.com/245x100.png/cc0000/ffffff,2025-10-20 21:21:35
ljillittn0@hibu.com,$2a$04$7HjTZXCPwuadS1q6WEaHTOZC5JNjACNlcJqS2tFksR5tRHq5QqXmy,Leanna,Jillitt,ENT,DOC-IYX-64941,24,3032411512,18805 Meadow Ridge Terrace,1817,RUB,http://dummyimage.com/133x100.png/5fa2dd/ffffff,2025-10-20 21:21:35
cskedgelln1@dion.ne.jp,$2a$04$xAVC9/MKixBtWu0gfbdUMOgibvp30U2HZ//sFLRB2T/xZLJft/Gma,Cull,Skedgell,ANESTHESIOLOGY,DOC-TPE-67879,14,1307240130,1 Hollow Ridge Place,637,CAD,http://dummyimage.com/149x100.png/5fa2dd/ffffff,2025-10-20 21:21:35
dmacgaheyn2@creativecommons.org,$2a$04$/4Ks7r1/bbWwwJD8CpegIeSvcG1RnKZOceqHVEv78RzH97qmrM3H2,Damiano,MacGahey,OPHTHALMOLOGY,DOC-XEV-48923,10,9539622638,4 Iowa Center,769,IDR,http://dummyimage.com/189x100.png/cc0000/ffffff,2025-10-20 21:21:35
lveron3@usa.gov,$2a$04$2zHG/74TQBccFRICWhNUouo5yiAOnN1wN7q.wlwMgmNXtKBtiXaRG,Lettie,Vero,HEMATOLOGY,DOC-DSK-44388,17,3784937113,33 Bunting Circle,1063,MDL,http://dummyimage.com/179x100.png/5fa2dd/ffffff,2025-10-20 21:21:35
nfassann4@ucsd.edu,$2a$04$qvcVs0rrB0t6XmdVeVN6yOJUmRSJVkO1RTeRe2Gheqlu/s3SjrTCq,Nona,Fassan,FAMILY_MEDICINE,DOC-XSE-90283,1,6317115082,01 North Court,1762,EUR,http://dummyimage.com/125x100.png/cc0000/ffffff,2025-10-20 21:21:35
rgristhwaiten5@youku.com,$2a$04$yqG1aBiTSUU9ZCGnuB.lVOzwfvTz/XiIOjv62.4P.CIZVBaoWu1Bq,Ramsey,Gristhwaite,PEDIATRICS,DOC-RLQ-59492,18,7129557217,22426 Weeping Birch Avenue,703,THB,http://dummyimage.com/232x100.png/cc0000/ffffff,2025-10-20 21:21:35
ksoreyn6@tuttocitta.it,$2a$04$VizuaHHthtWgWbkv3VTiX.ajTbJBxVHeGg4W4kkz/VSTVH.qMLpIq,Katerine,Sorey,OPHTHALMOLOGY,DOC-YNT-06601,21,5636335062,96955 Union Way,928,RUB,http://dummyimage.com/162x100.png/cc0000/ffffff,2025-10-20 21:21:35
pbrufordn7@auda.org.au,$2a$04$RrJaeR3uJdycUhXfM4tYD.d7IAcsYN8wuvdOJebLDH.uK/LMHx8m6,Payton,Bruford,NEUROLOGY,DOC-OWH-91815,22,5271210397,90342 Mcbride Street,1570,CUP,http://dummyimage.com/112x100.png/ff4444/ffffff,2025-10-20 21:21:35
pdeverilln8@sun.com,$2a$04$POFkumMrRQIzgLZyS6SWQeYv7yftWR74uhR2CvQvm9Z0RXztNAYOm,Pollyanna,Deverill,NEPHROLOGY,DOC-EXY-24536,18,3184407598,47942 Carpenter Alley,1255,USD,http://dummyimage.com/163x100.png/5fa2dd/ffffff,2025-10-20 21:21:35
naishfordn9@themeforest.net,$2a$04$6NgHc02we4CIjWFC0haY9ujjWnlRaTSGGJqB3e3rCH4mxSjzDfYe2,Noellyn,Aishford,PLASTIC_SURGERY,DOC-XCP-27535,6,3307916980,328 Tomscot Center,1516,EUR,http://dummyimage.com/152x100.png/5fa2dd/ffffff,2025-10-20 21:21:35
nluckeyna@europa.eu,$2a$04$0EwYCQHsiTRPvCvtZJfjOu2E8Vk53GEtrJqRQTh/ijMggB3t92L/O,Nina,Luckey,DERMATOLOGY,DOC-QEY-55345,22,2214719720,44 Birchwood Way,1997,PKR,http://dummyimage.com/193x100.png/ff4444/ffffff,2025-10-20 21:21:35
smuehlernb@bbc.co.uk,$2a$04$HQDSynKpA3Cd/hnGAh55.eIKUDIw8pPt2XU6jqeLP3vG5KzWiFyT6,Shandie,Muehler,NEUROLOGY,DOC-KDH-44745,4,9989342265,03 Kennedy Avenue,1682,PHP,http://dummyimage.com/202x100.png/cc0000/ffffff,2025-10-20 21:21:35
slamswoodnc@virginia.edu,$2a$04$1Pu2529lrGQ95iFK6q4By.9vL4HHR/MlpFIQBe3jZ8HZEwTS3hHlm,Sig,Lamswood,GASTROENTEROLOGY,DOC-ILB-02982,18,3675932424,68 Dawn Alley,774,EUR,http://dummyimage.com/131x100.png/dddddd/000000,2025-10-20 21:21:35
rlevetnd@princeton.edu,$2a$04$Y0b3fdbpT09Hw2VVxN9E2.ahIOh.Hja9j1h08QnCpx5t.CRRiSl.a,Ronalda,Levet,FAMILY_MEDICINE,DOC-KNF-73112,12,3027270103,72463 Mockingbird Drive,1587,CNY,http://dummyimage.com/239x100.png/dddddd/000000,2025-10-20 21:21:35
mpirisne@noaa.gov,$2a$04$FgDFODUBLA9Im/nZLqpNhuB4igS8SEelwttdrBDGiG16XVfe2n0Su,Malissia,Piris,SPORTS_MEDICINE,DOC-GEF-23948,15,5139338901,044 Colorado Circle,1294,USD,http://dummyimage.com/237x100.png/cc0000/ffffff,2025-10-20 21:21:35
ohollidgenf@tripod.com,$2a$04$3rI7OMLkGS5SfD5hLvPzlO90veL9bFlr85jiD9RsexNSppooZTAey,Orelee,Hollidge,PLASTIC_SURGERY,DOC-RSJ-00316,11,6703003149,17737 Carey Center,519,PLN,http://dummyimage.com/165x100.png/5fa2dd/ffffff,2025-10-20 21:21:35
cjakubovicsng@cornell.edu,$2a$04$JpjLhO8pYfCeRQBefByGxOSrcsZO1gcJakVUKWzwT9yspLJrm5k3q,Cecile,Jakubovics,ONCOLOGY,DOC-VSQ-92190,6,9316126561,731 Autumn Leaf Street,1179,PHP,http://dummyimage.com/248x100.png/cc0000/ffffff,2025-10-20 21:21:35
lsimnelnh@sun.com,$2a$04$SH0E0oI2JUGSthrkOa93iOk5fJEVguOUnbYT4gT2pxdJcjR3DwyX.,Leela,Simnel,ENDOCRINOLOGY,DOC-MGC-27754,17,6421512336,2 7th Lane,736,PEN,http://dummyimage.com/181x100.png/dddddd/000000,2025-10-20 21:21:35
cfranzonelloni@google.fr,$2a$04$Qd7KG0RnqShpPbcjepFrDeq64nqpkTDvORNtL94t0Jalb23Txvmqq,Cindelyn,Franzonello,INFECTIOUS_DISEASE,DOC-UEG-11752,15,3269814969,3 Paget Drive,792,CNY,http://dummyimage.com/174x100.png/dddddd/000000,2025-10-20 21:21:35
nlowtonnj@usgs.gov,$2a$04$GgIun8X536LJy2ItG4gO4OrYo8IUZ4XXinCRsAy93.zc1jr1rHgPi,Nicolis,Lowton,SPORTS_MEDICINE,DOC-DWI-88577,19,2565966486,1902 Bowman Crossing,1415,IDR,http://dummyimage.com/101x100.png/5fa2dd/ffffff,2025-10-20 21:21:35
skilloughnk@domainmarket.com,$2a$04$YFYS5NAYBAahzF1nWjDxa.EBbiFKVIZyzd2CjVbpHEl7TWmhrisb2,Stephani,Killough,DERMATOLOGY,DOC-ZQM-45530,16,2322254417,46 Spenser Plaza,637,EUR,http://dummyimage.com/105x100.png/cc0000/ffffff,2025-10-20 21:21:35
dsharpnl@va.gov,$2a$04$0RTjyAxPNmmDoQh5qYL3LenbX/0UHECiQ9m2BVbcHUDo/Em66gQxO,Danya,Sharp,RADIOLOGY,DOC-OGJ-88170,23,3117146027,22 Algoma Street,1122,IDR,http://dummyimage.com/162x100.png/cc0000/ffffff,2025-10-20 21:21:35
mallibannm@fastcompany.com,$2a$04$RNHxPnbZ/PxjEjxgpOXt6eJh8OHmmqK18NXTnwF0Xrv6Sj9kPrJmS,Meris,Alliban,NEPHROLOGY,DOC-ANA-42713,15,3665964384,989 Old Shore Alley,1527,CNY,http://dummyimage.com/144x100.png/dddddd/000000,2025-10-20 21:21:35
verangynn@china.com.cn,$2a$04$5mrDiVApp34Pme84rc7gOOaFNAwb.85KnfzdvtoGpvfYbV7uEoZLi,Valery,Erangy,PLASTIC_SURGERY,DOC-IEB-16645,25,8085179268,88486 Sloan Place,1040,IDR,http://dummyimage.com/220x100.png/dddddd/000000,2025-10-20 21:21:35
tleanno@livejournal.com,$2a$04$j9x.eXMbKEdGeefKdTM/d.rIOZmLh75e3sf.bCXKX2/Mv/Nm4CycC,Terrance,Lean,RADIOLOGY,DOC-IXC-64396,18,2718828659,81761 Montana Point,1469,CNY,http://dummyimage.com/198x100.png/dddddd/000000,2025-10-20 21:21:35
lloftsnp@twitter.com,$2a$04$gOiVYpp2aCZxsKgqHvKbqOCKiZmzk8aGbPflnMzwCavc/nwsG9cJe,Lina,Lofts,GYNECOLOGY,DOC-CLO-69299,3,2513856588,4514 Hooker Place,739,KGS,http://dummyimage.com/217x100.png/5fa2dd/ffffff,2025-10-20 21:21:35
mcatchpolenq@narod.ru,$2a$04$27HSv.yvgSSE6nKRARasweM9h0ThQJJQnTCtCvZcTSJwXFMkayua6,Marina,Catchpole,PULMONOLOGY,DOC-COI-53404,21,1172826373,99209 Lien Point,542,EUR,http://dummyimage.com/238x100.png/5fa2dd/ffffff,2025-10-20 21:21:35
bolssonnr@army.mil,$2a$04$tMg9o6ZlaTg1fz5vRO.bLeP0K8UpRKdctsv53IN8u0DbdrYPavb4u,Bertrand,Olsson,CARDIOLOGY,DOC-WSP-06776,18,7358780023,50310 Old Shore Drive,1979,EUR,http://dummyimage.com/214x100.png/dddddd/000000,2025-10-20 21:21:35
gnewhousens@bandcamp.com,$2a$04$7uYJLU18zibkAygqIpXCAOmukKccf55AQmBS3k0QU5RQ0XYbjchZW,Gray,Newhouse,HEMATOLOGY,DOC-LKF-76031,24,2018633103,3 Hayes Terrace,1130,CNY,http://dummyimage.com/104x100.png/dddddd/000000,2025-10-20 21:21:35
pgolsonnt@biblegateway.com,$2a$04$3guJ8AuTKJF78ZMBCqCks.f0/LxkQ.Gy.DMvG2da4McfO.7AE0HnG,Pamelina,Golson,INTERNAL_MEDICINE,DOC-WRK-32698,23,8583019058,0602 Farwell Court,1752,USD,http://dummyimage.com/157x100.png/dddddd/000000,2025-10-20 21:21:35
cswoffernu@nymag.com,$2a$04$V19nKHEi2MtqF/TnIogYW.Sf4Gxp8L7oBiGlnACp6H5LDPrM07kiy,Corey,Swoffer,PATHOLOGY,DOC-WHP-55946,9,1553655961,3401 Cody Way,921,CNY,http://dummyimage.com/225x100.png/cc0000/ffffff,2025-10-20 21:21:35
hwauchopenv@gnu.org,$2a$04$oK97T0skou2rPJpoOT6l5e8NskfKNJeUoNgNEkqrN3n0TFOv3BR7e,Herta,Wauchope,GENERAL_SURGERY,DOC-NPW-66058,4,3377480440,4 Lotheville Pass,1848,CNY,http://dummyimage.com/224x100.png/5fa2dd/ffffff,2025-10-20 21:21:35
kvintnw@alexa.com,$2a$04$659835tWffxNMKgMnvyEuuC.fMzjgm5G8oUUfkVkJiCap2QnKzSke,Kassandra,Vint,ANESTHESIOLOGY,DOC-GPL-56468,13,3689820659,77790 Glendale Drive,1513,VEF,http://dummyimage.com/171x100.png/5fa2dd/ffffff,2025-10-20 21:21:35
dbeeckxnx@google.ru,$2a$04$laEDGO3F1mZpq.mdaQWq1OW8vxzJNiGB9Jx.v6JXBN59ycEnb.B7a,Dore,Beeckx,CARDIOLOGY,DOC-KQB-35752,12,3565868283,89 Burning Wood Road,1238,EUR,http://dummyimage.com/113x100.png/5fa2dd/ffffff,2025-10-20 21:21:35
csandhamny@youtu.be,$2a$04$3eXjI7oQJYodD1wsTtWVl.s1aNUyDsLsul5h5.u/k5LGWvoSxhwMK,Cecily,Sandham,IMMUNOLOGY,DOC-QPY-20361,1,9057981890,7 Sloan Pass,577,XOF,http://dummyimage.com/161x100.png/ff4444/ffffff,2025-10-20 21:21:35
jhousbienz@soup.io,$2a$04$hMctjkTZ3i30nklaEJ7lhuPco0mPDwqbVUjfDisqRwDehX8kI8zf.,Jarib,Housbie,CARDIOLOGY,DOC-XNP-65079,11,1315249092,15 Fremont Parkway,1603,KGS,http://dummyimage.com/138x100.png/5fa2dd/ffffff,2025-10-20 21:21:35
wtingleo0@npr.org,$2a$04$GzqYaQq/v8rE8ARKQ3GrK.aW2l0SVYNEj.yIkG3CijSJ3Cz1YDDv6,Wilbur,Tingle,ORTHOPEDICS,DOC-EIH-47072,1,9093456058,1 2nd Junction,1614,IDR,http://dummyimage.com/193x100.png/ff4444/ffffff,2025-10-20 21:21:35
nsertino1@businesswire.com,$2a$04$tRb7kUkkOpfltdjJUuV4t.YPtIh613jPSsP.z5aquU62DfZiaJeeO,Nancy,Sertin,ENDOCRINOLOGY,DOC-MXQ-96742,22,8191520122,36 Bashford Trail,779,IDR,http://dummyimage.com/105x100.png/5fa2dd/ffffff,2025-10-20 21:21:35
ganstero2@unicef.org,$2a$04$GOm.0ZPwtNvYYyQ4D2Pim.W5WIT2zJxu9Y91kGVuIJFLYh5l3N0KS,Guillaume,Anster,PLASTIC_SURGERY,DOC-SXJ-27949,24,1645744104,5 Bunker Hill Parkway,1191,ILS,http://dummyimage.com/214x100.png/cc0000/ffffff,2025-10-20 21:21:35
dhaddeno3@ustream.tv,$2a$04$KdR4kBB7oXr6y0y6DiCuMOV.EkUm5j9XruXNkl1u/eaSvbGQm1G06,Dorian,Hadden,GYNECOLOGY,DOC-KII-24602,19,6685582146,3775 Maryland Crossing,1311,MXN,http://dummyimage.com/124x100.png/cc0000/ffffff,2025-10-20 21:21:35
ccellero4@google.pl,$2a$04$BRjUKc48L/beV0.iZKNFR.UBLAc8ceH.ludcH.ADnV6Nd7MDMxuLK,Catina,Celler,DERMATOLOGY,DOC-CYV-20847,23,9298814587,2774 Ronald Regan Court,1143,EUR,http://dummyimage.com/137x100.png/5fa2dd/ffffff,2025-10-20 21:21:35
mseymero5@loc.gov,$2a$04$4ohI7nJics9HzaLDFXeKhOL5bzY6SVlnAtc9R0erutE4srFH1tmku,Mathilda,Seymer,PSYCHIATRY,DOC-HQK-68229,6,8472036172,4 Farwell Alley,1766,CZK,http://dummyimage.com/129x100.png/dddddd/000000,2025-10-20 21:21:35
hlackhamo6@bloomberg.com,$2a$04$BDcmDYbfOjlDv6nwhmXynO80I659ZBIyuiUnHGEIS0djtmSJjRPCO,Horatia,Lackham,PLASTIC_SURGERY,DOC-KKM-14822,20,5166155598,42 Dakota Junction,1793,CNY,http://dummyimage.com/110x100.png/ff4444/ffffff,2025-10-20 21:21:35
solivario7@archive.org,$2a$04$Bpx4so9r9dMnMPo/jr88teqmqqWEImrHLUJAWGAA.DDuGkalBj6h2,Stephen,Olivari,UROLOGY,DOC-RRU-33291,25,5505079012,3465 Dexter Terrace,928,XAF,http://dummyimage.com/149x100.png/cc0000/ffffff,2025-10-20 21:21:35
rgrossmano8@dailymail.co.uk,$2a$04$BlR3ODScdvz/RN/ko9m4LOXfnzU2z8E11AlDum2UkBHUdeFIBtoFO,Rriocard,Grossman,PLASTIC_SURGERY,DOC-TAG-57067,22,5623069616,039 Lake View Drive,1425,IDR,http://dummyimage.com/109x100.png/cc0000/ffffff,2025-10-20 21:21:35
marrolo9@live.com,$2a$04$eEE4ehn99OthoThUVJwO1uTVa6VdOlI8jXQrgrnwULThQSxDq12VC,Margarita,Arrol,INFECTIOUS_DISEASE,DOC-KWR-88919,15,2663429588,787 Sycamore Center,548,SAR,http://dummyimage.com/108x100.png/cc0000/ffffff,2025-10-20 21:21:35
npartingtonoa@deviantart.com,$2a$04$i3qD6ORE3fPdgXw4MJc.s.ra5gz/IB4qNrM0XC4mgOxaDfRFIHCy6,Noelle,Partington,UROLOGY,DOC-SAH-54890,10,1962354040,147 Arrowood Hill,1383,PLN,http://dummyimage.com/151x100.png/ff4444/ffffff,2025-10-20 21:21:35
sjansaob@nifty.com,$2a$04$xTsA2jHdaURwxM6YfyfVQeSOtjSdeFM0GW4hwXfgPND5CBsuZIcE.,Skylar,Jansa,UROLOGY,DOC-HGJ-29795,6,9515998185,518 Del Mar Junction,516,XAF,http://dummyimage.com/201x100.png/cc0000/ffffff,2025-10-20 21:21:35
alongeaoc@aboutads.info,$2a$04$Kv7GNTCZsNuEiyQdcRrR8eWvwgMlfnBq3AuGh9JgMe97LddBsv.qC,Ashlan,Longea,GYNECOLOGY,DOC-OSX-12923,9,7384423952,431 Duke Parkway,1927,CNY,http://dummyimage.com/187x100.png/ff4444/ffffff,2025-10-20 21:21:35
swaldockod@nationalgeographic.com,$2a$04$VG1er.MelgE9FnWcYmUGbewQBYNcmmSiYmCsE6k6UlS6H.QLgH6wq,Sheila-kathryn,Waldock,FAMILY_MEDICINE,DOC-RZF-36231,22,7606947078,35 Trailsway Road,1448,BRL,http://dummyimage.com/170x100.png/5fa2dd/ffffff,2025-10-20 21:21:35
eandrusoe@ox.ac.uk,$2a$04$NUhWunoyjnUOofhqr6FHvOJ.qY.GLkZdBy0kxOEfOve/y/1mbqaeK,Eimile,Andrus,FAMILY_MEDICINE,DOC-JIZ-18800,11,8847934878,43 Hagan Trail,648,CUP,http://dummyimage.com/249x100.png/dddddd/000000,2025-10-20 21:21:35
bstangoof@vinaora.com,$2a$04$46bnSRxF0lhyDJWUl5HgHuv36QhiTDssuDmpXnpHDhSd.Adh6aOnC,Brucie,Stango,CARDIOLOGY,DOC-ECM-82728,25,6666873495,9 Bay Alley,546,IDR,http://dummyimage.com/123x100.png/dddddd/000000,2025-10-20 21:21:35
ajeppensenog@pbs.org,$2a$04$Y0qOBG55DoLOMVnpr3IiWe.ORnZYj20hFRuFuucyCZiX6vRMzMNuy,Alayne,Jeppensen,GYNECOLOGY,DOC-CKQ-72985,3,8213418983,33 Fulton Parkway,1836,ZAR,http://dummyimage.com/195x100.png/ff4444/ffffff,2025-10-20 21:21:35
whutchasonoh@buzzfeed.com,$2a$04$5NmS1QAOf/QfgrqSAxL8u.yoQoQfHmKYUBtMjXbwusi912.z00vom,Woodman,Hutchason,PLASTIC_SURGERY,DOC-TUN-60261,15,9658108779,0945 Roxbury Crossing,1117,XOF,http://dummyimage.com/145x100.png/ff4444/ffffff,2025-10-20 21:21:35
gguiettoi@uol.com.br,$2a$04$fzE6LZajcP3a.JB1FX0hwe6xjnVwLiJTfrPow3xQyvehp.sJYEsTm,Gertruda,Guiett,PSYCHIATRY,DOC-CTX-32340,12,6043951913,510 Farmco Road,1956,COP,http://dummyimage.com/102x100.png/dddddd/000000,2025-10-20 21:21:35
mbrosemanoj@eventbrite.com,$2a$04$m6izKGmWya23375.uhNRpeM7nr9QYeGMiPg0KkWpjouXqADTCZzCC,Margret,Broseman,INTERNAL_MEDICINE,DOC-GZC-40929,24,7153384776,1 Kedzie Crossing,1343,SSP,http://dummyimage.com/143x100.png/cc0000/ffffff,2025-10-20 21:21:35
amancktelowok@facebook.com,$2a$04$f8IubH2fsrpMq7PsnL/FsuFIQmF0bDp/crZlTy2NtEzvrq16nEzv2,Arel,Mancktelow,SPORTS_MEDICINE,DOC-EMM-18869,6,2244802022,292 Chive Park,1063,IDR,http://dummyimage.com/166x100.png/ff4444/ffffff,2025-10-20 21:21:35
rdickyol@vistaprint.com,$2a$04$B1oaEgdGwr5tL782Q/a0x.trPrwGBW7beVnsqyWmh341FKrlPzW9C,Reg,Dicky,ENDOCRINOLOGY,DOC-WGU-55028,3,4635702788,84213 Anniversary Avenue,1543,KPW,http://dummyimage.com/244x100.png/ff4444/ffffff,2025-10-20 21:21:35
djerzycowskiom@macromedia.com,$2a$04$gA/1lcdn6NOgrDh7q3IM5uF5MFShjcz6nUxiF./ero3jZmc8jxlqK,Doris,Jerzycowski,PATHOLOGY,DOC-CEZ-38620,14,8874509335,0 Service Crossing,1566,UAH,http://dummyimage.com/187x100.png/5fa2dd/ffffff,2025-10-20 21:21:35
oadamiakon@dion.ne.jp,$2a$04$pGaefKw4eL5TuwhUAoIX8eZVCHfYlbGr67jeYdV5LM9sJWMLl5vb2,Otto,Adamiak,SPORTS_MEDICINE,DOC-DBY-84300,12,5672537405,139 Morning Trail,1091,CNY,http://dummyimage.com/115x100.png/ff4444/ffffff,2025-10-20 21:21:35
aloomesoo@mit.edu,$2a$04$64FnL/7.zC7VzMMw/ZmQluhoq2HIDnAWNiLqSINSyvZ7YecImTggm,Ag,Loomes,HEMATOLOGY,DOC-NMO-04951,13,4239327319,3315 Crescent Oaks Hill,1172,DOP,http://dummyimage.com/172x100.png/5fa2dd/ffffff,2025-10-20 21:21:35
bbousfieldop@amazon.de,$2a$04$0hFbsN8CLAJ2CpEl/p0Tpee0b6dsAQ3xwzuERpW9lP69uzEMxTShO,Bernadette,Bousfield,PEDIATRICS,DOC-TMI-24951,9,6725101562,8787 Judy Circle,1119,VND,http://dummyimage.com/152x100.png/dddddd/000000,2025-10-20 21:21:35
pbridgstockoq@europa.eu,$2a$04$EK4yUxGL04l87z0DlugsbeVLMsFQgdSfhm9jHdrgS8Lua9tAGFXxm,Petr,Bridgstock,CARDIOLOGY,DOC-VQM-04990,9,9717884928,5179 Reindahl Terrace,1036,HNL,http://dummyimage.com/236x100.png/ff4444/ffffff,2025-10-20 21:21:35
mlambertonor@github.com,$2a$04$AbFlMtG2I5gjqHpqt.gzKuMc5dblKLL.5x5pahDisREMlq.kw3b3u,Maude,Lamberton,RHEUMATOLOGY,DOC-WXR-93521,15,4671774195,6580 Clarendon Drive,1422,EUR,http://dummyimage.com/202x100.png/5fa2dd/ffffff,2025-10-20 21:21:35
lcolthardos@blogs.com,$2a$04$5SZqBhTgeE3VmJvL/GQuvuQ.YodjIdZcy9F4aa6bTgX5aHNv6CpY2,Lilian,Colthard,OPHTHALMOLOGY,DOC-BIW-54999,22,3353726008,00767 Prairie Rose Parkway,1723,CNY,http://dummyimage.com/105x100.png/ff4444/ffffff,2025-10-20 21:21:35
rosgoodot@arizona.edu,$2a$04$dW3ufZ1h8Z/Q6bL22FGG4.c7Mn1t5iXJcUah7m9Bg6rV5tsS2cz1C,Rolfe,Osgood,PLASTIC_SURGERY,DOC-FZO-28228,19,7205561424,14169 Manitowish Hill,1270,CNY,http://dummyimage.com/165x100.png/cc0000/ffffff,2025-10-20 21:21:35
jglasperou@barnesandnoble.com,$2a$04$c5o.WHy88J7xrcvbOknWQuLmiQkJdI60ToLtf3tZFaq8caNPrrOTS,Jenn,Glasper,CARDIOLOGY,DOC-HUB-36027,9,4637588602,07 Evergreen Place,1684,IDR,http://dummyimage.com/130x100.png/ff4444/ffffff,2025-10-20 21:21:35
aosininov@tiny.cc,$2a$04$RHYqlHGNkVGUv1/1CHdAJepUQjkAjZ4cNEUIn8vMXwO4PpFQ2WdlW,Arman,Osinin,PATHOLOGY,DOC-UTM-61702,11,3325837084,73 Oak Drive,932,CNY,http://dummyimage.com/229x100.png/ff4444/ffffff,2025-10-20 21:21:35
jfirbanksow@nationalgeographic.com,$2a$04$TO1IhZEK5gnRC6Hca4njD.OY/IArSCF5ehr0kB.Ym5hIg.ZLID2ri,Jenilee,Firbanks,CARDIOLOGY,DOC-GHW-61101,24,1845776172,11691 Sutteridge Pass,883,UZS,http://dummyimage.com/189x100.png/cc0000/ffffff,2025-10-20 21:21:36
vbottomoreox@spotify.com,$2a$04$IL1yLsXua/ZOjbTjl6r7eO.c0R0qsPrboZIjp5NwlOoKHYAjSZw4S,Valaree,Bottomore,NEUROLOGY,DOC-IOH-90999,1,8856304508,087 Vidon Road,1692,CNY,http://dummyimage.com/168x100.png/ff4444/ffffff,2025-10-20 21:21:36
zkruseoy@ovh.net,$2a$04$8dRSc5R60j8/QiY4xs4oU.1PMNnOe55lSkTw.JBuj6Kpr.ZOQaR1i,Zelda,Kruse,RHEUMATOLOGY,DOC-SHO-27404,12,8545503912,3 Evergreen Point,731,UAH,http://dummyimage.com/112x100.png/ff4444/ffffff,2025-10-20 21:21:36
afincheroz@ucoz.ru,$2a$04$dlYTTsNk7ZMFoKYI4QOw3eOkDDnJlZAYQMoIsCUXZk4cTR.3WQl46,Agneta,Fincher,CARDIOLOGY,DOC-XZZ-96975,11,4215337061,18716 Clemons Point,810,RUB,http://dummyimage.com/238x100.png/5fa2dd/ffffff,2025-10-20 21:21:36
cedsonp0@liveinternet.ru,$2a$04$YG4sQi4ytXWG78lcrxQmCOfVgpNRQIEar08a9lrR.ht6/xHTzBf.m,Corette,Edson,CARDIOLOGY,DOC-WYK-36607,1,8055048814,50 Bayside Street,1112,IDR,http://dummyimage.com/168x100.png/5fa2dd/ffffff,2025-10-20 21:21:36
melmhurstp1@eepurl.com,$2a$04$VLvJqmAsMXU2MXB4o/FSDOU6O1tQ7jvkvoBl9BkFZ.HhpVfBaygmS,Maren,Elmhurst,FAMILY_MEDICINE,DOC-LZI-74322,25,5348676328,89019 Longview Crossing,1405,UAH,http://dummyimage.com/198x100.png/cc0000/ffffff,2025-10-20 21:21:36
bespinoyp2@hp.com,$2a$04$vh998Dkj68XyVDRt3lAukezXKi9wFW9EMcsoB/bXzfc.ZjtekmPw6,Bevan,Espinoy,GENERAL_SURGERY,DOC-FCC-78619,10,2086344691,19 Garrison Alley,1662,THB,http://dummyimage.com/224x100.png/dddddd/000000,2025-10-20 21:21:36
emaricp3@webs.com,$2a$04$beQzhoU7ftJRjV2944713eeg97BCvPFMfETIxnVUvVqd1mVv7VFe2,Elyssa,Maric,CARDIOLOGY,DOC-LRC-22440,5,3238358023,3 Pankratz Trail,671,RUB,http://dummyimage.com/176x100.png/ff4444/ffffff,2025-10-20 21:21:36
dgentilep4@phpbb.com,$2a$04$8kxy.ZfNagutxUK3EETLCOrASYJMN4R1iiRSge9JNUR.69uusFpji,Dominick,Gentile,FAMILY_MEDICINE,DOC-DKU-33151,3,3639079381,6 Delladonna Way,762,RUB,http://dummyimage.com/247x100.png/dddddd/000000,2025-10-20 21:21:36
fspillanep5@cdbaby.com,$2a$04$fPFQSVH7MoTonR31DRTSTujx9aA1cz5FP/W/VGcUkQMN6iYsM3Rrm,Fayth,Spillane,GYNECOLOGY,DOC-KNY-99732,24,7787356726,52 Prentice Place,1582,PLN,http://dummyimage.com/164x100.png/ff4444/ffffff,2025-10-20 21:21:36
ngreganp6@scientificamerican.com,$2a$04$7o6Ap11lMD9n2BfPr9UOsuH3KUQVIrjH35zs.i51IEp8ohzcTBOWq,Nanine,Gregan,PEDIATRICS,DOC-IHQ-56708,10,6673517843,793 Melvin Street,1662,RUB,http://dummyimage.com/106x100.png/cc0000/ffffff,2025-10-20 21:21:36
egedgep7@ucla.edu,$2a$04$UJTQHrYZRx1OVt3d/.hAr.mALfRej25RDvIm/Pf5m59oYk8YJyPB2,Eugine,Gedge,NEUROLOGY,DOC-POM-60709,6,5097970647,261 Hauk Pass,1165,AMD,http://dummyimage.com/237x100.png/cc0000/ffffff,2025-10-20 21:21:36
oritchleyp8@sphinn.com,$2a$04$t028SMpU.gyHM/u6AKDXkOKqtiURYZumvaBCIcSnhKTYnOiQwMNV2,Olav,Ritchley,PSYCHIATRY,DOC-YTA-45471,5,7054484075,74 Kedzie Hill,1610,EUR,http://dummyimage.com/160x100.png/cc0000/ffffff,2025-10-20 21:21:36
aouchterlonyp9@un.org,$2a$04$kY4qq7copddOy015pT2U5.pZXx04qIYqHDjNFmieGlBthZq9PhK6q,Audry,Ouchterlony,UROLOGY,DOC-XRZ-72768,11,3047902917,6 Fairfield Terrace,584,PHP,http://dummyimage.com/234x100.png/ff4444/ffffff,2025-10-20 21:21:36
mswantonpa@youtu.be,$2a$04$cRhzmq65ZKcFXfde6SyKsux3ixI1.Z42Y.Y4WIpzi4qb71fqH9nRW,Missy,Swanton,RHEUMATOLOGY,DOC-OVN-23382,3,4429736605,6472 Troy Court,1474,CNY,http://dummyimage.com/180x100.png/ff4444/ffffff,2025-10-20 21:21:36
sschaperopb@who.int,$2a$04$v14bcjzt/4Y8zs6AdvVg2OvlW3CDEvm7fiXethTsvBJOIH2pttpF2,Silas,Schapero,UROLOGY,DOC-ZXT-36789,14,4932049639,62831 Dottie Avenue,629,CNY,http://dummyimage.com/158x100.png/dddddd/000000,2025-10-20 21:21:36
mdukepc@ucla.edu,$2a$04$tt438pul6nlRJCjy7o6XfOymSe.ihDWklgPYP1nd10lsYhWw985i.,Malynda,Duke,PLASTIC_SURGERY,DOC-APG-57450,8,4925322968,55 Del Mar Point,1539,RUB,http://dummyimage.com/246x100.png/dddddd/000000,2025-10-20 21:21:36
bferrantpd@princeton.edu,$2a$04$zP86PUIMRTtn95TkHKUoU.VULbAp.hdqw2oUriABQ4JvCa1EAaB0e,Bailey,Ferrant,GENERAL_SURGERY,DOC-JAW-49817,25,1877162754,1 Beilfuss Plaza,730,ALL,http://dummyimage.com/115x100.png/cc0000/ffffff,2025-10-20 21:21:36
ascudamorepe@europa.eu,$2a$04$1sJWg8BwA2aOWSZqZLAjfexN3L1R7yGmbduiV6FFCZO.BdlZLyxKq,Artemas,Scudamore,PULMONOLOGY,DOC-QKN-61069,11,7025728484,5233 Coleman Hill,1226,CNY,http://dummyimage.com/121x100.png/dddddd/000000,2025-10-20 21:21:36
rmolepf@blog.com,$2a$04$UFs.lJ0yi2yql5gJx30HJ.MlSr7EJkR5D4.b4ZmEam9ccg5oP2z/2,Rabi,Mole,ENDOCRINOLOGY,DOC-RGW-19805,8,5379264055,2 Canary Park,1858,RUB,http://dummyimage.com/244x100.png/ff4444/ffffff,2025-10-20 21:21:36
cwolpertpg@independent.co.uk,$2a$04$X0YzosMCiwf.oxt5aNrr6.2DftujFtPsXdKJswPATcGinHqZwzgFK,Cherise,Wolpert,PULMONOLOGY,DOC-FDQ-85825,19,8182330887,904 Westport Pass,1166,CNY,http://dummyimage.com/152x100.png/cc0000/ffffff,2025-10-20 21:21:36
aiglesiasph@ow.ly,$2a$04$55to6DWqQWNqnb2nyDnUE.tZJB.UZoh.FeYOU9G17T0hjTlyzzqge,Ashlin,Iglesias,INFECTIOUS_DISEASE,DOC-QOL-75102,24,4452947299,6 Oak Valley Place,542,ARS,http://dummyimage.com/182x100.png/5fa2dd/ffffff,2025-10-20 21:21:36
lwerndlypi@umich.edu,$2a$04$Ehpx.WUhh0icwXp.EpaaBujzLAzSwfbJ0kiGYl/.xXgr09OGXyLAi,Laughton,Werndly,DENTISTRY,DOC-AAB-91292,23,4045821308,64 Menomonie Center,1308,PLN,http://dummyimage.com/203x100.png/dddddd/000000,2025-10-20 21:21:36
lmathepj@squarespace.com,$2a$04$Z2coRDqt5YjXt9hPxqLsgePi9b1W32J4Bj8.1jktxXySzf/DTJ1dy,Lemmie,Mathe,PATHOLOGY,DOC-NFR-71896,20,8957744477,90 Melvin Place,1414,PLN,http://dummyimage.com/121x100.png/ff4444/ffffff,2025-10-20 21:21:36
mbradburnepk@dropbox.com,$2a$04$kHv9NcTw8DCYHjJTRe61l.aN7VsMOd5xGntS689x.BGA2d1hD54Bu,Mischa,Bradburne,IMMUNOLOGY,DOC-LCI-08203,2,4714938187,58745 Almo Lane,1652,ARS,http://dummyimage.com/208x100.png/dddddd/000000,2025-10-20 21:21:36
ddearmanpl@artisteer.com,$2a$04$UsDhIeSLiKozug2dlQBeBO3LqIIKXHWUYfyrNZvmPiKJ4c2hneL7K,Dari,Dearman,PULMONOLOGY,DOC-CBB-13652,11,5208163896,894 Morning Park,724,CNY,http://dummyimage.com/156x100.png/cc0000/ffffff,2025-10-20 21:21:36
npigerampm@craigslist.org,$2a$04$xhM.bTdiA25puaXtsNDJMeUYPuaib7aOA6hgLyGoZcCIRK.paHRlq,Noami,Pigeram,SPORTS_MEDICINE,DOC-IUO-21460,6,5274117590,8 Moulton Road,1241,EUR,http://dummyimage.com/225x100.png/cc0000/ffffff,2025-10-20 21:21:36
dblaxterpn@naver.com,$2a$04$G5WxcPXMHWwwGn3dCW4INewF.JI4rtQu33pBdOkZihvq2Ee84k5VO,Delphinia,Blaxter,ORTHOPEDICS,DOC-PCL-18880,20,1792938782,6 Service Road,1591,BRL,http://dummyimage.com/137x100.png/cc0000/ffffff,2025-10-20 21:21:36
nrollingspo@cyberchimps.com,$2a$04$ViLoPhylJZUGROAvhN2WTuMkptUsIKF5J0V7MLTSaiLh0QuXQkBme,Niel,Rollings,ANESTHESIOLOGY,DOC-VVU-17904,10,2807164461,33 Crownhardt Trail,1847,MYR,http://dummyimage.com/145x100.png/cc0000/ffffff,2025-10-20 21:21:36
rgouldstonepp@mtv.com,$2a$04$JWWDVK2FswmBNBlsPIf/POH0/0RQO3nZSr9455RBihRxssVWEJWmm,Roger,Gouldstone,HEMATOLOGY,DOC-WYX-22282,10,2791989683,94 Portage Terrace,760,PLN,http://dummyimage.com/233x100.png/dddddd/000000,2025-10-20 21:21:36
qbritlandpq@behance.net,$2a$04$PPeC2BKL7cIpdXVcYLlnoOl/5IyqdfVUPf1dsotkF8/ZeCWwUZ2ya,Quentin,Britland,GYNECOLOGY,DOC-WXL-41262,3,4622808678,444 Randy Center,1889,BRL,http://dummyimage.com/160x100.png/5fa2dd/ffffff,2025-10-20 21:21:36
lshavelpr@google.com.hk,$2a$04$eET4VLCDZxAsXGtZfbcR.O63HfyWaOoauVR3cnVSGZ1yrUN0uNo6.,Lexie,Shavel,ORTHOPEDICS,DOC-YZQ-90804,16,1755713439,62 Maywood Park,1509,MVR,http://dummyimage.com/109x100.png/dddddd/000000,2025-10-20 21:21:36
wmaestrops@nationalgeographic.com,$2a$04$SqwuyHkQML2Xlr2d9EMHq.0oCX/fsNpInsaEQ.wBJTuuYhgiPBOse,Wendie,Maestro,RADIOLOGY,DOC-ADT-77190,20,1606318411,05193 Evergreen Parkway,1198,JPY,http://dummyimage.com/159x100.png/5fa2dd/ffffff,2025-10-20 21:21:36
fgydept@state.gov,$2a$04$lms4Exajb.O7DDJ8PElZIuBAPX9K6d68hFDS5KYjBN0d33k0Rhq9q,Flint,Gyde,DERMATOLOGY,DOC-AGJ-08895,12,8019021486,5 La Follette Alley,1630,USD,http://dummyimage.com/178x100.png/5fa2dd/ffffff,2025-10-20 21:21:36
wbiesterfeldpu@arizona.edu,$2a$04$5TjYw6rfQVdORvNuBKo/RuHyeZlMOS24fZjKV9MrOmj8kQBWlO7KC,Wyatan,Biesterfeld,IMMUNOLOGY,DOC-OXU-44842,14,8344308981,4687 Lindbergh Road,1742,CNY,http://dummyimage.com/153x100.png/cc0000/ffffff,2025-10-20 21:21:36
jkaretpv@samsung.com,$2a$04$jpuf7C7Cj0eYIrHkEXpztODDWXIcusG3ajebEH.K6FJETDYeZ8Y66,Janella,Karet,INFECTIOUS_DISEASE,DOC-EEF-13901,2,4545371372,36706 Scofield Parkway,1914,PLN,http://dummyimage.com/243x100.png/ff4444/ffffff,2025-10-20 21:21:36
acarlanpw@tripod.com,$2a$04$TISpd/U54sLtNMig448BgOnjNEJ0yTLlQW5oOsd1Y5xQcbiNa.Myq,Arliene,Carlan,FAMILY_MEDICINE,DOC-CUR-05804,10,4031779622,94989 Namekagon Terrace,596,UAH,http://dummyimage.com/184x100.png/ff4444/ffffff,2025-10-20 21:21:36
ggiacominipx@odnoklassniki.ru,$2a$04$3z/jmjATFidrX2MGMiWjkuB8Ej9SXtyZ8/X0hzMANfeIDO0KZIfRe,Garrik,Giacomini,DERMATOLOGY,DOC-DZF-22414,23,8791767258,81 Elgar Trail,1935,BRL,http://dummyimage.com/157x100.png/ff4444/ffffff,2025-10-20 21:21:36
lyerburypy@desdev.cn,$2a$04$fm9CjamSkYFtKCnJKX39Ye/S2S3sXlzKz6OYB7XuUryVWLo1qk5bK,Levy,Yerbury,GASTROENTEROLOGY,DOC-ALP-18978,15,3462623081,65104 Harbort Hill,711,CNY,http://dummyimage.com/194x100.png/cc0000/ffffff,2025-10-20 21:21:36
tmcgirlpz@scribd.com,$2a$04$Liq0KLP32KTbmYzb1gODu.qAF7ktTITTqsSFZXy1GzK4oMFRumCi2,Tripp,McGirl,IMMUNOLOGY,DOC-KQL-44705,23,1685320999,019 Sunbrook Drive,1393,IDR,http://dummyimage.com/119x100.png/dddddd/000000,2025-10-20 21:21:36
fmcalindonq0@wikispaces.com,$2a$04$JrbyyVdrP2akTLpXIQlFW.VlrDg5kXWc8mvYBS2We61KfniCbAK3W,Ferdinande,McAlindon,GASTROENTEROLOGY,DOC-RTZ-72131,24,8136141166,8 Sunbrook Road,1987,USD,http://dummyimage.com/165x100.png/ff4444/ffffff,2025-10-20 21:21:36
mheffernanq1@canalblog.com,$2a$04$MCLGg.8Kk5Hh4Knjwx8HduL6T52PDEZ1m0AkGhRKb01CDwbVeW5DW,Melony,Heffernan,FAMILY_MEDICINE,DOC-SBF-59610,13,9721480946,192 Columbus Alley,606,IDR,http://dummyimage.com/218x100.png/5fa2dd/ffffff,2025-10-20 21:21:36
bmorseq2@google.cn,$2a$04$rywDG65Am0FiKtvOUhUVGuSZmUbvpP/KSusftzJH9qrhlLwmqpskm,Bryanty,Morse,IMMUNOLOGY,DOC-DLF-69436,21,7816855483,59 Cambridge Drive,1147,CNY,http://dummyimage.com/192x100.png/cc0000/ffffff,2025-10-20 21:21:36
cshevelinq3@samsung.com,$2a$04$HiDJEqR1v5MMizyTxp2Ky.zQtGGhlnMnVhxY7a1L/0Q9pLtWv6NnO,Claudine,Shevelin,PLASTIC_SURGERY,DOC-JJC-18008,2,5604313233,1 Continental Center,1730,IDR,http://dummyimage.com/130x100.png/ff4444/ffffff,2025-10-20 21:21:36
cworgenq4@parallels.com,$2a$04$cQjrrWlFxMs1L8l8OOlGLeSC3rQ84hBC.UBrfoktWGPP3N/wKMMmG,Constance,Worgen,ONCOLOGY,DOC-KFX-96518,11,9149399028,20264 Helena Point,761,EUR,http://dummyimage.com/244x100.png/ff4444/ffffff,2025-10-20 21:21:36
aleurenq5@soup.io,$2a$04$eq4cmqJWPDSvw0Ynx.bMNe3ym5qotFyknrtSYV7b2NWbnsNZcvrvm,Arron,Leuren,PULMONOLOGY,DOC-PUA-07191,3,9238902359,390 Becker Drive,581,PHP,http://dummyimage.com/193x100.png/dddddd/000000,2025-10-20 21:21:36
rbulfordq6@g.co,$2a$04$ehkpdyfgbcZWrXrdXkW6..SHl9EXvxcLV5Md0eiD.XSREQ2uKMcYi,Rriocard,Bulford,UROLOGY,DOC-TTC-81199,12,4831051472,01 Duke Point,1014,CNY,http://dummyimage.com/240x100.png/5fa2dd/ffffff,2025-10-20 21:21:36
awattinhamq7@digg.com,$2a$04$yN43FKjuz1EK1BEGiGpc2.iQcnzJ/bz8PmlYz3Ka.4.yFKOPwsFwK,Addison,Wattinham,UROLOGY,DOC-PHM-59457,11,5846808716,434 Mandrake Crossing,1343,CNY,http://dummyimage.com/136x100.png/ff4444/ffffff,2025-10-20 21:21:36
vcubittq8@nhs.uk,$2a$04$gMNFzhFN8NB98Eozm/caiO54LBRYpT3HMLe0/BshV6GC2WMeOL.eO,Vanda,Cubitt,ENDOCRINOLOGY,DOC-OMR-13648,3,3123048911,38 Mosinee Crossing,1488,PHP,http://dummyimage.com/183x100.png/ff4444/ffffff,2025-10-20 21:21:36
gwheatonq9@github.com,$2a$04$9QkVcJEljE.Pwu92GIoCdOuTJ7GGojLGTKn..dzoRw3FFw3T/L2ae,Gabbey,Wheaton,FAMILY_MEDICINE,DOC-PDT-66209,17,3158982799,8288 Schmedeman Court,1042,CNY,http://dummyimage.com/161x100.png/dddddd/000000,2025-10-20 21:21:36
gdaviotqa@istockphoto.com,$2a$04$bPUE9nh474fkzI2DOQ5cJuLh2oAgl/9kBAIJ9dE4465T05dc/CH2y,Genni,Daviot,PEDIATRICS,DOC-QXS-24941,5,6543003745,934 Manley Junction,1262,RUB,http://dummyimage.com/213x100.png/dddddd/000000,2025-10-20 21:21:36
pglyneqb@sina.com.cn,$2a$04$FiUcOvuA0tiGpL1r7pngNeURMZFubqLAEounkQF.w/gVDG7Pkhwpy,Patty,Glyne,ANESTHESIOLOGY,DOC-OKT-29866,20,2719038848,29150 Sutherland Point,1151,SDG,http://dummyimage.com/171x100.png/dddddd/000000,2025-10-20 21:21:36
rralstonqc@wsj.com,$2a$04$mj4r0m1LhmvKLuXR3ww1x.UK1qeiuZQuzybOlY.DNX9EyZXx2pun2,Rosabelle,Ralston,NEPHROLOGY,DOC-CSE-99960,13,8207287331,93 Twin Pines Way,1044,UAH,http://dummyimage.com/163x100.png/5fa2dd/ffffff,2025-10-20 21:21:36
kpettiforqd@mlb.com,$2a$04$1RidTObTtZ7KnZasdk..4eDCLp5bRcXnj8jWNaD9qZPg/hifkIV3O,Kelli,Pettifor,PEDIATRICS,DOC-ZUS-02603,25,1581478121,3 Tony Terrace,829,BRL,http://dummyimage.com/158x100.png/cc0000/ffffff,2025-10-20 21:21:36
jotierneyqe@live.com,$2a$04$zAeDzPGghpNesjxfX6d.We5zPruEOHkNLXQx.klUb/6JaQBvpUnze,Jessa,O'Tierney,ONCOLOGY,DOC-WMZ-44568,5,1534973840,741 Canary Point,1465,KZT,http://dummyimage.com/104x100.png/ff4444/ffffff,2025-10-20 21:21:36
fcruddaceqf@cyberchimps.com,$2a$04$U2.OsWb9KTR3nSVsjXSESeOHSyj61kRLTiiaF5AB/qUoSULmcxNXq,Felicity,Cruddace,IMMUNOLOGY,DOC-GFH-81215,2,5469807461,3 Sherman Crossing,528,GBP,http://dummyimage.com/213x100.png/cc0000/ffffff,2025-10-20 21:21:36
tfaircloughqg@surveymonkey.com,$2a$04$YerLJWYMje7w0EdFwDAG7Oskw.ySbwGyFi9MRJe7o.FZe.b2eLGui,Tracie,Fairclough,PULMONOLOGY,DOC-WBX-85207,11,6366944436,31 Mcbride Alley,822,PHP,http://dummyimage.com/119x100.png/dddddd/000000,2025-10-20 21:21:36
bweldqh@rakuten.co.jp,$2a$04$X81.YLpA7pN2NdUGp60B2epE6r6m7/WM2v7R4wygUruecJigiStYa,Barnie,Weld,HEMATOLOGY,DOC-WBV-18380,17,6257627944,63 Orin Court,814,PHP,http://dummyimage.com/104x100.png/5fa2dd/ffffff,2025-10-20 21:21:36
nvanderspohrqi@pcworld.com,$2a$04$lKLcR/WKOA.uk/Fgs1t.KOPe0euNue5zILjkTX6AuBfzkSYICUwFO,Nydia,Van der Spohr,ONCOLOGY,DOC-JKL-19604,22,6664257118,13366 Independence Place,1107,EUR,http://dummyimage.com/162x100.png/dddddd/000000,2025-10-20 21:21:36
mgreensittqj@rambler.ru,$2a$04$Q5Jy7KTBH39pn4kvlDSdUeKagA8sWHTiL8i2aPtwW2W9cGunvTIWS,Margeaux,Greensitt,GENERAL_SURGERY,DOC-PXM-17394,20,1158392697,44860 Sage Terrace,789,CNY,http://dummyimage.com/226x100.png/5fa2dd/ffffff,2025-10-20 21:21:36
agabbottqk@github.com,$2a$04$MzFDwyZJLyqXYC.RpLr7peEfQ6Co8OkixhqMrdwFLD6GaJRhSdpBO,Amalia,Gabbott,ANESTHESIOLOGY,DOC-GSR-88124,5,8368204253,801 Maywood Trail,640,CNY,http://dummyimage.com/202x100.png/dddddd/000000,2025-10-20 21:21:36
aolkowiczql@oakley.com,$2a$04$x1x/iqts1wqIlyv5eKf.Lennqc9KUgNFwTNqeuPcYOUAEroXGX5tS,Anatole,Olkowicz,PLASTIC_SURGERY,DOC-ERY-11842,17,3499145173,11 Warrior Terrace,1612,LKR,http://dummyimage.com/229x100.png/5fa2dd/ffffff,2025-10-20 21:21:36
ngleetonqm@jalbum.net,$2a$04$FhBptFo12QdIK3E.O2QLMuLA3HOGovJvGhU92rqMFJCaFOO0VvtOm,Nikolia,Gleeton,ANESTHESIOLOGY,DOC-MLG-94998,7,9654411206,3590 Buena Vista Circle,881,CNY,http://dummyimage.com/136x100.png/cc0000/ffffff,2025-10-20 21:21:36
mmazilliusqn@prnewswire.com,$2a$04$WdMIeoK85jQXtK4tHORSgewGIpZkGBphc1j6EUKE76JKdBtRbyJTC,Malia,Mazillius,HEMATOLOGY,DOC-DOO-69770,1,5303581691,00 Mccormick Avenue,1323,RSD,http://dummyimage.com/125x100.png/5fa2dd/ffffff,2025-10-20 21:21:36
ldanielotqo@chicagotribune.com,$2a$04$Uf3ayuqyiBXS1TasfuaQ7OmCR0GsRT/ECA7fNQX6QTdLqDXrX39km,Lief,Danielot,OPHTHALMOLOGY,DOC-GYE-03627,14,5324010741,7 Dahle Parkway,1490,XOF,http://dummyimage.com/204x100.png/cc0000/ffffff,2025-10-20 21:21:36
equestqp@meetup.com,$2a$04$BL91HNgFoo6uT7V7uUz4h.Z0.2wqzUC5Q682k8y197h6Vn8cMt616,Erv,Quest,RADIOLOGY,DOC-CVA-92171,24,1375168476,51 Loeprich Park,1338,EUR,http://dummyimage.com/155x100.png/ff4444/ffffff,2025-10-20 21:21:36
jmurdieqq@ebay.com,$2a$04$CoTqdVWz3rjrAVPCVi.LB.e9oEWOkc2lQX664uqh27zeWhujsoxUC,Jilly,Murdie,CARDIOLOGY,DOC-DXA-79880,14,2179007706,2530 Havey Lane,690,CNY,http://dummyimage.com/199x100.png/dddddd/000000,2025-10-20 21:21:36
gberneyqr@paginegialle.it,$2a$04$jD0oBIMSe3IGJ1at0O6R3eXhZPLDTYUzotyNpIDaVS7IVZ9wnrAmm,Gilbertina,Berney,INFECTIOUS_DISEASE,DOC-DUM-69641,24,9811981408,97127 Forest Dale Point,1386,HTG,http://dummyimage.com/144x100.png/dddddd/000000,2025-10-20 21:21:36
hfloodgateqs@answers.com,$2a$04$5cv9bIrQrrD4RAASLfT.k.X37Gc3.mfCPLBSYACa0cJVFcm8nOACm,Herb,Floodgate,UROLOGY,DOC-DTB-91550,12,2882912997,50927 Packers Point,1426,IDR,http://dummyimage.com/127x100.png/dddddd/000000,2025-10-20 21:21:36
xbarffqt@cornell.edu,$2a$04$PMmYOEOwfG3GoaMY55kor.ep/y7PmTWb1XdODtPIfkN3U.PLgGzOW,Xerxes,Barff,PEDIATRICS,DOC-BUY-19215,25,3459416586,74256 Del Mar Crossing,1211,NGN,http://dummyimage.com/193x100.png/ff4444/ffffff,2025-10-20 21:21:36
bpinkiequ@marriott.com,$2a$04$yj12JAUgtTI1pIjSpeIyKuObch7QLkhXA3LNktPi15fXPCyQqt6ma,Buddie,Pinkie,ANESTHESIOLOGY,DOC-KVD-28326,21,1325564032,2671 Golf Course Trail,1369,UAH,http://dummyimage.com/126x100.png/cc0000/ffffff,2025-10-20 21:21:36
alawrensonqv@huffingtonpost.com,$2a$04$P1FOrB3RizHzFOKm2IRxHOkGumGsHeiT3hIhUKZqSwcSbmfxyCzGG,Ardella,Lawrenson,PSYCHIATRY,DOC-KND-51886,14,2083813833,051 Clyde Gallagher Alley,1040,EUR,http://dummyimage.com/109x100.png/5fa2dd/ffffff,2025-10-20 21:21:36
hbatieqw@hp.com,$2a$04$VBLRV0SjZ64.L8drJ0q7OehNzx0kXMDFgBL4LAtxq9fEnA9vI3RaO,Hubie,Batie,GYNECOLOGY,DOC-GEJ-72408,8,5941236256,8280 Starling Drive,671,ARS,http://dummyimage.com/164x100.png/dddddd/000000,2025-10-20 21:21:36
dcordeyqx@hexun.com,$2a$04$zMWVitfpsJfNSkWj8juU4.2V0tSONqle6js4dqHgn3oy1bQLLbZdG,Daryl,Cordey,DERMATOLOGY,DOC-UXI-88411,10,7409603275,746 6th Street,1378,IDR,http://dummyimage.com/129x100.png/5fa2dd/ffffff,2025-10-20 21:21:36
dspurrettqy@pagesperso-orange.fr,$2a$04$mSAeGYN7Asowd0FXEi4NhOhXaBAFRZwIdpF7Qlz8luPJ8wmMmEn.e,Daven,Spurrett,ONCOLOGY,DOC-RKF-38580,5,3946478614,8 Northwestern Court,1969,PHP,http://dummyimage.com/245x100.png/ff4444/ffffff,2025-10-20 21:21:36
njarayqz@over-blog.com,$2a$04$EXn5KtrF0FR/cvvblkG.AeajUYTbZo7EozcKKtjhYIdrZZ7KYJPWW,Nessi,Jaray,INFECTIOUS_DISEASE,DOC-WZR-27774,25,7316138624,3908 Florence Street,913,SRD,http://dummyimage.com/206x100.png/dddddd/000000,2025-10-20 21:21:36
rvuitter0@privacy.gov.au,$2a$04$t62UV8Gz3tnYcCGR8.DAB.iDYI5jr.8WHTCenReUjDUFvdlWZ9mKq,Rab,Vuitte,RADIOLOGY,DOC-JMT-55546,18,4523106479,798 Mccormick Point,1003,RUB,http://dummyimage.com/201x100.png/5fa2dd/ffffff,2025-10-20 21:21:36
flidellr1@skyrock.com,$2a$04$bQKlobwS7A8lhVwze8xD6O3WrRWAYwuBAC0ar4/QZt8DMvrF4DDum,Florida,Lidell,HEMATOLOGY,DOC-JRG-18581,5,4554456614,68875 Oakridge Crossing,649,CNY,http://dummyimage.com/131x100.png/cc0000/ffffff,2025-10-20 21:21:36
csuthernsr2@macromedia.com,$2a$04$LQbln0QudnpAv18R8y2jWezf6U4s45p..h.66YBUCWxo7Ggs/jXsK,Candie,Sutherns,RADIOLOGY,DOC-UIZ-56805,18,2664445488,831 Grayhawk Alley,1555,CNY,http://dummyimage.com/222x100.png/5fa2dd/ffffff,2025-10-20 21:21:36
lterner3@istockphoto.com,$2a$04$MrKPR8zC3nkPDWHoR4Ci8OvsArSyU3BKKG/IfMTRe9vaEA5hE6fiu,Lynde,Terne,FAMILY_MEDICINE,DOC-VKT-50159,14,7994795994,2252 Gulseth Center,1308,NAD,http://dummyimage.com/193x100.png/cc0000/ffffff,2025-10-20 21:21:36
fwardropr4@archive.org,$2a$04$sTJUsmGmyTsUhxxrwSW0dOA1a0eD77kemE9S.k8aMAg6XRXndPVtu,Florencia,Wardrop,PLASTIC_SURGERY,DOC-UNT-15823,12,9875176195,85281 Nelson Plaza,596,EUR,http://dummyimage.com/101x100.png/5fa2dd/ffffff,2025-10-20 21:21:36
otolerr5@mit.edu,$2a$04$PWQ6qj1RKDWEwLjQTKlXl.X8P0SEJ2F1xVWqc9xRmJLFz27B/lH6m,Olivette,Toler,PEDIATRICS,DOC-VSK-68486,4,1308218509,94051 Marcy Street,1699,SEK,http://dummyimage.com/160x100.png/5fa2dd/ffffff,2025-10-20 21:21:36
gtinklinr6@gravatar.com,$2a$04$8qBGAL4PqIp8Gn36Rk0oze4irLYFlfT2upCSwWBH67iwokucdOD2W,Griffie,Tinklin,RHEUMATOLOGY,DOC-MVX-70674,9,2276576451,4 Florence Road,1981,PLN,http://dummyimage.com/184x100.png/5fa2dd/ffffff,2025-10-20 21:21:36
dmacritchier7@51.la,$2a$04$GDnMIWKACK8jauQvNrvP/eUn9eSUVIVn1xRNL/jTzO0qjBXJHwVN6,Debora,MacRitchie,CARDIOLOGY,DOC-REL-02258,8,7783975776,2 Continental Point,1726,IDR,http://dummyimage.com/159x100.png/5fa2dd/ffffff,2025-10-20 21:21:36
kstolbergerr8@google.cn,$2a$04$t0J9wy5/31FnpGUJASevSOTffYoujR2xM7/dDyFKdqqnQfBRCMDvS,Kristo,Stolberger,IMMUNOLOGY,DOC-IYU-63132,3,1336743852,950 Florence Crossing,1012,CAD,http://dummyimage.com/125x100.png/ff4444/ffffff,2025-10-20 21:21:36
rdaunterr9@harvard.edu,$2a$04$nAD44mO8lyuPUGBoBqOwHOU3/2xXvvhonQoGY.onKgLfFNFSHcOAq,Reynold,Daunter,ORTHOPEDICS,DOC-VNJ-86556,2,4735578799,5 Donald Trail,1732,SEK,http://dummyimage.com/211x100.png/ff4444/ffffff,2025-10-20 21:21:36
sblasiora@youku.com,$2a$04$ssdqNDkrMu/QanF6VczBpusPQ6BZwIMR2ldIwjoPWxeD1xTSzbUeC,Shawna,Blasio,EMERGENCY_MEDICINE,DOC-EVZ-57453,25,7278300752,67043 Sugar Hill,907,ARS,http://dummyimage.com/210x100.png/5fa2dd/ffffff,2025-10-20 21:21:36
mpracyrb@surveymonkey.com,$2a$04$h/RX/dJYc74HNJqtSkIDjOGjHkWAndZ6JI9TBm69i4hdmQz9/wgjm,Mohandis,Pracy,ONCOLOGY,DOC-FUK-45435,7,3694210721,753 Granby Parkway,799,CNY,http://dummyimage.com/111x100.png/ff4444/ffffff,2025-10-20 21:21:36
fyearbyrc@comsenz.com,$2a$04$gYft.4xjV17RFUzLhmKG/ebBZkVJNoMF9CAp42PTghzzxDx.ty1H.,Filip,Yearby,GENERAL_SURGERY,DOC-TVJ-49284,25,7505267709,42 Heath Terrace,677,XAF,http://dummyimage.com/225x100.png/5fa2dd/ffffff,2025-10-20 21:21:36
csmaridgerd@biblegateway.com,$2a$04$BLDMWeioW2VQWV7OAwpsPeaut646amHo0jkMkuAtRDK//0ZwZOPnm,Chad,Smaridge,ORTHOPEDICS,DOC-PPB-51242,9,9059195372,5 Hintze Trail,1913,CNY,http://dummyimage.com/171x100.png/dddddd/000000,2025-10-20 21:21:36
ksabbertonre@quantcast.com,$2a$04$lx7lVB.5YJGCLchDioC4Ju1Y5t4Ck7exODQt3roBOJY9iW6C8F.N2,Katha,Sabberton,ENT,DOC-UTT-43785,4,2074648468,8 Westend Point,1458,HTG,http://dummyimage.com/233x100.png/dddddd/000000,2025-10-20 21:21:36
ahailerf@cornell.edu,$2a$04$XdL/qXvN1icbAwTiB.MEU.gawI5fPNAYp7x74zxWQun1L/41rfEsG,Aryn,Haile,GYNECOLOGY,DOC-OGO-22437,15,3226353545,2117 Eagan Point,1925,IDR,http://dummyimage.com/121x100.png/dddddd/000000,2025-10-20 21:21:36
ialdersearg@discuz.net,$2a$04$VaIIjed4gKt4LGgkpPUuHuNgBuytDTQC3pjf6fzTB5bNAgJE4atxq,Ira,Aldersea,PLASTIC_SURGERY,DOC-VJG-92147,12,1642612152,58 Helena Parkway,597,UAH,http://dummyimage.com/226x100.png/ff4444/ffffff,2025-10-20 21:21:36
bkarlmannrh@joomla.org,$2a$04$uFI1HNMkXwkLzWREWqpJouVDdeIpcLyASSTZuaXQOKlCJfr242yLO,Brande,Karlmann,ORTHOPEDICS,DOC-JZW-33286,10,6133838573,3 Spohn Drive,672,PHP,http://dummyimage.com/236x100.png/5fa2dd/ffffff,2025-10-20 21:21:36
evanniniri@fc2.com,$2a$04$TE2OliTwMB5WRiV9e8YTHOOdAYW99/vd/FdlqKIDn6/dU.wksZIM6,Eziechiele,Vannini,GENERAL_SURGERY,DOC-QMV-48479,14,1966932419,08466 Fisk Circle,758,EUR,http://dummyimage.com/176x100.png/5fa2dd/ffffff,2025-10-20 21:21:36
bfreerj@nymag.com,$2a$04$qL8rnawTikcPSi52/fhGJu6e8IQfcRz1clXD/2ZJdWKGCb4IfGv0u,Breena,Free,HEMATOLOGY,DOC-JGG-82202,20,8068717898,79869 Stoughton Plaza,989,NOK,http://dummyimage.com/186x100.png/cc0000/ffffff,2025-10-20 21:21:36
prowbothamrk@1und1.de,$2a$04$SLV85OLe.LXeqSrPWIG43ejVppmIH5tzUM.vED4iWU6M6CY5VVuzu,Pepillo,Rowbotham,PATHOLOGY,DOC-NYF-92056,14,5096503491,89 Starling Terrace,881,BWP,http://dummyimage.com/228x100.png/ff4444/ffffff,2025-10-20 21:21:36
tkernermannrl@cocolog-nifty.com,$2a$04$L8BDbSNSaVniaJW27gs/K.DZrM2pnbw5YdzhTigx69Ev2myTIsEDm,Trefor,Kernermann,FAMILY_MEDICINE,DOC-JDA-38690,7,3802427362,7 Lakeland Point,640,CZK,http://dummyimage.com/211x100.png/5fa2dd/ffffff,2025-10-20 21:21:36
emacarthurrm@skyrock.com,$2a$04$Hem3hUmQpEnsPj0RnP5NBOxxEtIlhgZm2.Q7u1I.XMbDjjMhbKsmu,Edithe,MacArthur,PULMONOLOGY,DOC-VEA-61193,17,7084875006,80 Sherman Junction,1446,USD,http://dummyimage.com/212x100.png/5fa2dd/ffffff,2025-10-20 21:21:36
mboulderrn@etsy.com,$2a$04$i8CVcABUQ05vxSlUAJapkOW7Qd4lg4jiKaip8la6o/Mu4LD0sf.tW,Misty,Boulder,DERMATOLOGY,DOC-RWA-79597,21,8585949659,0 Arrowood Circle,1028,PEN,http://dummyimage.com/174x100.png/ff4444/ffffff,2025-10-20 21:21:36
rwoosnamro@hud.gov,$2a$04$194OZWksyjl8iVsxIjItc.NHILGqVQadurL0tX5m7rIaBKTmHRc8m,Raffarty,Woosnam,PSYCHIATRY,DOC-JXJ-87312,14,2149937062,99928 Moulton Junction,1388,USD,http://dummyimage.com/211x100.png/5fa2dd/ffffff,2025-10-20 21:21:36
aguitonrp@dropbox.com,$2a$04$FwNdBpMnfaRrAS2zIFw4iOh3LLW3wV0vT0dkMzZ.fp/N3PBUo44dK,Ari,Guiton,ENT,DOC-THX-15795,15,2768329738,3 Delaware Pass,760,SEK,http://dummyimage.com/250x100.png/5fa2dd/ffffff,2025-10-20 21:21:36
bskittrealrq@sitemeter.com,$2a$04$7rJrHm0UrYi3Ovzd1Ki9ru7tzBGVcYcF97qXBTTHFiwPalbhu.T..,Burke,Skittreal,SPORTS_MEDICINE,DOC-SRN-66764,20,9673135670,5094 Stang Alley,664,TWD,http://dummyimage.com/156x100.png/dddddd/000000,2025-10-20 21:21:36
rhaggerrr@moonfruit.com,$2a$04$ScxCdAFlKM/Rh/vB/GSiw.T1WkMeNjeP.jJuEep25BcyKejLYv1Ne,Rosaleen,Hagger,PEDIATRICS,DOC-TLO-59932,14,4465739882,84 Derek Junction,1624,CNY,http://dummyimage.com/241x100.png/ff4444/ffffff,2025-10-20 21:21:36
athebeaud0@arstechnica.com,$2a$04$sGq4dG459l8konHTtA2PRuQPkPWNIRkqJx/ac7UYTOgTC66QGZFQK,Athene,Thebeaud,DERMATOLOGY,DOC-WAJ-22605,22,3218229212,69372 Scofield Pass,631,CNY,http://dummyimage.com/191x100.png/ff4444/ffffff,2025-10-20 20:59:09
pchipman1@chicagotribune.com,$2a$04$/K63xkQiqOZ7jBvF9cEc0ewc0S4nAYwC2qVcGglEK1E.fjVZtyl2O,Paola,Chipman,DERMATOLOGY,DOC-AKC-39273,16,7705025085,5 Fulton Lane,1758,MUR,http://dummyimage.com/129x100.png/5fa2dd/ffffff,2025-10-20 20:59:09
mmackett2@ibm.com,$2a$04$oINzz7PrvJP.tK409t0JnOgB5kpB5S02plGOjK.L6xzQ9fPLwAg3y,Malina,Mackett,PEDIATRICS,DOC-XHL-96981,21,2317681099,88 Continental Point,1545,EUR,http://dummyimage.com/129x100.png/5fa2dd/ffffff,2025-10-20 20:59:09
fkingett3@g.co,$2a$04$B4XV1Kv4uKZWbr1GazZAzuXi1rfndiCznp80dlzFrUv53nSw1OZlG,Fifine,Kingett,ENDOCRINOLOGY,DOC-AVG-96873,17,5055475811,78 Rigney Street,1330,CZK,http://dummyimage.com/115x100.png/5fa2dd/ffffff,2025-10-20 20:59:09
bkyffin4@alexa.com,$2a$04$eN.PFDUYuJcBOfF5c/gLQ.Dxs4KciU34Byn0ScLt.otOiYlqDekKm,Binnie,Kyffin,INTERNAL_MEDICINE,DOC-UXS-52569,15,7858588309,51614 Pepper Wood Pass,1098,CNY,http://dummyimage.com/181x100.png/5fa2dd/ffffff,2025-10-20 20:59:09
hives5@jugem.jp,$2a$04$KqJc12j87tCR/m5QTt9i.ej47OQIKCUlSlYmpUGSKpoRBwPBVm4cm,Hamel,Ives,EMERGENCY_MEDICINE,DOC-MWK-26307,14,7225089332,9 Bellgrove Place,889,PHP,http://dummyimage.com/184x100.png/ff4444/ffffff,2025-10-20 20:59:09
ccummungs6@wikia.com,$2a$04$xjH6Z5907uZ9UiB2db0b..M1Jqgu1Dcn2sNsG2lcV/b30vw.zGgWS,Clarisse,Cummungs,PLASTIC_SURGERY,DOC-DOB-73669,23,6554693530,8 Northview Parkway,1334,CNY,http://dummyimage.com/173x100.png/ff4444/ffffff,2025-10-20 20:59:09
parnald7@statcounter.com,$2a$04$RpP4fVEwOZFOhOHW0s3DXeAFJsvR2eOd./gLffDp1YFvagPO7.RTC,Portie,Arnald,RHEUMATOLOGY,DOC-FES-65597,9,4857935561,9545 Carberry Hill,548,CNY,http://dummyimage.com/207x100.png/5fa2dd/ffffff,2025-10-20 20:59:09
gschollar8@fema.gov,$2a$04$qFSEkhR9a5YF77Xt3bC0Y.Z3yv/wW9llbj5iULXIgLlaAI5xAVnjm,Gael,Schollar,RADIOLOGY,DOC-CSR-41525,14,2908062671,416 Golf Course Crossing,1020,CNY,http://dummyimage.com/216x100.png/dddddd/000000,2025-10-20 20:59:09
mcornfoot9@technorati.com,$2a$04$V3t3be5ar3R.vZpIHnC8ieAG.f/udDEvAVySGyqgLa8cL9eWFYo62,Myer,Cornfoot,IMMUNOLOGY,DOC-MXQ-88131,20,2387169173,5273 Heffernan Court,1663,PHP,http://dummyimage.com/152x100.png/5fa2dd/ffffff,2025-10-20 20:59:09
wschimkea@yelp.com,$2a$04$f2ElufpWYJxW.8wJ07MPauRrcAkPI0UyP7be9dHSWi2IuroOcW0M.,Wallas,Schimke,RADIOLOGY,DOC-VYY-84016,9,8691909821,586 Swallow Alley,1192,IDR,http://dummyimage.com/213x100.png/ff4444/ffffff,2025-10-20 20:59:09
rrowantreeb@forbes.com,$2a$04$/pcCcY7UeXBmXhMqGvcDoO4pNhLMJPptjfAXcPbkhN039hUJpmYVS,Ronda,Rowantree,NEUROLOGY,DOC-YLL-23725,8,3757869527,95 Dorton Place,1967,XAF,http://dummyimage.com/221x100.png/5fa2dd/ffffff,2025-10-20 20:59:09
kbrannonc@buzzfeed.com,$2a$04$rW1GIZQhgrL58xmbDq3Ff.HQbUEEhVOD.6dq8GB2v/3EvLxNYUyri,Karrah,Brannon,GASTROENTEROLOGY,DOC-GXZ-98775,16,5579932133,6 Summerview Park,1519,BRL,http://dummyimage.com/149x100.png/ff4444/ffffff,2025-10-20 20:59:09
jdwaned@oracle.com,$2a$04$qudgNPp4AiQka4XD6WRb/eCrzummHA3fY3ffEanQ/AMiAUZdC12u2,Jedidiah,Dwane,RHEUMATOLOGY,DOC-NDS-61656,9,3052501632,6 Talisman Lane,887,CNY,http://dummyimage.com/239x100.png/cc0000/ffffff,2025-10-20 20:59:09
kburnipe@fema.gov,$2a$04$HJl2JGsgi6udVHSAiSqEkOSa.qjE1IZBPh5T8rC.SkjSGMZfDFGcW,Kelsey,Burnip,ONCOLOGY,DOC-KUR-91706,19,2077535253,6364 Havey Court,754,USD,http://dummyimage.com/147x100.png/cc0000/ffffff,2025-10-20 20:59:09
bnormavillef@blogspot.com,$2a$04$vwOZUcmPjuYZl35fKflkIOPCTb4gSrhjKBed0WlOxeV16dacRL2uy,Berthe,Normaville,NEPHROLOGY,DOC-PMF-87252,14,8599590823,189 International Drive,875,CZK,http://dummyimage.com/235x100.png/ff4444/ffffff,2025-10-20 20:59:09
cmoreyg@yahoo.com,$2a$04$aZIyEJQ9o0FCAi9zCgRHlep2wK6mpqGwWRlCjQgasBJEA2yJI6TvG,Chrissie,Morey,UROLOGY,DOC-WTE-18444,5,7966939044,46977 Lawn Avenue,1709,CNY,http://dummyimage.com/156x100.png/cc0000/ffffff,2025-10-20 20:59:09
kwaleh@phpbb.com,$2a$04$FddTMEsOOMf0jKlC7KVtX.dITHML99y/xJDCGuZjG1mN2bEyEcXCy,Keely,Wale,ONCOLOGY,DOC-MNN-93452,1,8571020574,79 Sutteridge Lane,792,CZK,http://dummyimage.com/150x100.png/ff4444/ffffff,2025-10-20 20:59:09
jtrinkei@bigcartel.com,$2a$04$qIj.kAMO/geBDFiki0MDwOiKOb8QHlNP1Q47yfJG/rJXaW8BK3e.i,Joey,Trinke,DENTISTRY,DOC-GEW-65530,8,7613734491,06 Fulton Avenue,1514,MXN,http://dummyimage.com/177x100.png/5fa2dd/ffffff,2025-10-20 20:59:09
mcosgrivej@archive.org,$2a$04$nMUtw0J4PHa9hG2bH5W3p.GSy/K9UsNCVGtjiSMgqwGoBM.BTfODC,Mendy,Cosgrive,PATHOLOGY,DOC-EVJ-79794,9,4162593345,0 Carey Street,1415,CNY,http://dummyimage.com/134x100.png/5fa2dd/ffffff,2025-10-20 20:59:09
awestcark@soundcloud.com,$2a$04$Ze6c0gZebP0xdRT3ya2m5OlxcwgchrqYDfG0MwYTxJYPfSM81Lcpe,Alleen,Westcar,PLASTIC_SURGERY,DOC-TPJ-20047,22,6881839500,78 Farragut Junction,885,IDR,http://dummyimage.com/163x100.png/5fa2dd/ffffff,2025-10-20 20:59:09
sverol@barnesandnoble.com,$2a$04$AnkhWOa5f2LX8drfGBNS5OoPkc7BZgdleQilkqDrYbQnXZPsfirb2,Sigmund,Vero,GASTROENTEROLOGY,DOC-DSA-83295,15,6379067724,28 Graedel Place,1967,SCR,http://dummyimage.com/195x100.png/5fa2dd/ffffff,2025-10-20 20:59:09
mfarringtonm@odnoklassniki.ru,$2a$04$wR0XrHbmTrghUwQQjtqGr.dIbJnN3ZfTD7FRNuLfwywaaU0QtUH7q,Marion,Farrington,EMERGENCY_MEDICINE,DOC-ZVV-89938,4,5014120437,3 Barnett Park,633,RUB,http://dummyimage.com/171x100.png/dddddd/000000,2025-10-20 20:59:09
ahallumn@whitehouse.gov,$2a$04$8Mv3lbDUxtN4vx1NEPpdXOgtMrT8xXEREjuK9vSGomef/WvbJJNC.,Augustine,Hallum,ONCOLOGY,DOC-LRR-98982,20,7827943954,58097 Linden Plaza,816,EUR,http://dummyimage.com/122x100.png/cc0000/ffffff,2025-10-20 20:59:09
ceasto@buzzfeed.com,$2a$04$bXG7N9Zazk82XwT6MqZMfOI0TK6nGljhNcsCJ6ol0IwYCt7HtVjPS,Cart,East,PATHOLOGY,DOC-ZTB-64470,5,6499390528,43612 Beilfuss Park,916,ALL,http://dummyimage.com/178x100.png/cc0000/ffffff,2025-10-20 20:59:09
lmocquerp@nbcnews.com,$2a$04$Aw9SbJZtI3ACx8uQSFXcbufjLLPylCrAAKKVbpmTkmLMzKkdg3ami,Laurens,Mocquer,IMMUNOLOGY,DOC-FLB-02309,14,2519378436,89 Weeping Birch Junction,1699,CZK,http://dummyimage.com/217x100.png/dddddd/000000,2025-10-20 20:59:09
hboxhillq@npr.org,$2a$04$pam9KJVHUz9W60xYdjI1..BRlD5wBTh/FBSiW62k14KboqVOw3LBC,Hertha,Boxhill,ANESTHESIOLOGY,DOC-VUI-12786,25,7213874298,5978 Hooker Crossing,1578,YER,http://dummyimage.com/200x100.png/ff4444/ffffff,2025-10-20 20:59:09
fmodenr@bravesites.com,$2a$04$rjBuHC1WRLb.JJK6hLRlDeDkVFbstFYEQqMimleOuQ67RxHvvtsqu,Francesco,Moden,FAMILY_MEDICINE,DOC-SJO-63561,12,7305236495,00068 Drewry Junction,1078,PHP,http://dummyimage.com/211x100.png/cc0000/ffffff,2025-10-20 20:59:09
lfassums@liveinternet.ru,$2a$04$Iq8D.mC.8eIi39bflOVW3uegKLPKkyVTmcP3vRL7Z256pSl6Pij5u,Laughton,Fassum,PATHOLOGY,DOC-YEA-60787,8,1196819468,10520 Arkansas Center,1712,COP,http://dummyimage.com/200x100.png/5fa2dd/ffffff,2025-10-20 20:59:09
drenodent@reddit.com,$2a$04$L.VTdIC4zjnLf9HEIDHklO5TgpCVpGcsDnGDS4/xs6LrcH1IJj6Lu,Daryle,Renoden,PLASTIC_SURGERY,DOC-LLF-62356,23,1143683171,40988 Pennsylvania Avenue,1527,PHP,http://dummyimage.com/210x100.png/cc0000/ffffff,2025-10-20 20:59:09
csonleyu@blogtalkradio.com,$2a$04$8xGLYDTxJGrT8v4vujwfi.SwzOO54sciYDQtyS5TxEHZUz/e29Axe,Corette,Sonley,PSYCHIATRY,DOC-TBD-37918,11,3854322920,5240 Sommers Center,1156,PLN,http://dummyimage.com/110x100.png/dddddd/000000,2025-10-20 20:59:09
nbeminsterv@vimeo.com,$2a$04$7s4ZkZy6WNs2eys2M6pirOa02D0z33w1RGYwwQTMoQDxmu/z0KZUm,Nadine,Beminster,DERMATOLOGY,DOC-OML-58873,12,1363596927,9014 Sunnyside Center,1857,BRL,http://dummyimage.com/167x100.png/cc0000/ffffff,2025-10-20 20:59:09
hmuffettw@drupal.org,$2a$04$kg0Oq5U74R8oBA0HPGrxquBbcjlBlzu/NNA1ACdhQRD/YQ3ZZXw3O,Hugh,Muffett,DERMATOLOGY,DOC-YJM-26645,5,2808908606,9741 Hallows Way,583,LKR,http://dummyimage.com/227x100.png/dddddd/000000,2025-10-20 20:59:09
tstirlandx@liveinternet.ru,$2a$04$ei77t3meykjw9KBbvulrM.D7DLsV/UNn23WeIBcKUevZU68PBtebK,Taddeusz,Stirland,HEMATOLOGY,DOC-NPD-07400,25,5885249794,3 Oriole Drive,1114,CNY,http://dummyimage.com/235x100.png/cc0000/ffffff,2025-10-20 20:59:09
ttomaskunasy@ed.gov,$2a$04$CRRXJsuhINSE1UG1JnDswO9RM0SDc0eFhE7AOB8C5MgfjVvD2lwLi,Tadeas,Tomaskunas,PLASTIC_SURGERY,DOC-DBL-25244,9,8845326966,93 Atwood Avenue,1182,CZK,http://dummyimage.com/221x100.png/5fa2dd/ffffff,2025-10-20 20:59:09
avanveldenz@macromedia.com,$2a$04$t2TJ6ASSEZhGBPEykLO0XO3GSowZnHFJjjAptGKic6416uKr9pLNm,Adey,Van Velden,UROLOGY,DOC-SCP-56553,14,7379093970,85 Carpenter Junction,1274,PLN,http://dummyimage.com/156x100.png/ff4444/ffffff,2025-10-20 20:59:09
hdroghan10@slashdot.org,$2a$04$IL8NLmPjo1YIX.LbbWkUi.9cFWGWllYsut059kKUvBAwtGeL1OJfa,Hershel,Droghan,ENT,DOC-NFW-89702,9,3926391021,2298 Lindbergh Plaza,1680,CNY,http://dummyimage.com/117x100.png/cc0000/ffffff,2025-10-20 20:59:09
hedgeworth11@sfgate.com,$2a$04$BMUdpxF1q94sKMT/nd1pw.poVO8eh9JPYnI74f2qtHrqiZJWRMyxK,Hedwiga,Edgeworth,NEUROLOGY,DOC-ITK-42092,19,9363913001,993 Dexter Court,953,PLN,http://dummyimage.com/162x100.png/5fa2dd/ffffff,2025-10-20 20:59:09
gsperwell12@wired.com,$2a$04$63.JpWZV50t6Eup5D02r2.yKvqY3JhYrrPqPuCgIPcJz7b.B5POtu,Griswold,Sperwell,SPORTS_MEDICINE,DOC-MUV-11735,12,3661640858,843 Kennedy Point,1539,COP,http://dummyimage.com/119x100.png/5fa2dd/ffffff,2025-10-20 20:59:09
chucklesby13@ning.com,$2a$04$5QEPB1YHEFcQ8akgQqe85OPy.LyBqAR0XAfGIcaneSbGYZN9A/fiO,Cull,Hucklesby,NEUROLOGY,DOC-HNF-69028,1,3077884520,43158 Nevada Plaza,504,EUR,http://dummyimage.com/160x100.png/ff4444/ffffff,2025-10-20 20:59:09
adetoc14@bloomberg.com,$2a$04$d8LbGRCb7T.hsNEEo/hKwurcmjTB6.ohuNlgGrzHw44Otbovq3LD2,Allie,Detoc,INTERNAL_MEDICINE,DOC-GSW-76989,3,4691330310,297 Gerald Crossing,1849,PHP,http://dummyimage.com/119x100.png/5fa2dd/ffffff,2025-10-20 20:59:09
etonsley15@utexas.edu,$2a$04$cjEV/GuOabX4XVxgbhNiGeCJQ2UdmRxJgDns81GegRTL/xV26f.6e,Ermentrude,Tonsley,ONCOLOGY,DOC-PVE-18556,9,1492723878,752 Lien Trail,668,CNY,http://dummyimage.com/150x100.png/ff4444/ffffff,2025-10-20 20:59:09
qbalshen16@google.com.hk,$2a$04$YampGG89EGCCmvSz3wxyAeMptM.QQr6pnKHgvZkKruXvvUBGhUy4G,Quinta,Balshen,INTERNAL_MEDICINE,DOC-UFD-23507,10,4155669617,383 Banding Alley,1921,USD,http://dummyimage.com/207x100.png/5fa2dd/ffffff,2025-10-20 20:59:09
zlacknor17@nba.com,$2a$04$3mbGbnRq3HJ8WUnwlGj2NORVGmVKMDJ3xfBFeAeuwGE69rdzk2eXS,Zena,Lacknor,FAMILY_MEDICINE,DOC-DZH-75415,18,9174139656,13 Eliot Trail,1893,CNY,http://dummyimage.com/189x100.png/5fa2dd/ffffff,2025-10-20 20:59:09
rdebruijne18@cnn.com,$2a$04$yINDuQmaSq8cAUXQ/ZNR4OVMFAlwXFoyMYygLexZbe3.bjKLJvirG,Raul,De Bruijne,PEDIATRICS,DOC-XHH-99719,25,5788277905,0 Lakeland Lane,733,DKK,http://dummyimage.com/138x100.png/5fa2dd/ffffff,2025-10-20 20:59:09
rattoc19@simplemachines.org,$2a$04$1Rc0HHf3z1pfoxYDaomvtuttwasdA2jfeOTe9Df8DCN8DUfAT3k5.,Randie,Attoc,RHEUMATOLOGY,DOC-JRX-51560,4,8641232358,7437 Forest Drive,607,JPY,http://dummyimage.com/133x100.png/dddddd/000000,2025-10-20 20:59:09
kramm1a@ow.ly,$2a$04$P1ZGPpJkBd3z3nuAyR/Hs.xg0OZRcyE5R0ZL/ghiysvcUH1nOJxCG,Kahlil,Ramm,DERMATOLOGY,DOC-LUS-86881,22,3856251537,76826 Garrison Hill,1485,COP,http://dummyimage.com/138x100.png/ff4444/ffffff,2025-10-20 20:59:09
bpheasant1b@dion.ne.jp,$2a$04$x7JSUUUITugPUAkCJHZOw..bSrEY19WM/ZuQ31zXeOyJtHk0HRjX6,Bevon,Pheasant,PSYCHIATRY,DOC-TCB-80503,4,6917141593,2480 Hooker Court,1265,EUR,http://dummyimage.com/173x100.png/5fa2dd/ffffff,2025-10-20 20:59:09
gbullant1c@ft.com,$2a$04$YI5eBz4qaslazQGxVM9tgOi/8LlOEMKiPSkg7enMSKzb/pfP3EJTm,Guilbert,Bullant,OPHTHALMOLOGY,DOC-OOI-28716,8,7203526435,593 Main Court,1974,RUB,http://dummyimage.com/138x100.png/dddddd/000000,2025-10-20 20:59:09
oheskey1d@hibu.com,$2a$04$evd1.1B02RfNhD/LZkPHv.lXr0EkdYxJ/4UWoul9/8oZ0ccqQ0iay,Olympie,Heskey,RADIOLOGY,DOC-BYU-58993,23,6205753269,9 Victoria Drive,1202,KES,http://dummyimage.com/106x100.png/ff4444/ffffff,2025-10-20 20:59:09
kbullivent1e@fda.gov,$2a$04$TNnsG//EB2wxT.i0hrltl.4TvNbgwKC9fffAvtknMmJDYwvTpiOny,Kellina,Bullivent,ENDOCRINOLOGY,DOC-NDD-33935,4,6631675516,6570 Eggendart Pass,1613,IDR,http://dummyimage.com/109x100.png/5fa2dd/ffffff,2025-10-20 20:59:09
djeyes1f@mashable.com,$2a$04$clPNKXamOacjyjUD3d4Nwu27yDQxOHGyhmR3yuqKlulxtggAB16/O,Derk,Jeyes,IMMUNOLOGY,DOC-FIZ-26288,11,9132285932,717 North Street,1486,COP,http://dummyimage.com/216x100.png/dddddd/000000,2025-10-20 20:59:09
fbenko1g@mozilla.org,$2a$04$h1M9bwyibmdCyA17USSipuErU9A7kWWY637LI5Pwb9oLNJN1vURma,Fedora,Benko,PATHOLOGY,DOC-YQU-35079,18,6695366597,86 Pennsylvania Hill,949,BRL,http://dummyimage.com/250x100.png/cc0000/ffffff,2025-10-20 20:59:09
cdeeves1h@nationalgeographic.com,$2a$04$bddNbSdamQ/juIVGKkCAE.CB/m71.PWqk0YnMUlyyNVgX2D3U8LVO,Cristal,Deeves,PSYCHIATRY,DOC-MUY-58173,18,1052850356,00849 Hazelcrest Street,1850,RUB,http://dummyimage.com/116x100.png/dddddd/000000,2025-10-20 20:59:09
mdaverin1i@scientificamerican.com,$2a$04$K5GrZo7H9llBt6hr2KeHQOEwarM4c0WcBW8L7Q1kZEslEdxySb7Uq,Merill,Daverin,ONCOLOGY,DOC-VQF-92951,8,2529898777,44 Forest Run Terrace,1960,EUR,http://dummyimage.com/195x100.png/dddddd/000000,2025-10-20 20:59:09
jgiron1j@theglobeandmail.com,$2a$04$ZK8jwg2LHcOEtK/GjSNAJeA1cAcCQBye24FBO6gwN6376blyAz3WO,Jackelyn,Giron,GASTROENTEROLOGY,DOC-MED-45059,25,2663524915,375 Talisman Crossing,1466,AFN,http://dummyimage.com/126x100.png/5fa2dd/ffffff,2025-10-20 20:59:09
vthorrington1k@psu.edu,$2a$04$GPOprVH71.v86fpLSnGnveapOynQxSRdegEI/J/8ukIqpZibQu0wa,Verna,Thorrington,ONCOLOGY,DOC-ORI-28221,8,8596669514,4331 Becker Avenue,765,PHP,http://dummyimage.com/154x100.png/5fa2dd/ffffff,2025-10-20 20:59:09
skay1l@weather.com,$2a$04$yH/PuNCMiHcNXG1YPwBkEe07qeSb.3QWqM1qYJ7EgEBq8asQmz8ry,Sue,Kay,PATHOLOGY,DOC-LMD-92408,5,7287478298,21657 Esker Court,1629,CNY,http://dummyimage.com/199x100.png/ff4444/ffffff,2025-10-20 20:59:09
mhovard1m@forbes.com,$2a$04$yzWpo1L6AMykxSPBnJTWxOEriPbBxdrhc9DJcQvn1nMzf55oC.6vC,Morna,Hovard,INFECTIOUS_DISEASE,DOC-NKY-32148,12,3996729723,43161 Northwestern Park,1951,BYR,http://dummyimage.com/130x100.png/ff4444/ffffff,2025-10-20 20:59:09
wwinfred1n@alexa.com,$2a$04$4.NOCvHLnwmumvNUF.qu7.Mjcqh1CkwtbOhJI4tVnFyIGOkmCNIxG,Wynn,Winfred,ORTHOPEDICS,DOC-XQW-08282,11,6661513037,168 Shopko Point,1406,NGN,http://dummyimage.com/165x100.png/cc0000/ffffff,2025-10-20 20:59:09
mmahaddy1o@sfgate.com,$2a$04$7s8ALtDHTyodunNDLE0JvujeWviwNpZ/yd/OEhrYS1LuvtLpg96YW,Myrtle,Mahaddy,PSYCHIATRY,DOC-ZMH-02790,11,7604526976,97 Lawn Pass,1721,AMD,http://dummyimage.com/205x100.png/5fa2dd/ffffff,2025-10-20 20:59:09
gfrugier1p@ucoz.com,$2a$04$tSSlndOPFgjHl4lVWEPzYuXqPGYpbtnn384Ub/JqddiqUULfQ1P0C,Gregg,Frugier,FAMILY_MEDICINE,DOC-RSN-56199,24,8526401191,13768 Bobwhite Parkway,1353,CNY,http://dummyimage.com/136x100.png/cc0000/ffffff,2025-10-20 20:59:09
kblainey1q@constantcontact.com,$2a$04$VkzMpl.PS9K39MCaFLdh1O5FLHL7/emZH7/XRu9LVCqMTSO59DcOy,Kerwin,Blainey,DERMATOLOGY,DOC-RSJ-15270,9,3073500157,843 Sherman Crossing,1262,CNY,http://dummyimage.com/192x100.png/5fa2dd/ffffff,2025-10-20 20:59:09
ubriton1r@newsvine.com,$2a$04$8jHxPfAoGT5DSueFAtpI7OmOWSG3pQnXzcl4AV5brdj06pv4p5A0G,Ulrike,Briton,NEUROLOGY,DOC-ZXJ-75024,7,4116362284,8 Bultman Parkway,922,EUR,http://dummyimage.com/247x100.png/5fa2dd/ffffff,2025-10-20 20:59:09
pambroz1s@newsvine.com,$2a$04$bOoNNaqjz.E0UZ/ja6uQde8apde5GG7ce9ADPx3qR6JbmLBQK0rAe,Prisca,Ambroz,FAMILY_MEDICINE,DOC-VUK-86015,20,9116137662,55952 Jay Hill,566,DKK,http://dummyimage.com/218x100.png/cc0000/ffffff,2025-10-20 20:59:09
kbateson1t@adobe.com,$2a$04$jP7Pn.mhfJ.9CatjJSnHIe5R9NlRbwcTLJ3xKLIbwRy08lx7ZggIq,Kalle,Bateson,RHEUMATOLOGY,DOC-UPH-06514,2,5043652731,2 Hanson Park,789,XOF,http://dummyimage.com/129x100.png/dddddd/000000,2025-10-20 20:59:09
wbroadstock1u@mac.com,$2a$04$UZDfd1T8z/3fKlhqQMr2I.LMURuEjd.nS9TbxzyjXJVVVnYeZSypO,Wade,Broadstock,NEUROLOGY,DOC-ZHZ-83271,10,6753509436,88968 Stephen Court,630,RUB,http://dummyimage.com/233x100.png/ff4444/ffffff,2025-10-20 20:59:09
dmacmillan1v@facebook.com,$2a$04$tXtjwSiMKKYj9kqYMRmW/eeXRUbvMvgCxY3aEqWpdz4g8dAf47.ya,Drake,MacMillan,DERMATOLOGY,DOC-DVA-24643,16,8716210220,02614 Eagan Point,1569,CNY,http://dummyimage.com/112x100.png/dddddd/000000,2025-10-20 20:59:09
ldennington1w@apache.org,$2a$04$Bb7YEzQwhYitFRqQf4iUoOkzifr/BQORvJE6IarEFs81Tt/E3tHOC,Lillis,Dennington,RHEUMATOLOGY,DOC-KSX-82551,21,8684830012,03546 Barnett Circle,1349,EUR,http://dummyimage.com/150x100.png/ff4444/ffffff,2025-10-20 20:59:09
epyburn1x@amazon.de,$2a$04$7u5MZPVYOm.hW.oV.wl2T.NYYGo3Ciq8uee1K23uyVrHVgPhiefjK,Emmet,Pyburn,INTERNAL_MEDICINE,DOC-JQX-89486,25,7043704112,9400 Nelson Way,694,BYR,http://dummyimage.com/155x100.png/ff4444/ffffff,2025-10-20 20:59:09
ahavard1y@meetup.com,$2a$04$5pbeVd.7Ed.iOr3YQaCO3ONCZOn2wAtYHna0oYSetIw8rcR6ax1Ua,Antonella,Havard,PSYCHIATRY,DOC-SKZ-70720,3,9591579970,910 Florence Hill,787,CNY,http://dummyimage.com/167x100.png/ff4444/ffffff,2025-10-20 20:59:09
ahanrahan1z@arizona.edu,$2a$04$J6dD3ztYtWxfZws063eHWuBAFZ63e2Ppp8T7p1tXAtwgfjMhuZ8uW,Alessandra,Hanrahan,ONCOLOGY,DOC-FOJ-23876,25,9657805959,657 Mallard Center,766,CAD,http://dummyimage.com/221x100.png/ff4444/ffffff,2025-10-20 20:59:09
scounihan20@yandex.ru,$2a$04$HCEO8aMlyAQSeRtsfvtbrem9pSyCCxs/6.Evhw.cSiXgb6BTwjIbG,Sam,Counihan,PEDIATRICS,DOC-OBP-60047,5,7274657319,856 Northwestern Plaza,1330,SEK,http://dummyimage.com/224x100.png/dddddd/000000,2025-10-20 20:59:09
blodemann21@indiatimes.com,$2a$04$aMF9l/dVr4HHuPHHdKbCSuOldEynpqVbtkP/EHIMCyRU7WH3sX8/2,Benoit,Lodemann,SPORTS_MEDICINE,DOC-LNX-96805,18,6425359769,56488 Service Pass,689,EUR,http://dummyimage.com/199x100.png/ff4444/ffffff,2025-10-20 20:59:09
eslemming22@feedburner.com,$2a$04$15UBAHm2aklz9GKqTQ5fDekH/86lEL0mM5C1dIccwWFA6pRr1cwXu,Edythe,Slemming,GASTROENTEROLOGY,DOC-IBG-62702,13,1351540497,18 Forest Drive,743,RWF,http://dummyimage.com/196x100.png/dddddd/000000,2025-10-20 20:59:09
wreddlesden23@huffingtonpost.com,$2a$04$xI35gNmxnW0xKyWfk1Wovu/8Kq/m1IBrNprN4rbjlni5HGA/N6L9m,Whitney,Reddlesden,NEUROLOGY,DOC-PGW-65315,11,4215368023,2390 Service Plaza,580,IDR,http://dummyimage.com/204x100.png/5fa2dd/ffffff,2025-10-20 20:59:09
atippett24@g.co,$2a$04$GTF7Vmbtel4UlbrcjUS/p.jdOcKL1QM/JOwtCtNb4YE35mW.ahvTK,Aurora,Tippett,ORTHOPEDICS,DOC-BVX-03765,18,4837116226,45779 Delaware Crossing,1146,JPY,http://dummyimage.com/234x100.png/5fa2dd/ffffff,2025-10-20 20:59:09
mtrosdall25@globo.com,$2a$04$tdBTAans/pyWlNtdbl46GO29iU4x2PeoZew.j6bClqcpZ3/6YPTLK,Monique,Trosdall,RHEUMATOLOGY,DOC-OXG-32022,20,5674093731,767 Cambridge Junction,811,HNL,http://dummyimage.com/127x100.png/cc0000/ffffff,2025-10-20 20:59:09
hpuffett26@bigcartel.com,$2a$04$iWu14RYGxoknr83YEg1SIemyLpd5.f3IQQvTOYVUlTziKMm4egMsa,Hazel,Puffett,CARDIOLOGY,DOC-PXC-10334,13,1604931663,25 Oneill Court,537,ALL,http://dummyimage.com/232x100.png/5fa2dd/ffffff,2025-10-20 20:59:09
aelms27@chicagotribune.com,$2a$04$dzHKC/8aQoLWHQkzpVZt0.FUNO5Cd36BC1LeLYBlMn1ofyOH0GFCO,Aeriell,Elms,INTERNAL_MEDICINE,DOC-WUT-13638,1,1859065673,0447 Service Drive,776,IDR,http://dummyimage.com/235x100.png/dddddd/000000,2025-10-20 20:59:09
blebatteur28@digg.com,$2a$04$51xJdyUcRtYbtdl2AOZC/eOBHT/txE2SFDMSPs5veOdaGra0nu/KG,Bev,Le Batteur,EMERGENCY_MEDICINE,DOC-SIJ-24516,3,7317979180,2 Muir Street,710,CNY,http://dummyimage.com/120x100.png/cc0000/ffffff,2025-10-20 20:59:09
wtunnoch29@g.co,$2a$04$Qh9rBd8CoIOb64W0rAg9C.JB1e1XZswBFhCo8BmRe9bHEWxsChT.O,Wait,Tunnoch,GYNECOLOGY,DOC-HRI-12393,16,8942214950,702 Helena Center,1684,PHP,http://dummyimage.com/181x100.png/dddddd/000000,2025-10-20 20:59:09
cbrennenstuhl2a@huffingtonpost.com,$2a$04$hR/6WQPWLHGZtDinPeGFFOeqrPOFkseUeoNVGdQFqpVRi5nYtgC.W,Cybil,Brennenstuhl,ONCOLOGY,DOC-JFN-55242,6,2375970336,237 Beilfuss Road,1478,SEK,http://dummyimage.com/109x100.png/5fa2dd/ffffff,2025-10-20 20:59:09
gdigan2b@nationalgeographic.com,$2a$04$M4UUEsrdKVgQuVxQv0x55uN0J2ewR0uwWs8wWuHCc0iVHUMMD7SYy,Gilligan,Digan,ONCOLOGY,DOC-GIS-00775,19,2958215689,98607 Victoria Drive,882,MXN,http://dummyimage.com/223x100.png/dddddd/000000,2025-10-20 20:59:09
olantaff2c@xing.com,$2a$04$.un73mObwDfvLMdoliShWO2G0N9gtcZd1oLPB.5uZfIaMwo7eAaKC,Obadiah,Lantaff,INFECTIOUS_DISEASE,DOC-UXS-07740,4,3719426297,71 Dunning Alley,1167,HRK,http://dummyimage.com/133x100.png/dddddd/000000,2025-10-20 20:59:09
rpizzie2d@shutterfly.com,$2a$04$V..Wtpd1ZiPMT41/jeQGG.fnZ4McsmWs3G60xLrmGSwYo0VXKycFq,Roanne,Pizzie,ENDOCRINOLOGY,DOC-YEA-67704,23,1813356942,42589 Loomis Avenue,859,ILS,http://dummyimage.com/104x100.png/ff4444/ffffff,2025-10-20 20:59:09
wstirrip2e@wikia.com,$2a$04$EdrucZMcneNYX3Jd2zQfze3tIH52BfjZw5AddiY6oWciflvbQG6N6,Wynnie,Stirrip,NEPHROLOGY,DOC-JPF-53746,2,7803260103,2 Hoffman Alley,1725,PLN,http://dummyimage.com/104x100.png/ff4444/ffffff,2025-10-20 20:59:09
rblumer2f@paypal.com,$2a$04$nsl.SROIrpKK.0X7YDw4Dehbn/65lKJ/oxBluAM8BXr3PlA7sl0dC,Rafi,Blumer,NEPHROLOGY,DOC-EET-94524,9,9386194801,79848 Katie Hill,1653,RUB,http://dummyimage.com/224x100.png/ff4444/ffffff,2025-10-20 20:59:09
mconrard2g@wired.com,$2a$04$HYIzpi/y7ivVGdgOebXgIOTckDAemoajDoSqsgdWqHceCxs1lkwty,My,Conrard,NEUROLOGY,DOC-QDK-09898,6,8124352129,3564 Lotheville Parkway,1480,CNY,http://dummyimage.com/197x100.png/cc0000/ffffff,2025-10-20 20:59:09
mshaxby2h@yelp.com,$2a$04$6SPB9/igMDecB6f/g7BtGOSulpRkmPuR47mTsCJX86FV9mX5Y8zRa,Melodee,Shaxby,DENTISTRY,DOC-UHX-46505,15,2086472160,513 Lyons Hill,669,XAF,http://dummyimage.com/151x100.png/cc0000/ffffff,2025-10-20 20:59:09
ofell2i@taobao.com,$2a$04$lpeanlTjnGo829CK9zV8Yus0aetWe1QrDnsUCoEpdpok/TLipUZci,Orren,Fell,INFECTIOUS_DISEASE,DOC-LIE-97809,4,6872401904,81999 Parkside Road,1697,RUB,http://dummyimage.com/208x100.png/ff4444/ffffff,2025-10-20 20:59:09
adaine2j@stumbleupon.com,$2a$04$n6LJDe/.Z2C8d6JxQ/1TleijNp8wT2QEyJmQ5lfSY1EhgCEZp7.Wm,Ailee,Daine,PATHOLOGY,DOC-UYB-83176,13,5822104408,40885 Moulton Lane,1767,IDR,http://dummyimage.com/210x100.png/5fa2dd/ffffff,2025-10-20 20:59:09
lizzatt2k@gizmodo.com,$2a$04$4mlGdoUbw2poz/yc1QTscObR6/o1cIumqzgxSEwIjINmZCwENeyqW,Lauren,Izzatt,GASTROENTEROLOGY,DOC-QMS-40971,25,1056330706,8 Mcguire Hill,1247,PLN,http://dummyimage.com/215x100.png/dddddd/000000,2025-10-20 20:59:09
kcrawshay2l@nature.com,$2a$04$YE8jN0WnmpJQEoaqOwhU9uLd5GYwFkD8IYi.4XiNFLgs3dZpeVRw2,Kylen,Crawshay,FAMILY_MEDICINE,DOC-EOP-80894,20,2882129243,779 Cordelia Circle,642,IDR,http://dummyimage.com/232x100.png/cc0000/ffffff,2025-10-20 20:59:09
aarnson2m@discuz.net,$2a$04$IGNSZwFAICaqgjSwmleQMulChw4PUGivXZ5FBdOGWtj/y.AfdFime,Adams,Arnson,UROLOGY,DOC-RGO-40727,2,1326815383,0 Canary Circle,970,PHP,http://dummyimage.com/206x100.png/dddddd/000000,2025-10-20 20:59:09
amation2n@webeden.co.uk,$2a$04$rpNrVQWvV05soUqco/Yyru57jJF/Wlqh07t1YLW3yaSAOEDz2fJ4G,Aggi,Mation,EMERGENCY_MEDICINE,DOC-ULQ-72720,25,6556212050,02033 Warrior Road,1906,RUB,http://dummyimage.com/153x100.png/5fa2dd/ffffff,2025-10-20 20:59:09
cbernini2o@tinypic.com,$2a$04$RtQr0BxDlxpoXfLeAi0Wle1nTFgc3oHCCdhcziSmlqno7i9MMNy2C,Claus,Bernini,RADIOLOGY,DOC-CXD-14611,7,2493032961,50637 Reindahl Lane,880,SEK,http://dummyimage.com/205x100.png/cc0000/ffffff,2025-10-20 20:59:09
ctiner2p@google.com,$2a$04$UPAB1o0YR6BiQKJRWUWE9u7vXjMyrsYQa2RiGgbnKRp.UR/g3VsUG,Cletis,Tiner,UROLOGY,DOC-YHT-46904,19,1926739740,07938 Vera Trail,1829,ARS,http://dummyimage.com/130x100.png/ff4444/ffffff,2025-10-20 20:59:09
gbucktharp2q@dell.com,$2a$04$hXXtgfVhD0ZcSJmlaCYiBeUdkyEBJUHEG9aqQEENNueBpHqtxN5Ze,Georgi,Bucktharp,DERMATOLOGY,DOC-EZF-27441,20,1109726425,5 Steensland Terrace,807,CNY,http://dummyimage.com/218x100.png/ff4444/ffffff,2025-10-20 20:59:09
itravers2r@japanpost.jp,$2a$04$Iwy5.cLhy1YfPexfT3XOpu5yPxna5AL4q1hE2ILFokAAgOlQGZDAK,Imogen,Travers,PATHOLOGY,DOC-SXX-86007,10,8829729090,446 Westend Center,1875,MWK,http://dummyimage.com/114x100.png/ff4444/ffffff,2025-10-20 20:59:09
jbenkhe2s@xrea.com,$2a$04$/ysYhiXa9DgZgc9N.HydoOASdVoGhX7YBfFXRQXIMz2rZO9RgGqM6,Joyan,Benkhe,GASTROENTEROLOGY,DOC-BMM-80251,6,7596295196,5 Dorton Way,1825,ETB,http://dummyimage.com/101x100.png/5fa2dd/ffffff,2025-10-20 20:59:09
cscrange2t@techcrunch.com,$2a$04$i7yk4kfvzVlJu3tVCJ8W4.DxrYceaLEjm9GZMiJKT0I/NNdgofUZq,Cammi,Scrange,CARDIOLOGY,DOC-AQX-14381,7,3651988392,21665 Michigan Hill,1323,CNY,http://dummyimage.com/205x100.png/5fa2dd/ffffff,2025-10-20 20:59:09
wdunn2u@list-manage.com,$2a$04$DmisMNVYzgwvcxLNX77Bme4C61IHZdRVg.TJRDGRcIRgb0vT58qva,Warde,Dunn,DERMATOLOGY,DOC-WSF-77536,14,3129730314,6 Golf Plaza,595,EUR,http://dummyimage.com/220x100.png/5fa2dd/ffffff,2025-10-20 20:59:09
sstockall2v@bravesites.com,$2a$04$pro88KsZMCOycBm1hqOtsOQNsrj0k/dAxk8is4UqB.zM4E7Rnc.qa,Sully,Stockall,INFECTIOUS_DISEASE,DOC-HDH-89226,20,2815424582,66679 Kensington Point,608,MGA,http://dummyimage.com/227x100.png/dddddd/000000,2025-10-20 20:59:09
ragent2w@infoseek.co.jp,$2a$04$NGYkXYsycJt5HKrFq4IMv.DQ93Gmzd9B3gnzzQHOFDmxXxqnNFdKi,Rayna,Agent,PEDIATRICS,DOC-MJH-07389,8,9611291759,7 Oneill Park,896,KYD,http://dummyimage.com/171x100.png/ff4444/ffffff,2025-10-20 20:59:09
srishbrook2x@nytimes.com,$2a$04$ORcxoxySoPmrRCnA6lhhNucTludoThtO7RkixWqWRbR5sFcPtKO2e,Sybyl,Rishbrook,INTERNAL_MEDICINE,DOC-FVS-24107,3,8247829713,8610 Hovde Avenue,1210,CNY,http://dummyimage.com/149x100.png/dddddd/000000,2025-10-20 20:59:09
mjouen2y@telegraph.co.uk,$2a$04$us7GHQsGgcGUUsLRthEKKufmYfrnk9zWbsbHnFeOQFWyV9KldbnUS,Min,Jouen,PEDIATRICS,DOC-KRZ-94074,16,1043022512,409 Prairie Rose Terrace,1284,MGA,http://dummyimage.com/242x100.png/cc0000/ffffff,2025-10-20 20:59:09
aryott2z@g.co,$2a$04$x7V3Z9kkPXBx0S9mBValduorhrRe/PwnNfP2lXV7YAxyEpXdowtxe,Alexis,Ryott,HEMATOLOGY,DOC-XJS-09904,21,4088166143,46066 Bayside Center,1496,BDT,http://dummyimage.com/130x100.png/ff4444/ffffff,2025-10-20 20:59:09
dalti30@typepad.com,$2a$04$MxR1EqOG5DQOKhQ1qRfE3OVPYQPobAmSvexhk9HxiwI5RG31HXAvK,Deb,Alti,NEUROLOGY,DOC-HKZ-24190,10,5236125014,9945 Ohio Circle,1238,RUB,http://dummyimage.com/233x100.png/ff4444/ffffff,2025-10-20 20:59:09
wmacphail31@over-blog.com,$2a$04$eV91AyLYTtojjaIAXDzz4un/XzZGXu8xnVkXMsMh0B8a10C6VhHN2,Wolfy,MacPhail,NEPHROLOGY,DOC-XWP-92995,8,9595975211,9850 Randy Crossing,1034,PYG,http://dummyimage.com/241x100.png/dddddd/000000,2025-10-20 20:59:09
lcambden32@mapquest.com,$2a$04$iTrgVfJqAf9YtWCXxRp94uFjdFUNmf.bgmDDig5VN87fKp.hoV30u,Lucas,Cambden,INTERNAL_MEDICINE,DOC-VEI-70985,12,5327154391,1 Fairfield Trail,728,PLN,http://dummyimage.com/116x100.png/cc0000/ffffff,2025-10-20 20:59:09
akenninghan33@dot.gov,$2a$04$Pj/tMAxX.289GFI0t3LADeASqpFvl1p82iWziUanCbZGENn1ekddu,Amble,Kenninghan,ANESTHESIOLOGY,DOC-GNK-58673,24,6528848259,38165 Sheridan Alley,1155,EUR,http://dummyimage.com/222x100.png/ff4444/ffffff,2025-10-20 20:59:09
kconnerly34@si.edu,$2a$04$Ag9qVpIQZGYYillsMFQnzurYwaJI.QN9ajl0yeaM1c3K8ZhhKaT3K,Kristien,Connerly,INTERNAL_MEDICINE,DOC-PVX-06668,3,5085374069,2549 Utah Drive,1959,CNY,http://dummyimage.com/217x100.png/cc0000/ffffff,2025-10-20 20:59:09
mpirouet35@businessinsider.com,$2a$04$SD4NOS9z20S2S3aoPDNOcu9YUF/ztScSzSsvGX6A9hTU6e993OuSe,Marissa,Pirouet,HEMATOLOGY,DOC-QEB-89748,3,6439389395,73485 Northridge Parkway,1510,THB,http://dummyimage.com/234x100.png/dddddd/000000,2025-10-20 20:59:09
dwalford36@nydailynews.com,$2a$04$cYY7eGUUSGp5QAJ/cnX2.u05NwEk3hKqIp3dIaTCBQmiK0m0EynF6,Davidson,Walford,GENERAL_SURGERY,DOC-PCD-54386,8,5743147569,4836 Westport Road,1280,RUB,http://dummyimage.com/109x100.png/cc0000/ffffff,2025-10-20 20:59:09
cheinreich37@mayoclinic.com,$2a$04$NcVVQCs/hJrnPR.kD/7fSuJDTztSdWeWjMPCQVyPPfZpYs/wWdcTu,Cacilie,Heinreich,ENT,DOC-LBF-41552,18,7912885281,477 Mosinee Avenue,1756,JPY,http://dummyimage.com/114x100.png/5fa2dd/ffffff,2025-10-20 20:59:09
sspencers38@list-manage.com,$2a$04$Ol0SV.pARpQ8UzUoMXuMauQoD95n4kpguLPN4pMVgtQkeOlbhRcAy,Sherm,Spencers,PATHOLOGY,DOC-IJY-92998,2,3997435021,07123 Burning Wood Junction,1436,CNY,http://dummyimage.com/132x100.png/5fa2dd/ffffff,2025-10-20 20:59:09
jbern39@naver.com,$2a$04$MfSviKUtaDgofjTg9jvl4Os0nsoHK2FfWTFUfKS2SkLrcqR4pS1Y6,Jimmy,Bern,UROLOGY,DOC-FQX-82079,8,9753789794,601 Harper Hill,1481,CZK,http://dummyimage.com/195x100.png/5fa2dd/ffffff,2025-10-20 20:59:09
pkose3a@php.net,$2a$04$wi2zIeGD6yonhKh7NvBMi.0Ll//9zQSxnqQqr.FZ1oCkUTXXIG4Qa,Pryce,Kose,ENDOCRINOLOGY,DOC-KFZ-70542,12,1826192551,78199 Almo Junction,1681,PLN,http://dummyimage.com/127x100.png/ff4444/ffffff,2025-10-20 20:59:09
stwinborne3b@squarespace.com,$2a$04$kj3L9DG3X3yo6yO.eWieBuzVBGF0muqolYFT7sL5YUZ6jlEeWBXpC,Shay,Twinborne,IMMUNOLOGY,DOC-FFN-99741,13,8302077611,4 Marquette Park,515,PKR,http://dummyimage.com/213x100.png/cc0000/ffffff,2025-10-20 20:59:09
aabden3c@ifeng.com,$2a$04$iFB9TwTXiquHG4gjMmv9ue/kcM9H.UJqFMvhjL4Rrf111xxxI0Fvq,Alix,Abden,PSYCHIATRY,DOC-ERE-29645,23,2476512214,21737 Sunnyside Pass,1405,SYP,http://dummyimage.com/139x100.png/ff4444/ffffff,2025-10-20 20:59:09
ldiego3d@indiatimes.com,$2a$04$o37APgEPscBjvTfRbQy1eusMVvZN8Q0gwJBi3gyy4oSCr5C5mAJaC,Luci,Diego,ORTHOPEDICS,DOC-JYF-79461,10,8015202201,1 Blue Bill Park Trail,1234,EUR,http://dummyimage.com/121x100.png/cc0000/ffffff,2025-10-20 20:59:09
ealmey3e@npr.org,$2a$04$kaN.cnliamXl9YeK1oXVouE3uxlEse/Hi1GuDXSBX2KK1bDRGlRse,Eugenio,Almey,GENERAL_SURGERY,DOC-XKA-25140,10,4623936020,8 Monument Circle,1428,EUR,http://dummyimage.com/203x100.png/dddddd/000000,2025-10-20 20:59:09
ghuskisson3f@tinypic.com,$2a$04$EnIF09V9XzPbPWb.1a98le7D5OEjgtDOIjPk/xywYjn8t0SStPlEC,Gratiana,Huskisson,PLASTIC_SURGERY,DOC-CZM-83119,25,1435316957,98 Erie Terrace,1882,CNY,http://dummyimage.com/187x100.png/5fa2dd/ffffff,2025-10-20 20:59:09
mmurison3g@amazon.com,$2a$04$5P6n0jt8UjBWKjGtv/SW3ekbS9Kodr1gDW.Z7WLfw/aWqxrSRii0G,Maurizia,Murison,ENDOCRINOLOGY,DOC-AXF-99141,1,7211712227,14989 Sutteridge Alley,1916,HNL,http://dummyimage.com/153x100.png/5fa2dd/ffffff,2025-10-20 20:59:09
aivkovic3h@dropbox.com,$2a$04$..QU/hJudi9n85Yja8CHm.CaYPRwvhVmDdYav299eqK/pq3eeV6DW,Aube,Ivkovic,INTERNAL_MEDICINE,DOC-TVI-72649,5,7462390815,3 Canary Crossing,1901,UAH,http://dummyimage.com/204x100.png/ff4444/ffffff,2025-10-20 20:59:09
mmayor3i@cnbc.com,$2a$04$gm.PAnKaIt0ZwppaMDmqIOjWj9Egq3vVSX.Djz4xdP0mtDV5keBvq,Mitzi,Mayor,OPHTHALMOLOGY,DOC-YSG-24590,22,5986672915,0 Havey Terrace,1515,BRL,http://dummyimage.com/137x100.png/5fa2dd/ffffff,2025-10-20 20:59:09
hcoppock3j@walmart.com,$2a$04$mrYj.Qz5wAzr4qCXE9ozduKfThR3vSbicLubuN9lnCLyTWbx.qn1m,Haroun,Coppock.,PATHOLOGY,DOC-FKF-63508,6,5635835495,63785 Sutteridge Hill,955,RUB,http://dummyimage.com/170x100.png/ff4444/ffffff,2025-10-20 20:59:09
ljarrel3k@thetimes.co.uk,$2a$04$HwFVgOg8eZN0FAGT/nxyo.LyTOi6hDQ8KMyA4YtsEz8B/tyTxhkpK,Llewellyn,Jarrel,ORTHOPEDICS,DOC-RFP-37577,24,5628501093,442 Graceland Alley,1050,HNL,http://dummyimage.com/129x100.png/cc0000/ffffff,2025-10-20 20:59:09
cmartland3l@cafepress.com,$2a$04$YJ9btHByey4sMmF9A8.tmuEiKDxFU8Ue5ddGVX4h.Qm.XjVIfuHja,Cecilia,Martland,GASTROENTEROLOGY,DOC-QSB-30388,11,6807169009,2 Westridge Way,510,IDR,http://dummyimage.com/127x100.png/dddddd/000000,2025-10-20 20:59:09
psutcliffe3m@skyrock.com,$2a$04$dZ/IwOO8cfPK3gXZ9pD2KebLM8Y9.ZGZgM.iMySsfsVgj2jxWOv.m,Patrizio,Sutcliffe,GENERAL_SURGERY,DOC-IDF-22220,25,5928520697,79305 Heffernan Circle,1447,SEK,http://dummyimage.com/112x100.png/ff4444/ffffff,2025-10-20 20:59:09
schastney3n@usnews.com,$2a$04$mT6UDQcy5kl2NrUj3pxYPu3OKSVyVhzjCqKn0/EO.JTfFV1hOQDEK,Sandro,Chastney,ANESTHESIOLOGY,DOC-YJI-63303,14,4148333336,54 Westridge Lane,1684,CNY,http://dummyimage.com/231x100.png/cc0000/ffffff,2025-10-20 20:59:09
gdanhel3o@opera.com,$2a$04$WAaYPKM0cnZfzY0W2.zBa.qvgpNHewQQ1EDar73gZVEoMSyU24Q.u,Gherardo,Danhel,OPHTHALMOLOGY,DOC-VSX-71517,11,9158765728,09 Cambridge Park,1757,RUB,http://dummyimage.com/201x100.png/dddddd/000000,2025-10-20 20:59:09
ckeveren3p@drupal.org,$2a$04$BZ0d1qLwTmK4Wr.YqoYexePbUmzTqSqVguEI3jWdJijV4QPGjBDvu,Chaddy,Keveren,DERMATOLOGY,DOC-ZGC-01696,25,2492642842,40825 Heffernan Circle,1418,SEK,http://dummyimage.com/188x100.png/ff4444/ffffff,2025-10-20 20:59:09
lborleace3q@telegraph.co.uk,$2a$04$UANlTr2cr8YuU2WZVDTrwu/MZ..Tlh9KszgIJtOOQC/Vqt3ooT.q6,Livia,Borleace,ENT,DOC-HWR-76944,1,9013469591,69942 Hintze Place,1785,USD,http://dummyimage.com/179x100.png/ff4444/ffffff,2025-10-20 20:59:09
acanti3r@ebay.com,$2a$04$.l3GJZTN9JlL.ErJWv06COQtmX9WE5RWlCr47JW3J.NlYi7uGWXOe,Aurelea,Canti,FAMILY_MEDICINE,DOC-BHU-42815,8,2113607350,3410 Canary Place,599,EUR,http://dummyimage.com/157x100.png/cc0000/ffffff,2025-10-20 20:59:09
mocriane3s@reuters.com,$2a$04$u4e/cWH.wtcINOkUYdmEwu5cHGqQ4.iWfQLG4bhbR77.0WJlESd9e,Martguerita,O'Criane,RADIOLOGY,DOC-CBM-41879,9,7631076829,224 Dorton Road,1307,USD,http://dummyimage.com/124x100.png/5fa2dd/ffffff,2025-10-20 20:59:09
kpetteford3t@pcworld.com,$2a$04$Fg2O3t5MI7FxCrQJ4CRYj.pfHUv43.EvzuhYP20hBB7jjsRitu1O2,Kassia,Petteford,RHEUMATOLOGY,DOC-RSR-09030,18,8801633682,77 Bowman Place,1195,PHP,http://dummyimage.com/176x100.png/cc0000/ffffff,2025-10-20 20:59:09
enewbury3u@blog.com,$2a$04$xtGuZTCJ8grBIcy7LGTzeux6ZOnu1MTO.10IzQROQtrFEs.pKFdRG,Elfreda,Newbury,NEUROLOGY,DOC-JZN-87072,6,5759493952,37 Glacier Hill Trail,785,UAH,http://dummyimage.com/248x100.png/dddddd/000000,2025-10-20 20:59:09
mmawd3v@e-recht24.de,$2a$04$YnUbwfXDUYj9x58UeoV9revqyOyTDyUZLZyul2HbD6MxTcNso4ZQ6,Meyer,Mawd,INFECTIOUS_DISEASE,DOC-GJH-73239,12,8565470470,62 Maple Park,1294,MXN,http://dummyimage.com/245x100.png/dddddd/000000,2025-10-20 20:59:09
afrankling3w@moonfruit.com,$2a$04$krUH9zMsA1JvQOrCQSpJE.4NOMsoKNwqLjhN7ko.2EoFykE3KuLvO,Aubrie,Frankling,ENT,DOC-VIY-52380,2,6085852863,6442 Jenifer Lane,1289,EUR,http://dummyimage.com/180x100.png/ff4444/ffffff,2025-10-20 20:59:09
ahanington3x@un.org,$2a$04$d/owR8NJl.hK6IIMWvH/S.bSmY86nPDKl8WbhPCm2nbGIXCD5Pw1.,Annette,Hanington,IMMUNOLOGY,DOC-ERD-22862,4,7403436455,2406 Acker Center,1892,IDR,http://dummyimage.com/140x100.png/5fa2dd/ffffff,2025-10-20 20:59:09
astobo3y@dmoz.org,$2a$04$zOjg3tOWZt/wys2PhUhmjul4yudad.izLo2OrhMTqsesvo63mUK9W,Aleta,Stobo,PULMONOLOGY,DOC-SIF-70818,25,4752896765,1754 Kim Parkway,1303,PAB,http://dummyimage.com/166x100.png/cc0000/ffffff,2025-10-20 20:59:09
ssimonini3z@hud.gov,$2a$04$UhhRgxBzG4tZ2pTHr/vTeOmJPIEheJbo0Mbrdk86GZu4eQVV6Eam2,Shermy,Simonini,ANESTHESIOLOGY,DOC-JTJ-79621,9,6869878129,01 Loomis Crossing,567,NGN,http://dummyimage.com/210x100.png/cc0000/ffffff,2025-10-20 20:59:09
cmunroe40@seattletimes.com,$2a$04$V2gqBJoNKtX2FK9upBXTIue.fPHthFBKyL0A4ZRn/OHTFkBtIDRyO,Candice,Munroe,PLASTIC_SURGERY,DOC-VKF-97710,7,9969029966,0530 Rigney Crossing,1309,AOA,http://dummyimage.com/105x100.png/5fa2dd/ffffff,2025-10-20 20:59:09
gmaryott41@miitbeian.gov.cn,$2a$04$hNfSndM4NWfUM4ljBqHu7e2vE8b6El1F1ofRcsD3aG8R41qvMV4ie,Gustave,Maryott,ENT,DOC-DGT-86274,2,2558980383,9 Portage Street,1784,PHP,http://dummyimage.com/199x100.png/dddddd/000000,2025-10-20 20:59:09
rcrichten42@cbslocal.com,$2a$04$o0NjzbdxxjcwJOq8QnGu8.MwXNJQQJGt281AjlWypd7V46lSwG3u6,Rivkah,Crichten,UROLOGY,DOC-QZG-81845,6,1397607062,611 Magdeline Court,1849,BAM,http://dummyimage.com/204x100.png/5fa2dd/ffffff,2025-10-20 20:59:09
khankey43@stanford.edu,$2a$04$WcZVJIhLi0MYaUOTxjqeI.kyg75ZY28J3BIZEu81aVwgovCm59mpC,Karlotta,Hankey,ENDOCRINOLOGY,DOC-FRF-27763,5,4703107547,2910 Upham Park,1319,CNY,http://dummyimage.com/165x100.png/dddddd/000000,2025-10-20 20:59:09
nkruse44@trellian.com,$2a$04$b66SEnERnzWGpTZhDTMBdOaEA24JaHEXVXc8UKkIzgOM6quXlCfvO,Nevin,Kruse,PEDIATRICS,DOC-KDL-35107,9,3365233299,30 Prentice Junction,1099,IDR,http://dummyimage.com/106x100.png/cc0000/ffffff,2025-10-20 20:59:09
bscotney45@salon.com,$2a$04$F7cX97nYGNNuonJx2lD2nevp0yDSVnQRU1/VrZavJ1dZXtfn/AQMa,Bendite,Scotney,INFECTIOUS_DISEASE,DOC-TOQ-40355,7,2054096108,3942 Dahle Road,1071,HNL,http://dummyimage.com/134x100.png/ff4444/ffffff,2025-10-20 20:59:09
mjouanet46@yelp.com,$2a$04$1bVb8wPyJNezXFjolW1S0u3OIQStDqRv2Ni2kVupGRVXImG0G4jvS,Miranda,Jouanet,PSYCHIATRY,DOC-GDA-80503,6,3438578756,414 Lukken Circle,1265,EUR,http://dummyimage.com/186x100.png/ff4444/ffffff,2025-10-20 20:59:09
landrzejczak47@bloglines.com,$2a$04$sTWq6cfq7SFZpumWHVxdsefix3b/06oWEbH113.1h3wsBky5rvne6,Lark,Andrzejczak,GENERAL_SURGERY,DOC-RLU-96734,15,7924445071,802 Ludington Plaza,1778,PLN,http://dummyimage.com/226x100.png/ff4444/ffffff,2025-10-20 20:59:09
vcabble48@jalbum.net,$2a$04$wkJhF/6paUz/G1sCbWbZgef43n2CO.KhhwUZ0aLuSe5C41koeZS4u,Vincenty,Cabble,DENTISTRY,DOC-KTR-79946,17,3842586838,884 Judy Pass,1178,RUB,http://dummyimage.com/141x100.png/ff4444/ffffff,2025-10-20 20:59:09
pmilburn49@t-online.de,$2a$04$MtvsbrbcZueLrSwKLvtGH.Dq1mI4TuLmfshM691Qil5B00yEDb9TK,Paolo,Milburn,FAMILY_MEDICINE,DOC-YJD-72807,17,9269124425,0430 Goodland Court,1764,SEK,http://dummyimage.com/227x100.png/ff4444/ffffff,2025-10-20 20:59:09
mtenbrug4a@omniture.com,$2a$04$Cy1nQwURhxzcU7ea2Z.vfOYdH0qxEk4CBZEDXhP9uQ8FwmFnmfJpC,Micheline,Tenbrug,NEUROLOGY,DOC-MDA-40519,24,7436897320,5 Oak Valley Plaza,530,RUB,http://dummyimage.com/156x100.png/dddddd/000000,2025-10-20 20:59:09
tswash4b@youtu.be,$2a$04$bpHas4lo6JnUC.mm6LqOU.bn1iL3R1OFohVVIAwkLFk1gRBLDapba,Tedi,Swash,NEUROLOGY,DOC-HRL-93799,20,3403598746,5684 Shopko Place,642,IDR,http://dummyimage.com/120x100.png/cc0000/ffffff,2025-10-20 20:59:09
omaccoughan4c@webmd.com,$2a$04$0/X2XshTay4RpQD8zpSqkeN8ARSakGmaVjAxmfb0fBT2d6hcUhjIK,Oliviero,MacCoughan,ONCOLOGY,DOC-CQK-13127,9,7151400714,83820 Maywood Crossing,744,ARS,http://dummyimage.com/100x100.png/cc0000/ffffff,2025-10-20 20:59:09
mlappine4d@dot.gov,$2a$04$nAhNn7aZXSvFRKzKIMWHX.porA/alDMUg0d.pQMD5RiMMGJRFwOTO,Melisent,Lappine,EMERGENCY_MEDICINE,DOC-NTW-50901,18,8599372637,15 Banding Street,794,PHP,http://dummyimage.com/178x100.png/5fa2dd/ffffff,2025-10-20 20:59:09
igoodbarne4e@netscape.com,$2a$04$Cd36CoH.YCqaAM/jL7PS5.rPJ1Xe5CbQpmwrsCUJMbGzJN33HqJua,Isa,Goodbarne,PATHOLOGY,DOC-BIX-11259,12,1707866623,506 Knutson Avenue,1153,CNY,http://dummyimage.com/157x100.png/cc0000/ffffff,2025-10-20 20:59:09
dchrismas4f@typepad.com,$2a$04$KCsjce8koIPA9ETePXz4Ue2d/3saDS1Z37e/EPgWMq8bKtA3Blyzm,Dennison,Chrismas,GYNECOLOGY,DOC-YGK-76203,19,7422708050,329 Fulton Terrace,1050,PYG,http://dummyimage.com/176x100.png/dddddd/000000,2025-10-20 20:59:09
kpoore4g@bloglines.com,$2a$04$ER6Ef3Hinmb1CQPh5vaSX.zvh6L//C6x/uElevnHir6tO0dwGmGkW,Katrine,Poore,PATHOLOGY,DOC-OKF-36317,8,1488843807,16802 Eliot Hill,1188,CZK,http://dummyimage.com/210x100.png/dddddd/000000,2025-10-20 20:59:09
lluc4h@barnesandnoble.com,$2a$04$E2xbVSyLzS3f1WDVAQrHX.QrSb4I0WQS.8.v/ATwBzooETOpdJWVq,Lyon,Luc,ENDOCRINOLOGY,DOC-ZGL-51289,4,2492989710,90357 Alpine Way,667,COP,http://dummyimage.com/186x100.png/5fa2dd/ffffff,2025-10-20 20:59:09
zrabier4i@harvard.edu,$2a$04$Mrs5erMwp.zFZWOqBtm6hOdJCx0IIZ52iXlN8G.IfOsSz7Nl0aVIy,Zelig,Rabier,PLASTIC_SURGERY,DOC-NJO-08288,12,2346625487,4070 Springview Park,1076,GTQ,http://dummyimage.com/191x100.png/dddddd/000000,2025-10-20 20:59:09
dperfect4j@uiuc.edu,$2a$04$mZZa2qPTzkxx/HRL.7xAE.gKdLXzvdvqGbm/xrcwLF6UVCCB5GUom,Doe,Perfect,NEUROLOGY,DOC-XXX-12711,8,9524633019,0538 Delladonna Pass,1598,CNY,http://dummyimage.com/167x100.png/dddddd/000000,2025-10-20 20:59:09
cacott4k@latimes.com,$2a$04$TkUAJJbuKeaM9ZQcbUcVtuoeJ9YHGmlz6eSERCYomR2BgOFKe2cW6,Chip,Acott,FAMILY_MEDICINE,DOC-HQW-30815,13,3601024108,533 Vernon Plaza,1877,JPY,http://dummyimage.com/232x100.png/ff4444/ffffff,2025-10-20 20:59:09
rjacop4l@smugmug.com,$2a$04$rjQfJmEXBMV2i2/rCi267eOIocwlvEYq66odn7ZHmL1.OWqczrWI6,Rosamund,Jacop,ENDOCRINOLOGY,DOC-KQT-21712,16,8131894776,777 North Place,788,USD,http://dummyimage.com/201x100.png/5fa2dd/ffffff,2025-10-20 20:59:09
cassur4m@t-online.de,$2a$04$fqBP92C.vKHFw4mPDummyOWBuetGmk1EZMMp1p0qx7HSCT1i.5ti2,Cecelia,Assur,OPHTHALMOLOGY,DOC-ALP-85844,3,7657084073,52 7th Court,792,PHP,http://dummyimage.com/101x100.png/dddddd/000000,2025-10-20 20:59:09
dbusswell4n@shinystat.com,$2a$04$vvSkkAhkOGdNEh2ZE.mLKeWHoMIYGwrshMNkN4tMyamnyKGqPXNpO,Denys,Busswell,HEMATOLOGY,DOC-NKO-44925,13,8031882862,04357 Northfield Trail,827,THB,http://dummyimage.com/121x100.png/cc0000/ffffff,2025-10-20 20:59:09
gassender4o@cocolog-nifty.com,$2a$04$d9YwwrgBKXU4r4xicLNareJ1K0aTnAL6H8S9FjxB.nIWMzvVNhvgu,Genia,Assender,ENDOCRINOLOGY,DOC-OPJ-24490,16,9056149925,6189 Mockingbird Park,1825,SEK,http://dummyimage.com/130x100.png/5fa2dd/ffffff,2025-10-20 20:59:09
abowerbank4p@microsoft.com,$2a$04$GkAwzXuMWtaz8yXw2/3MqOa0adK7Y5iSCi0iJVIjtzV1MBiaSx8cu,Andrew,Bowerbank,PATHOLOGY,DOC-YON-09462,3,8746249518,3 Oxford Way,1644,EUR,http://dummyimage.com/170x100.png/cc0000/ffffff,2025-10-20 20:59:09
ckeith4q@multiply.com,$2a$04$rdF9kvGJLoGIiJyLUKleXeWLZxT.hitmz.uCqxWWIFtOM9zPUqN7C,Chicky,Keith,ENDOCRINOLOGY,DOC-ZPV-37708,23,5393205574,262 Lukken Alley,1850,IDR,http://dummyimage.com/243x100.png/5fa2dd/ffffff,2025-10-20 20:59:09
eteliga4r@opensource.org,$2a$04$NGyvmB4l2gdukBZY5WV5HuZ1BD5RguR7unkwf7ABf7ZZCB4hT0f3q,Ericka,Teliga,ANESTHESIOLOGY,DOC-DFW-89856,23,4374444627,906 Sutherland Road,1653,PHP,http://dummyimage.com/155x100.png/dddddd/000000,2025-10-20 20:59:09
jmerryfield4s@mapy.cz,$2a$04$mZLYGMnTFDQcMFXIs6Fayuw71OQAjbyKSMmrRS0bSFL.XX0yXsMHq,Joellyn,Merryfield,GENERAL_SURGERY,DOC-FOY-53722,20,1526635806,42 Montana Point,1871,RUB,http://dummyimage.com/113x100.png/cc0000/ffffff,2025-10-20 20:59:09
pabbatucci4t@blogtalkradio.com,$2a$04$2luflndhDl7F5B1pLhN9OOIJ2rMbsvEdjFcI8QfINIWm4GI8jgj..,Persis,Abbatucci,RHEUMATOLOGY,DOC-KKX-69949,22,5344754121,385 Oak Valley Center,1453,ZAR,http://dummyimage.com/174x100.png/dddddd/000000,2025-10-20 20:59:09
msproule4u@mail.ru,$2a$04$FIC/7B0RWmD/RzCCDSrWM.RSxf6lOvZhksffHt.kSQl270Hw1H5Wu,Madelyn,Sproule,SPORTS_MEDICINE,DOC-UAR-71611,23,6466486213,1 Crescent Oaks Hill,1559,IRR,http://dummyimage.com/180x100.png/dddddd/000000,2025-10-20 20:59:09
jbruckental4v@va.gov,$2a$04$45LNDOY7E0gPJxFPKJAtROIDi3p.qMZHYM78jGAO9jU6tGzVkM/Pq,Jessi,Bruckental,RADIOLOGY,DOC-PWM-59545,12,4483903265,583 Spenser Center,917,MGA,http://dummyimage.com/225x100.png/ff4444/ffffff,2025-10-20 20:59:09
charvatt4w@printfriendly.com,$2a$04$WZPWEPOvtDO5e.A5qzINOey/OA2Q8si/CDenpX2ospi0oHrjVVQXu,Claiborn,Harvatt,CARDIOLOGY,DOC-YOP-30260,24,4349146225,1 Packers Drive,1474,TZS,http://dummyimage.com/145x100.png/cc0000/ffffff,2025-10-20 20:59:09
ljoselevitch4x@ask.com,$2a$04$kiFkZAJyYbJGjtiHo7Gq0Ol2kwY7zeGykw6OkNKVNvvjiOQP9fNqW,Leandra,Joselevitch,PULMONOLOGY,DOC-OWX-42606,25,7223295158,37069 Havey Avenue,1808,TZS,http://dummyimage.com/193x100.png/5fa2dd/ffffff,2025-10-20 20:59:09
rbinnie4y@chronoengine.com,$2a$04$ifYZxiMcytn.wWeNCCOKCOfyTwlNyFca0FICn.7bZUTQFqZ6Feax.,Ruthe,Binnie,SPORTS_MEDICINE,DOC-BNF-37852,21,6973878062,53727 Brickson Park Pass,1201,IDR,http://dummyimage.com/152x100.png/cc0000/ffffff,2025-10-20 20:59:09
bingliss4z@va.gov,$2a$04$dpuW2OYoH1YwmZyfNv9Qr.CmNG9BL7ld6au/JTYoT.6iTnnY1Fpxa,Bethina,Ingliss,GASTROENTEROLOGY,DOC-OAI-15422,22,6886179827,4322 Cascade Lane,783,CNY,http://dummyimage.com/199x100.png/dddddd/000000,2025-10-20 20:59:09
zdarwen50@vkontakte.ru,$2a$04$vr4Ark5xTtHQCC0WEHgY/.7TtzKAgqYAxO4i6z3B0tUU4kbssq3K.,Zack,Darwen,INTERNAL_MEDICINE,DOC-YSS-59500,14,3688029119,95161 Duke Way,1725,IDR,http://dummyimage.com/135x100.png/ff4444/ffffff,2025-10-20 20:59:09
uquaintance51@addthis.com,$2a$04$ozEdEe4qgkNGTdCxUCfruuQSOwl2E8xkDP.3TfLqM3nvFQtwmNDYy,Ulrikaumeko,Quaintance,ONCOLOGY,DOC-NVL-64592,22,9979947448,04033 Colorado Street,1901,NOK,http://dummyimage.com/211x100.png/cc0000/ffffff,2025-10-20 20:59:09
rbradd52@plala.or.jp,$2a$04$HasGdJLoyuhKsQo9A89dzemJAdhxZCxO61z801.GrOc8G8lzYgB.W,Rockey,Bradd,NEPHROLOGY,DOC-VVM-37667,14,4875891481,5779 Lyons Lane,1884,IDR,http://dummyimage.com/222x100.png/5fa2dd/ffffff,2025-10-20 20:59:09
mbrackpool53@bbb.org,$2a$04$7RkN2PqN8x6cVrEk0GlYRuB4TSudm/oBJTDuCPyWRI7QNnjWqY84O,Micky,Brackpool,FAMILY_MEDICINE,DOC-FKI-24381,16,3647010715,8 Clemons Park,1976,HKD,http://dummyimage.com/164x100.png/5fa2dd/ffffff,2025-10-20 20:59:09
toliver54@ucoz.ru,$2a$04$qL1zzOCbpqSHkOajASp/9etlJHx288WC29S7YQQ/LK6TlwrzN9c8i,Ted,Oliver,GASTROENTEROLOGY,DOC-EFK-66604,25,6025627620,29405 Carey Road,1356,SEK,http://dummyimage.com/212x100.png/dddddd/000000,2025-10-20 20:59:09
jfarenden55@blinklist.com,$2a$04$gSOH9g7IbeHatSEWhMlzWOsK5wq08PhpArZfdbNPJ6QATbO3qBVuy,Juanita,Farenden,SPORTS_MEDICINE,DOC-EFL-60335,7,8995178871,45557 Northport Point,932,XAF,http://dummyimage.com/214x100.png/ff4444/ffffff,2025-10-20 20:59:09
vmore56@forbes.com,$2a$04$uxd3JsUBLZEz2tq5raxtiOYT549fTHWxdSssEnK3QelPykYXHq1Ai,Vernen,More,ENT,DOC-BGD-53833,24,7318723532,1387 Maryland Place,1863,PHP,http://dummyimage.com/206x100.png/cc0000/ffffff,2025-10-20 20:59:09
dbrito57@google.co.jp,$2a$04$IpIxGTUvJ4aox5QD0cOJr.BR2tPHwuIFImDXWCj7XqS86EzSBx/KS,Dorri,Brito,ANESTHESIOLOGY,DOC-TAC-96614,10,2863731929,668 Westerfield Pass,1531,CNY,http://dummyimage.com/158x100.png/5fa2dd/ffffff,2025-10-20 20:59:09
dnardrup58@nytimes.com,$2a$04$rxcMCsf3NdcNo/EUH0yQTuHEj9x8xgKt8zrpaz9hPKEJ/P/8aJB86,Dena,Nardrup,IMMUNOLOGY,DOC-ZND-70828,4,4448628932,29 Hoepker Junction,727,EUR,http://dummyimage.com/126x100.png/dddddd/000000,2025-10-20 20:59:09
idyne59@thetimes.co.uk,$2a$04$oeowwrNECXwIzSnUBD7Hi.Zd5q5Pj7ugqM59e5Z5V9K4gZlFl2MjO,Ingrid,Dyne,PATHOLOGY,DOC-QAZ-41720,6,1157892714,17458 Summit Junction,1558,SEK,http://dummyimage.com/240x100.png/cc0000/ffffff,2025-10-20 20:59:09
gmarven5a@rakuten.co.jp,$2a$04$uYf2q2ZAWvbv7LKXJ3ZAReRsGgFWmoMEOM6I9pOBO8UP7opB6i4jq,Gratia,Marven,DERMATOLOGY,DOC-KBM-04661,23,6509283660,1 Tennyson Center,1322,CNY,http://dummyimage.com/129x100.png/cc0000/ffffff,2025-10-20 20:59:09
tbourke5b@narod.ru,$2a$04$1yc9pwo4GxN5RPadLNCR.utzdjtMoaH0Tv29QikvWNcrnM8fvG7KK,Tamiko,Bourke,UROLOGY,DOC-FBA-86469,8,4514777161,500 Portage Center,1645,IDR,http://dummyimage.com/173x100.png/dddddd/000000,2025-10-20 20:59:09
smonan5c@dion.ne.jp,$2a$04$QibqsC1flW5hhTiNyofI9O0YTdgS7IcHUbjXfsr8Gyj/6BsrOwtsO,Shaine,Monan,NEPHROLOGY,DOC-MNV-68058,1,4597660319,7 Elgar Street,1884,EUR,http://dummyimage.com/167x100.png/ff4444/ffffff,2025-10-20 20:59:09
rdugood5d@jugem.jp,$2a$04$tnAC.j3J2qu9GiTkSPkD4.lEHwRuR16UpQUl5ysy/OyjiA8Brbsii,Row,Dugood,PEDIATRICS,DOC-JXR-57086,24,7637707144,58 Spaight Lane,1196,EUR,http://dummyimage.com/237x100.png/5fa2dd/ffffff,2025-10-20 20:59:09
psinyard5e@oakley.com,$2a$04$3Plzgv6srPB8MGEzyH.mPOziewPCrZNcYqhdqpcdvZoI3u9NXb1zC,Phyllys,Sinyard,PLASTIC_SURGERY,DOC-QJL-03050,12,2924277594,4 Bultman Hill,1974,KGS,http://dummyimage.com/232x100.png/5fa2dd/ffffff,2025-10-20 20:59:09
cwedon5f@intel.com,$2a$04$rtullUH2EgxYGvqOVkEpF.xQBGSTSMC1dhAkZmVd/pB8/Og3RnkKW,Chick,Wedon,EMERGENCY_MEDICINE,DOC-SZO-76448,25,8121245764,16018 Buell Drive,620,PHP,http://dummyimage.com/120x100.png/5fa2dd/ffffff,2025-10-20 20:59:09
eemeny5g@go.com,$2a$04$DwzJYUQFE4iOhl53Q9LNxefr9GyEmcTVolEpraejJXZPZ5ftmxZ8O,Eada,Emeny,INFECTIOUS_DISEASE,DOC-QOA-50922,18,8025280149,785 Sachtjen Alley,1381,PLN,http://dummyimage.com/161x100.png/cc0000/ffffff,2025-10-20 20:59:09
kcofax5h@issuu.com,$2a$04$c6LctW.6znfL1bNFzoSiFuEP.Qso2uVp5VCwsqQ.6ISxlsdqxauG.,Karilynn,Cofax,DENTISTRY,DOC-HXR-87029,5,6222388370,417 Melody Trail,1040,IDR,http://dummyimage.com/155x100.png/5fa2dd/ffffff,2025-10-20 20:59:09
vhodcroft5i@studiopress.com,$2a$04$fUAhSCSoK0.nvR3xtZEzo.1sgaG8aEJhHUeDJ7YNXLEcheZs2a.1a,Valle,Hodcroft,FAMILY_MEDICINE,DOC-JHS-04284,7,3445026454,36 Randy Court,544,CNY,http://dummyimage.com/129x100.png/cc0000/ffffff,2025-10-20 20:59:09
msidry5j@themeforest.net,$2a$04$M4iAgAgrYP7kPzB3JvCucuEwr7bWMgUr4bjsWXCAWe.1OBjqPt.b.,Miquela,Sidry,FAMILY_MEDICINE,DOC-CNE-76658,14,2198544752,59 6th Junction,885,SEK,http://dummyimage.com/113x100.png/ff4444/ffffff,2025-10-20 20:59:09
wemeney5k@google.co.uk,$2a$04$wsCzGYFuy5vokVNfW5fnCuH864VlpSSw7TM6opB.EYEWJskrR52pe,Wald,Emeney,ANESTHESIOLOGY,DOC-CAA-59946,11,3905031316,0794 Roxbury Alley,1561,PHP,http://dummyimage.com/147x100.png/5fa2dd/ffffff,2025-10-20 20:59:09
cmoors5l@aboutads.info,$2a$04$IxUnnW9czdsqWwBZh0jmZumz4PCiw8DY..ZS45BNYMYFFtxUQP3iy,Cherin,Moors,EMERGENCY_MEDICINE,DOC-KZU-15652,6,5515250155,74 Carberry Place,872,MWK,http://dummyimage.com/138x100.png/5fa2dd/ffffff,2025-10-20 20:59:09
pbartlomiejczyk5m@chron.com,$2a$04$xBlFYtQsXLEuJMjFMuGvm.cF0QbF8CMdiitVkb1nc2PwfH0wO57DS,Paddy,Bartlomiejczyk,NEUROLOGY,DOC-TWN-22888,17,7906731729,473 Fisk Center,1890,CNY,http://dummyimage.com/240x100.png/cc0000/ffffff,2025-10-20 20:59:09
jiannuzzi5n@umich.edu,$2a$04$jTjX3nt5.CdB.gR2s/lzwuZ5s4PZ2.z.JTccvfBEV/mPgokzG6o36,Joelle,Iannuzzi,ENDOCRINOLOGY,DOC-UUS-12340,13,9112610047,832 Corben Plaza,1855,NZD,http://dummyimage.com/228x100.png/5fa2dd/ffffff,2025-10-20 20:59:09
fbenbrick5o@paypal.com,$2a$04$kgEAv9Y6L8qR03krVGJiae4eBkt2mjNlQ0jMG2Qd4DMrb8yNwoiAC,Felipe,Benbrick,UROLOGY,DOC-DUA-86105,11,4013606523,4 Lotheville Parkway,820,CAD,http://dummyimage.com/207x100.png/5fa2dd/ffffff,2025-10-20 20:59:09
ameatyard5p@yelp.com,$2a$04$i3S7I0rmWNp79KgUqGD6cepAdaVSO6hGoib3ufIJuISYJZRIvI4l.,Alister,Meatyard,ANESTHESIOLOGY,DOC-GLS-75728,11,5834493629,15 Corben Lane,1683,EUR,http://dummyimage.com/162x100.png/dddddd/000000,2025-10-20 20:59:09
rmawtus5q@issuu.com,$2a$04$m/./bYrkQijRDLS///gHf.likeKlF/zu2YSwgErhRLUCWNnpP8HMG,Rafaelia,Mawtus,INFECTIOUS_DISEASE,DOC-HVS-75139,9,3706710534,64 Portage Hill,931,NGN,http://dummyimage.com/210x100.png/ff4444/ffffff,2025-10-20 20:59:09
hteese5r@google.nl,$2a$04$/7kLZcE3V57xqqLGRKObDOPhHYT9mM4Qq.uuev/2JQBtKjY8t4f3.,Hi,Teese,GYNECOLOGY,DOC-CEM-81489,19,9701292721,77 Summit Park,1805,PEN,http://dummyimage.com/128x100.png/cc0000/ffffff,2025-10-20 20:59:09
fwallwood5s@jalbum.net,$2a$04$R9iV6w.wY6PTyNI/EEo.IemyGO.XxcH7HdMkcWRISkbP9jVKOd9iK,Fernando,Wallwood,OPHTHALMOLOGY,DOC-TKC-74422,25,2411362005,65 Oxford Trail,1571,MKD,http://dummyimage.com/141x100.png/cc0000/ffffff,2025-10-20 20:59:09
menocksson5t@hc360.com,$2a$04$Ww.tJXgnU1Udrd79oFfsx.LuM5otTKz9iGitY7FaQ6aSi17mxKJJ2,Miner,Enocksson,OPHTHALMOLOGY,DOC-NOP-27739,25,4445793208,32261 Dexter Terrace,1975,CNY,http://dummyimage.com/186x100.png/dddddd/000000,2025-10-20 20:59:09
kkeysel5u@cbc.ca,$2a$04$cDIflkTKvSRkhHHh.P2i3eXZdZe1cdqEFJGqbWt94AvRGVTW4vWvm,Kendra,Keysel,IMMUNOLOGY,DOC-QMS-92351,15,7687735942,6483 Macpherson Court,1524,CAD,http://dummyimage.com/232x100.png/cc0000/ffffff,2025-10-20 20:59:09
radamczewski5v@qq.com,$2a$04$RTqrdqho/F8/oturUgJd1u1wkNKyT1O5fxr747lRhKPM64A4CG/l2,Rob,Adamczewski,UROLOGY,DOC-CXY-09842,25,4653894419,5 Lerdahl Avenue,763,CNY,http://dummyimage.com/238x100.png/5fa2dd/ffffff,2025-10-20 20:59:09
obrimilcombe5w@dyndns.org,$2a$04$CsXLfBaFx/tkUBXRKPTqV.4WN46dSfTB204pNf3P03HJjlZI0/SE2,Orson,Brimilcombe,UROLOGY,DOC-BNP-63444,4,4556284667,0578 Declaration Pass,955,MAD,http://dummyimage.com/165x100.png/dddddd/000000,2025-10-20 20:59:09
hkirman5x@unesco.org,$2a$04$70OIqgyYd7RARHg383lE0OLVa4KxkP7DHvUDa.Rdj/YZgtCBeJJO6,Hanna,Kirman,ENT,DOC-VJX-20770,13,7026101931,00707 Hauk Parkway,1001,BRL,http://dummyimage.com/167x100.png/dddddd/000000,2025-10-20 20:59:09
ceddicott5y@amazon.com,$2a$04$vQmLh69vTM7WIrxWj8AoCe2o4XdtYPKUtwQF/P2uprXiueQ535mhy,Clo,Eddicott,GASTROENTEROLOGY,DOC-ZIM-12129,14,5521400420,5237 Russell Drive,1773,COP,http://dummyimage.com/236x100.png/ff4444/ffffff,2025-10-20 20:59:09
gfarrimond5z@comcast.net,$2a$04$o8bwu4/XVfdhALF8iLmuaOM3La7kmzJHGdcfMwOMqMHnqechidZ1O,Gale,Farrimond,EMERGENCY_MEDICINE,DOC-ZUO-42111,18,7275031482,8 Claremont Avenue,588,BRL,http://dummyimage.com/246x100.png/cc0000/ffffff,2025-10-20 20:59:09
cvivian60@mlb.com,$2a$04$W1TR4XIuUE0QaI1KpsmkB.WQxhDJet/fv6noeTp7tzD3cjTr.GAkW,Candida,Vivian,FAMILY_MEDICINE,DOC-EDN-17423,23,8176274575,19758 Northview Way,901,JPY,http://dummyimage.com/237x100.png/dddddd/000000,2025-10-20 20:59:09
mmose61@csmonitor.com,$2a$04$qnpf2F8E7VZqHasXMYL8teN/tlb9ZMZZQTqsCakV9C/bFnBCsJAWi,Marilee,Mose,ORTHOPEDICS,DOC-KFX-00174,13,7826406352,1 Emmet Parkway,1679,PLN,http://dummyimage.com/237x100.png/dddddd/000000,2025-10-20 20:59:09
scammis62@princeton.edu,$2a$04$NvTalk.i/7GILPTjzkGNiuDDu7X86NNwk7LyZAA3uOe7cdz3I4XSK,Sebastien,Cammis,RHEUMATOLOGY,DOC-VMU-05110,9,7761724943,30 Hermina Junction,1373,NGN,http://dummyimage.com/176x100.png/dddddd/000000,2025-10-20 20:59:09
hgoslin63@diigo.com,$2a$04$oZ5TbkxkCc.WsO.lcv8uze/rox0au3BKl2f5ddXyyD4snKcYsh.c.,Homer,Goslin,RHEUMATOLOGY,DOC-KCJ-72857,2,8924279145,2 Golf Course Point,641,JPY,http://dummyimage.com/178x100.png/5fa2dd/ffffff,2025-10-20 20:59:09
dhouldin64@bravesites.com,$2a$04$h4zri6NGYZ36S7d1.YV2JesoZNeElh4LpeLrcaWJsRyjz8SrP.NPy,Daphene,Houldin,EMERGENCY_MEDICINE,DOC-YTH-00635,25,8317158311,1 Esker Alley,709,IDR,http://dummyimage.com/175x100.png/ff4444/ffffff,2025-10-20 20:59:09
nbuche65@fc2.com,$2a$04$n27pAhhUnagu92l6Wxf7quYJ3anDGgET2qO7cmQxpy5vtoWCNYd5q,Nara,Buche,GYNECOLOGY,DOC-VBC-43517,5,5485295601,283 6th Terrace,1685,MYR,http://dummyimage.com/155x100.png/ff4444/ffffff,2025-10-20 20:59:09
gcunnington66@friendfeed.com,$2a$04$8i5XDTpIFNHpQdIcj1FP7eYM.f5uaCUpcmRRiYpRG2hAxVnr3HZ12,Geno,Cunnington,GENERAL_SURGERY,DOC-KDI-14261,15,6094605381,33 Magdeline Pass,1025,CNY,http://dummyimage.com/135x100.png/5fa2dd/ffffff,2025-10-20 20:59:09
wscotchmoor67@4shared.com,$2a$04$5CkQVA1SSjYd8V0J4aBRpuSifuiR2/xHP6eGLG.QGhNxOi3gx2f.G,Wallache,Scotchmoor,SPORTS_MEDICINE,DOC-IIW-37127,5,8878328483,86 Bunker Hill Parkway,1873,EUR,http://dummyimage.com/148x100.png/ff4444/ffffff,2025-10-20 20:59:09
sredferne68@addthis.com,$2a$04$OYaMYCUY6oPQJZ5TYKeh9u1o75DfnIaUFXz17JUA9JHg6w7Zh4g1i,Sterne,Redferne,IMMUNOLOGY,DOC-PDJ-65478,2,3785602320,9 Stoughton Lane,1250,AMD,http://dummyimage.com/178x100.png/dddddd/000000,2025-10-20 20:59:09
mriseam69@theguardian.com,$2a$04$bWY8kLtDPbGbdzIf0Wt.e.XqGFg4YvsJo9QGxqwD8Vz9YFhgMWY/.,My,Riseam,IMMUNOLOGY,DOC-EPA-38649,19,2381474915,4 Johnson Parkway,1191,EUR,http://dummyimage.com/140x100.png/cc0000/ffffff,2025-10-20 20:59:09
bhampe6a@nih.gov,$2a$04$etyphB95Bz1xr6ABO6i/a.vIyAQvImEo1T3zbEkaRKjcoIMRmZWpS,Blancha,Hampe,FAMILY_MEDICINE,DOC-CTW-34409,13,5251142003,03246 Corry Plaza,1257,CNY,http://dummyimage.com/181x100.png/5fa2dd/ffffff,2025-10-20 20:59:09
rkingsnorth6b@soundcloud.com,$2a$04$UEqI0X9yiYAsc4vmhcYTmu05dHhIIeCURs1ck6jdlhUkA1.IBu38u,Robinson,Kingsnorth,OPHTHALMOLOGY,DOC-UVW-94911,4,8066256917,0026 Farwell Terrace,540,IDR,http://dummyimage.com/128x100.png/ff4444/ffffff,2025-10-20 20:59:09
smaclennan6c@naver.com,$2a$04$80BwqKTpTOFMZY.5uehkwurvantNPpYEde6QzWZ6I66DdLq/dhQCa,Shermie,MacLennan,NEUROLOGY,DOC-OOC-30894,13,4012924670,15258 Fallview Terrace,1743,THB,http://dummyimage.com/219x100.png/5fa2dd/ffffff,2025-10-20 20:59:09
jtraylen6d@census.gov,$2a$04$sw6v7HJs9WT0.UKJZD3tIuUbumEwoBRqICJLsr8K2fh/eX/ZPr/9e,Jo ann,Traylen,SPORTS_MEDICINE,DOC-PQQ-84802,19,5571262104,838 Express Plaza,764,CNY,http://dummyimage.com/117x100.png/dddddd/000000,2025-10-20 20:59:09
awisam6e@microsoft.com,$2a$04$U/Zzo6mB3uLQ824VL4Dr7eIHUkUtUgqnM3f98TVOsIajp650I3GAS,Abbye,Wisam,INTERNAL_MEDICINE,DOC-NQO-16329,5,3724404744,789 Farmco Park,1622,BRL,http://dummyimage.com/137x100.png/5fa2dd/ffffff,2025-10-20 20:59:09
clackner6f@loc.gov,$2a$04$K769Wn7E/NAGztSBNzzxBu0ZxmjFrAN9ZGYvwJHTIQa5vDjYNv4wq,Chet,Lackner,PEDIATRICS,DOC-IOL-63830,20,2972791798,8688 Hansons Way,1559,HKD,http://dummyimage.com/143x100.png/cc0000/ffffff,2025-10-20 20:59:09
rblore6g@desdev.cn,$2a$04$tz7LuhvyZUv9Afesabjp9uLCvAvgeM6Skln0Ev7Sgnf3loAv89mPu,Reece,Blore,IMMUNOLOGY,DOC-KHL-14038,17,1748571608,52735 Esker Point,1321,CNY,http://dummyimage.com/165x100.png/dddddd/000000,2025-10-20 20:59:09
acalbaithe6h@booking.com,$2a$04$0uF6658elKJzP7M/4bIfsuAZR6.pFIyjKscea6GKvHjghhYAHzLf.,Andree,Calbaithe,SPORTS_MEDICINE,DOC-WNI-02074,17,9802741185,291 Basil Terrace,1729,RUB,http://dummyimage.com/157x100.png/5fa2dd/ffffff,2025-10-20 20:59:09
rgolledge6i@omniture.com,$2a$04$676j1kv2JaRgxJLsxo194.ii7R1ghzcWgFFRN9vaPCSPu5DI0Fmx.,Reynold,Golledge,GENERAL_SURGERY,DOC-FQW-13491,17,9147752903,687 Farragut Pass,1712,PLN,http://dummyimage.com/218x100.png/cc0000/ffffff,2025-10-20 20:59:09
tbrafferton6j@disqus.com,$2a$04$S06A1RtjKNZ9qhwCehcBkehQjDu2qsY.ACDLR8sCuF4N7DlWxuL9.,Teriann,Brafferton,PEDIATRICS,DOC-IEC-33219,17,4573415995,5852 Dottie Terrace,748,PLN,http://dummyimage.com/115x100.png/ff4444/ffffff,2025-10-20 20:59:09
amassie6k@over-blog.com,$2a$04$8QhJiMswMKBku8RkOk/UWulkgLd3lYQvjGxiVL45mUERp9TSaOAOS,Ardelia,Massie,PULMONOLOGY,DOC-SBM-58318,23,3967177132,5 Kenwood Plaza,913,CNY,http://dummyimage.com/115x100.png/ff4444/ffffff,2025-10-20 20:59:09
cjarad6l@gnu.org,$2a$04$XTPalw8MwGOaXUR65/tBeOhna2bqF2Y8kDVqmUN87ONFKDS5.jnCK,Caril,Jarad,ANESTHESIOLOGY,DOC-OIT-52652,12,2632459584,559 Mccormick Alley,591,EUR,http://dummyimage.com/189x100.png/5fa2dd/ffffff,2025-10-20 20:59:09
lmugg6m@photobucket.com,$2a$04$u46ByasOzYWSKl6yJIIzc.4tjzQ19Sttbx613OA0oTpglCYiw0SH6,Leanora,Mugg,GENERAL_SURGERY,DOC-JRG-65453,19,6083494761,6 Paget Court,703,USD,http://dummyimage.com/246x100.png/ff4444/ffffff,2025-10-20 20:59:09
dheaseman6n@google.nl,$2a$04$nVpFQIUBij.e78ORCwxjbusw3wR9SLS2rypOxLBkbRUTkwJy2FyFa,Donal,Heaseman,EMERGENCY_MEDICINE,DOC-TKW-47437,13,1099662713,243 Hoard Court,1457,RUB,http://dummyimage.com/245x100.png/5fa2dd/ffffff,2025-10-20 20:59:09
adorken6o@mit.edu,$2a$04$cPJ3tlGEdw37zxAV/2f0uOWUXPef87UNKlzTvlicCX1WB9uW8heEq,Adriena,Dorken,ENDOCRINOLOGY,DOC-XRK-06877,13,3791368589,5 Golf Course Parkway,514,AMD,http://dummyimage.com/103x100.png/cc0000/ffffff,2025-10-20 20:59:09
mgennings6p@homestead.com,$2a$04$lSvvKaMGIOpMgmjVBPStLu3m1b49JkDPzL0A0lvloL4g.0yFfvwLG,Micki,Gennings,ORTHOPEDICS,DOC-MAB-42295,1,2989066851,56 Mcbride Lane,582,EUR,http://dummyimage.com/136x100.png/5fa2dd/ffffff,2025-10-20 20:59:09
lnice6q@scientificamerican.com,$2a$04$gOvRp8IwBKqHi0fR1yMsZuXwrul/yGSuEHrQ7iK1Qj6t5LHeprdvy,Lia,Nice,EMERGENCY_MEDICINE,DOC-VIN-13600,19,1309722057,66417 Miller Parkway,1415,TJS,http://dummyimage.com/240x100.png/ff4444/ffffff,2025-10-20 20:59:09
mminette6r@geocities.jp,$2a$04$yZUumoN7199BIqKN.fN9b.KPpIPB2zuNAFuQaYtFnPxlC/X8md4hW,Matias,Minette,SPORTS_MEDICINE,DOC-ACU-21847,6,9531996652,39 Banding Hill,1935,THB,http://dummyimage.com/190x100.png/dddddd/000000,2025-10-20 20:59:09
nchalfont6s@toplist.cz,$2a$04$pAbo/IXTuMg7UDiYtZQWL.CCoN0KxQUHPrYFTWs8Mdb79GCRlNH/q,Noel,Chalfont,DENTISTRY,DOC-UOM-02348,15,2298502011,9061 Oneill Point,1568,EUR,http://dummyimage.com/221x100.png/5fa2dd/ffffff,2025-10-20 20:59:09
shovel6t@thetimes.co.uk,$2a$04$P1XPTNEJnqGj5vVvaBftcO/YSa7t2KxA5fHGu/UZe8VYgenGzvDiy,Saxe,Hovel,OPHTHALMOLOGY,DOC-KRD-57296,18,5322309056,4366 Mariners Cove Hill,809,MXN,http://dummyimage.com/241x100.png/ff4444/ffffff,2025-10-20 20:59:09
mpriestman6u@last.fm,$2a$04$UG1yQ7zkcOWwEbmGXEKkAOIkWdxRqdx5F9Xzrswx5P.mywEaA8ERW,Matthaeus,Priestman,GYNECOLOGY,DOC-IHZ-43173,6,8202507784,3433 Walton Crossing,1573,IDR,http://dummyimage.com/186x100.png/5fa2dd/ffffff,2025-10-20 20:59:09
lesgate6v@bloglovin.com,$2a$04$K102ic4JdtkShTGNWuWhdOvd3Rr4i0lwblfPXU8JVHG6MZaBJ/jtK,Levy,Esgate,ORTHOPEDICS,DOC-RXA-21841,11,2894687376,3734 Dovetail Court,1385,CNY,http://dummyimage.com/181x100.png/ff4444/ffffff,2025-10-20 20:59:09
cbreit6w@nymag.com,$2a$04$O/Z8l5d5nchg20dSkN424OoNcH8lpHK1rjKBEm7WStBTGv/zzmlyC,Claudine,Breit,PSYCHIATRY,DOC-DZO-10410,4,6451436113,146 Veith Trail,1346,BDT,http://dummyimage.com/203x100.png/5fa2dd/ffffff,2025-10-20 20:59:09
djordeson6x@nytimes.com,$2a$04$VpfP2/0JFDsUucmdaKi38ekogFfT7fg1oM.sK5lh4EAzNRKgTxTLG,Dalt,Jordeson,PSYCHIATRY,DOC-AUY-62832,7,3875723850,0 Florence Way,812,EUR,http://dummyimage.com/211x100.png/ff4444/ffffff,2025-10-20 20:59:09
lkrochmann6y@xrea.com,$2a$04$zQ/3iLOW0pDW9YiB7NrkKOlTRfjMi8FdffDSATvY0Kfe7te8JCN4W,Leoline,Krochmann,ONCOLOGY,DOC-ORL-76472,5,4196779534,4 Oneill Way,1058,IDR,http://dummyimage.com/197x100.png/dddddd/000000,2025-10-20 20:59:09
lianni6z@vistaprint.com,$2a$04$pNQe1fJf4Tn3JHoEHPu30.XqLLVJ2qOt0H8uN56qcXN5Cvh4mHTpq,Libby,Ianni,OPHTHALMOLOGY,DOC-WDX-67001,22,6101472613,1 Briar Crest Parkway,594,COP,http://dummyimage.com/116x100.png/ff4444/ffffff,2025-10-20 20:59:09
gluggar70@ezinearticles.com,$2a$04$R5b4gRL4.1Vh6rNdvoEe2uI1LnwQuuyU46gqWgq53.oqAySjf8Zti,Gilburt,Luggar,HEMATOLOGY,DOC-KWP-12046,17,5241180013,0 Calypso Terrace,1429,EUR,http://dummyimage.com/107x100.png/ff4444/ffffff,2025-10-20 20:59:09
caloshkin71@topsy.com,$2a$04$3HBzM0fU56h2SZqZgGRDy.wtt4NMjdv48YSokRU/UP4f5cmLL6O.m,Crysta,Aloshkin,NEPHROLOGY,DOC-FTC-48510,22,6431180566,0 Pierstorff Terrace,1260,EUR,http://dummyimage.com/179x100.png/5fa2dd/ffffff,2025-10-20 20:59:09
krimmer72@auda.org.au,$2a$04$HvISvRCUv1NNkNDU5DA38uDbvxbya1vHl4ZscCPR1lLR7ZrMDsgAS,Kenneth,Rimmer,DENTISTRY,DOC-LQM-46489,3,5988702529,2 Montana Junction,1444,CNY,http://dummyimage.com/194x100.png/5fa2dd/ffffff,2025-10-20 20:59:09
msturgeon73@nbcnews.com,$2a$04$OJzDR5ysJXV/nDugepaPsuDFZi519ByfrSj3LvJS3VNl77q1ToZ12,Maggy,Sturgeon,ENDOCRINOLOGY,DOC-TMI-70590,14,8361074071,99914 Colorado Hill,862,USD,http://dummyimage.com/228x100.png/cc0000/ffffff,2025-10-20 20:59:09
mairy74@unesco.org,$2a$04$B.NTjLNaHpFBo/I7iKtOdu6Ly/pG9aVI4DjjsT9KjZWfaOBsGMnm2,Meara,Airy,GASTROENTEROLOGY,DOC-JQB-07820,21,5673514232,99 Leroy Park,820,CRC,http://dummyimage.com/221x100.png/dddddd/000000,2025-10-20 20:59:09
aastie75@elegantthemes.com,$2a$04$vRjbaMfI9H/i482zs9xeceSyCDrwA3Xffb.dYJ90QwPSbv.3RHbtS,Aimee,Astie,GENERAL_SURGERY,DOC-BZP-57700,23,1267295890,71 Eastwood Alley,1544,PHP,http://dummyimage.com/174x100.png/5fa2dd/ffffff,2025-10-20 20:59:09
hslewcock76@sciencedirect.com,$2a$04$3u3zdWyX88nUHI2E9SV2te2KJDjGqg2FMCe/cU7MsEkoPIAxbs/aW,Herrick,Slewcock,GENERAL_SURGERY,DOC-UCG-43120,17,6003776554,634 Muir Road,1689,EUR,http://dummyimage.com/109x100.png/dddddd/000000,2025-10-20 20:59:09
kphilippe77@ibm.com,$2a$04$/ukN99Vjyosqk2azmxELNODTHRKOBEVuqvipClUNOpNCc9eZ4Bf0m,Kerry,Philippe,IMMUNOLOGY,DOC-OMG-19286,20,3785330816,3493 Loomis Street,1339,THB,http://dummyimage.com/115x100.png/cc0000/ffffff,2025-10-20 20:59:09
nlangshaw78@acquirethisname.com,$2a$04$YL0S4djJWLzRsJb8BJTQU.pr/Pe426EccXk/kOpnZDknBh2VURtAi,Nils,Langshaw,FAMILY_MEDICINE,DOC-ETD-79838,6,5785991448,74362 Anthes Pass,696,IDR,http://dummyimage.com/123x100.png/cc0000/ffffff,2025-10-20 20:59:09
ncaine79@columbia.edu,$2a$04$U2rQvtvOEG5yzDZbyJMKluRzyKFP6ojQc5B0XwcYkHlnGmmV0X6ES,Noell,Caine,DENTISTRY,DOC-JTQ-75168,22,1731252142,69 Blue Bill Park Parkway,1465,CNY,http://dummyimage.com/144x100.png/ff4444/ffffff,2025-10-20 20:59:09
eganford7a@unesco.org,$2a$04$m3GFFbF4IQnaWEmSnFvwHeLudmxSXKZFPsyF26m84ZqXFA9f4XEQm,Ethelin,Ganford,FAMILY_MEDICINE,DOC-RAW-24424,5,7495124248,860 Lerdahl Court,1002,CNY,http://dummyimage.com/117x100.png/dddddd/000000,2025-10-20 20:59:09
hglave7b@hibu.com,$2a$04$ZXNijkQMgqFHUyHvnU1cG.dI6KiGrfCpUWUFZVtNO4DxO8q31Gi4.,Huntley,Glave,EMERGENCY_MEDICINE,DOC-XAN-20500,6,8342513556,5 Waywood Lane,849,THB,http://dummyimage.com/185x100.png/dddddd/000000,2025-10-20 20:59:09
traubheim7c@lulu.com,$2a$04$lynjIE20f2ckZaQjHRNK1e/OYc9DTFPcUEstWfuCX8UsPOYVHaQDK,Tristam,Raubheim,RADIOLOGY,DOC-PXD-26091,14,2652735132,84399 Nelson Court,966,VND,http://dummyimage.com/200x100.png/5fa2dd/ffffff,2025-10-20 20:59:09
cscullion7d@people.com.cn,$2a$04$dRH3Mkgcsb2VqBHctogdNe0gfRu9vByqkq5.mKhZT39pFs2daNPS.,Carlynn,Scullion,UROLOGY,DOC-WYC-03651,5,8005751151,733 Caliangt Lane,1525,NGN,http://dummyimage.com/116x100.png/dddddd/000000,2025-10-20 20:59:09
dleefe7e@oakley.com,$2a$04$DswaSP3IJ16SAAtmuHNm1OpMeM9RzBWv0qdUzKJqW7cQ5gbCG1BE6,Dorena,Leefe,SPORTS_MEDICINE,DOC-JFC-14674,20,7765664344,669 Glendale Way,1459,IDR,http://dummyimage.com/242x100.png/dddddd/000000,2025-10-20 20:59:09
nszymanzyk7f@chicagotribune.com,$2a$04$kT39Y2.K6a9nc6okMDyEiuDQ4sEgJYrhYdZ0QMYHDug1Ga6sRMdZu,Northrup,Szymanzyk,PLASTIC_SURGERY,DOC-RJO-15289,24,4757649369,383 Buell Pass,1852,RSD,http://dummyimage.com/147x100.png/dddddd/000000,2025-10-20 20:59:09
sberzin7g@google.com.br,$2a$04$/6W2kTakZgs.whSexUYtIOv5OvtijjGJmJrjs7KMWuUcSWYAZ51/q,Sigismundo,Berzin,INTERNAL_MEDICINE,DOC-QQA-53268,1,1937606965,98240 Division Trail,1886,TND,http://dummyimage.com/154x100.png/cc0000/ffffff,2025-10-20 20:59:09
gvalenti7h@archive.org,$2a$04$JZ.OqJURtzIF3sLBvTL6PezRGBJ4gitL0Mv9Q8lVoTlvBoYPfXcUK,Gipsy,Valenti,ANESTHESIOLOGY,DOC-YVU-42569,11,8305450549,25 Starling Parkway,661,IDR,http://dummyimage.com/144x100.png/dddddd/000000,2025-10-20 20:59:09
vdemange7i@wikispaces.com,$2a$04$/QGMkdksqzO/YpJzoCMzG.W.RIBVs1DTLK9J/1BkmswQ7dYRL7Xr.,Viviana,Demange,ENDOCRINOLOGY,DOC-DRM-22562,3,4271093258,420 Shelley Street,1004,PEN,http://dummyimage.com/205x100.png/ff4444/ffffff,2025-10-20 20:59:09
shaggard7j@networkadvertising.org,$2a$04$i7mNLzlM27UY0/VVNuxgbeVoK1tsPMSKr8A1NCYVx8xAisEp0uuJ.,Simona,Haggard,INTERNAL_MEDICINE,DOC-PMU-46667,20,4298301554,9694 Gulseth Court,944,CNY,http://dummyimage.com/150x100.png/ff4444/ffffff,2025-10-20 20:59:09
gpattemore7k@people.com.cn,$2a$04$wNyQC2lp166YgNk3HwN.IOgg4IC1NTjorgIg1folYwN/tOJyi00Fi,Gunilla,Pattemore,IMMUNOLOGY,DOC-XAT-33676,3,7825960605,35 5th Crossing,1152,MUR,http://dummyimage.com/171x100.png/5fa2dd/ffffff,2025-10-20 20:59:09
bbeden7l@baidu.com,$2a$04$G9cqE4UjTucB2eZf.qOK5OvAe8EmW1MHNXd5MWbT9PGBhQHzT12A2,Bruce,Beden,HEMATOLOGY,DOC-VKB-84114,4,7548492511,5 School Circle,1657,IDR,http://dummyimage.com/239x100.png/dddddd/000000,2025-10-20 20:59:09
hdelagua7m@rambler.ru,$2a$04$USygTAsBG/soEz80wqMhMOrPVkNHPm.TNZ4yfYANjqNNM6W5RMWmq,Herc,Delagua,EMERGENCY_MEDICINE,DOC-BVM-63817,21,8447555033,28622 Sundown Trail,1778,KZT,http://dummyimage.com/108x100.png/cc0000/ffffff,2025-10-20 20:59:09
gbedham7n@timesonline.co.uk,$2a$04$kEwGEKa8WepaUVFcxhDHOuGxztPddTvPgjYRBPWILqxwkuFvD4Sua,Gabby,Bedham,INTERNAL_MEDICINE,DOC-DFS-53321,19,2951254559,7372 Marquette Pass,1870,EUR,http://dummyimage.com/162x100.png/ff4444/ffffff,2025-10-20 20:59:09
mwaggitt7o@aol.com,$2a$04$HoirDXjUqyrAsMMyGe1T1uQ8tgPSR3XqyxVEwl.wkdjyoGyDQa6bS,Maure,Waggitt,PSYCHIATRY,DOC-GSM-34345,3,9199047064,51 La Follette Trail,1515,CLP,http://dummyimage.com/132x100.png/ff4444/ffffff,2025-10-20 20:59:09
mkoeppke7p@oakley.com,$2a$04$Iy2sbPEuhY7x0nBXmlS2DOLpRFMF.YVnQ721JZNX2SIAqCmYc9Ja6,Miquela,Koeppke,FAMILY_MEDICINE,DOC-LMD-25894,14,5918653358,3131 Tomscot Junction,1212,IDR,http://dummyimage.com/102x100.png/5fa2dd/ffffff,2025-10-20 20:59:09
atilney7q@addthis.com,$2a$04$oiAh2ceh29BcrwlW.siij.qQUOiZl9yoDfx4lIEc6shU1HEfDXiQC,Abel,Tilney,ENDOCRINOLOGY,DOC-EJT-98371,10,1292482328,918 Golf View Avenue,1006,PGK,http://dummyimage.com/147x100.png/dddddd/000000,2025-10-20 20:59:09
cepp7r@va.gov,$2a$04$BXIA/hIWpwusxx1Ob3AeIufo5aUIH8B/zVPyZQwjEX3q94KrwPpKO,Caprice,Epp,PULMONOLOGY,DOC-KMZ-17024,8,9158179713,78 Monica Trail,1874,ARS,http://dummyimage.com/110x100.png/ff4444/ffffff,2025-10-20 20:59:09
zverick7s@tripadvisor.com,$2a$04$cWVgBIbztt.veFTFxi7jdee4on3g65iiOTQP6TQin1RwxAN7c.Fea,Zorah,Verick,SPORTS_MEDICINE,DOC-MNM-30608,2,6253306050,6 Waywood Parkway,1900,PHP,http://dummyimage.com/166x100.png/ff4444/ffffff,2025-10-20 20:59:09
csibary7t@dagondesign.com,$2a$04$t1g9z0QFYsaA.ftRthwIxONZi/KjRRyn4asVMmUA1mJF37Ho6URcG,Cora,Sibary,PEDIATRICS,DOC-BQX-90923,20,8798959995,0 Reindahl Street,1206,LYD,http://dummyimage.com/211x100.png/5fa2dd/ffffff,2025-10-20 20:59:09
mfeldbau7u@un.org,$2a$04$7eRwxWS4iHW7.x6lKcPEoe.L/dG0wKglO7LS9frh3k.Vv/jZqDL4m,Megan,Feldbau,PSYCHIATRY,DOC-SDA-26273,20,7314699388,4390 Pankratz Circle,1342,XOF,http://dummyimage.com/145x100.png/cc0000/ffffff,2025-10-20 20:59:09
ilevee7v@zdnet.com,$2a$04$au42zyYgOX0Xe1fKzyPagO8uJOTZaq7tL4Vw.EFjO89Xe64W6xeAe,Ilysa,Levee,FAMILY_MEDICINE,DOC-BTY-17613,1,5523758391,5766 Bashford Crossing,788,CNY,http://dummyimage.com/186x100.png/5fa2dd/ffffff,2025-10-20 20:59:09
rharmeston7w@usatoday.com,$2a$04$6ltWGoFG6NIrm59aN2f9/OOh3ArS0xcKo9ZxtEkxn5A.kF3CAgdUu,Renae,Harmeston,RADIOLOGY,DOC-SOG-67873,13,7276737746,8002 Westerfield Lane,901,THB,http://dummyimage.com/162x100.png/5fa2dd/ffffff,2025-10-20 20:59:09
gbarehead7x@sciencedaily.com,$2a$04$Wma5QhTfi8bWQWFXqTRxM.sIifXXmr6yRq/X6/cHrAsI20MjZun8u,Gaylene,Barehead,DERMATOLOGY,DOC-HEB-13068,20,3872730957,1 Texas Terrace,1200,IDR,http://dummyimage.com/131x100.png/cc0000/ffffff,2025-10-20 20:59:09
cgraveney7y@barnesandnoble.com,$2a$04$v4.QgwIYN7ST5HE4yPSdIO5xNhAlKuRkhoURTJ32WUmkTswtLhDTe,Carroll,Graveney,PEDIATRICS,DOC-LOL-44634,6,4577309368,3 Grover Parkway,977,IRR,http://dummyimage.com/227x100.png/ff4444/ffffff,2025-10-20 20:59:09
hstannus7z@creativecommons.org,$2a$04$GYABrmc7kmuywCfwN/ghP.6J.cwtWwZ.RJ8X/KLKEig6HvY66uZdK,Hansiain,Stannus,UROLOGY,DOC-QMC-58261,4,1985449108,52878 Laurel Court,1741,RUB,http://dummyimage.com/103x100.png/5fa2dd/ffffff,2025-10-20 20:59:09
rwymer80@51.la,$2a$04$0Z0bNYGRDlEOJG2Kf1zbbeqV4eDR8m.5IrBEdd1XRRBnTpJkMhEMW,Ricoriki,Wymer,ONCOLOGY,DOC-VJT-20983,16,1174739362,82 Becker Street,1765,SYP,http://dummyimage.com/201x100.png/5fa2dd/ffffff,2025-10-20 20:59:09
ltarbath81@telegraph.co.uk,$2a$04$LKT27M/qkm/uFL2Q.c25h.AB4X0/YkHldtZ0ZhLF60Q4SwCY9iasK,Lorine,Tarbath,DENTISTRY,DOC-VUK-93029,8,4469636831,9395 Fieldstone Street,1269,EUR,http://dummyimage.com/160x100.png/5fa2dd/ffffff,2025-10-20 20:59:09
hleggs82@house.gov,$2a$04$yDLzqjyq85YPsWJ/973kwemw2c9qkwcJa/Q72jHPynKzJ.hnQfv5O,Humfrey,Leggs,UROLOGY,DOC-VDC-94745,8,5604602903,96344 Hermina Terrace,1627,CNY,http://dummyimage.com/212x100.png/cc0000/ffffff,2025-10-20 20:59:09
ddavana83@elpais.com,$2a$04$J7cj3SFklQK8v1VeYBZOmO9DoErcVVsmPq0HCo/U.w3ESrbjOnkgq,Dion,Davana,GENERAL_SURGERY,DOC-DAE-33001,4,4456423095,295 Morning Way,674,EUR,http://dummyimage.com/156x100.png/cc0000/ffffff,2025-10-20 20:59:09
mflory84@reference.com,$2a$04$.dZssiv4yYs8STL2y01GLupkWdq8Yx7g75O6d0TU/9qcAsKoDe.fm,Maurie,Flory,CARDIOLOGY,DOC-ZKW-59174,7,1334597160,6 Weeping Birch Pass,598,CNY,http://dummyimage.com/172x100.png/5fa2dd/ffffff,2025-10-20 20:59:09
aulrik85@jiathis.com,$2a$04$..QPqRdLJho/LQ7M7vPPC.Pe34inCKu2bC0iPn1XXhihdjYCr0x7C,Aarika,Ulrik,DERMATOLOGY,DOC-AWB-70153,17,9681440565,135 Kinsman Terrace,1503,JPY,http://dummyimage.com/154x100.png/ff4444/ffffff,2025-10-20 20:59:09
rcredland86@bizjournals.com,$2a$04$P3coONg0ssZR0L8Hr83QqO57mCO9ddJ141gD8HCYs7ZJc1.u4/jdG,Rosella,Credland,FAMILY_MEDICINE,DOC-LCS-35786,24,6495128967,476 Packers Plaza,1630,USD,http://dummyimage.com/242x100.png/cc0000/ffffff,2025-10-20 20:59:09
mlacase87@virginia.edu,$2a$04$5mI7TPX6X8uRGe/oI6Tm8OblleRld4oX8eUpx5LhvKYttu1I.wAQq,Muire,Lacase,ANESTHESIOLOGY,DOC-KLV-05113,19,1139364391,98 Hooker Court,1312,EUR,http://dummyimage.com/227x100.png/dddddd/000000,2025-10-20 20:59:09
jjaray88@acquirethisname.com,$2a$04$4RBsHcnQkAstiTfA6.r8p.fsD1UEfDtBfjOkfVq2ZTK1E.t4SdWP2,Jecho,Jaray,PATHOLOGY,DOC-XKC-09707,22,9155079069,9441 Londonderry Park,935,USD,http://dummyimage.com/136x100.png/ff4444/ffffff,2025-10-20 20:59:09
tcluett89@purevolume.com,$2a$04$O6Gf6BpnKAUZDb6e75SRk.EzTBl8avH79BKAElAOvI0m63UAi0BU6,Timoteo,Cluett,INFECTIOUS_DISEASE,DOC-TIG-82385,12,7985202972,6318 Moland Center,768,EUR,http://dummyimage.com/115x100.png/cc0000/ffffff,2025-10-20 20:59:09
vfarquarson8a@nasa.gov,$2a$04$1XTjGJ.pusTbvvZ.eeA.QOvq2tg3Lk8gs1QsjY.VVWIwDzsqN0zWy,Viviana,Farquarson,PLASTIC_SURGERY,DOC-PMW-52943,9,8088043751,90938 Aberg Plaza,691,USD,http://dummyimage.com/221x100.png/dddddd/000000,2025-10-20 20:59:09
dmenat8b@newyorker.com,$2a$04$LxBKDclv/K/SOrVmEr.nPOehFcdOcHXGv1te.xgf9O7W9JQJbMN7S,Dosi,Menat,HEMATOLOGY,DOC-MNW-24023,16,7358774495,07823 School Point,1232,CNY,http://dummyimage.com/160x100.png/dddddd/000000,2025-10-20 20:59:09
dsybe8c@statcounter.com,$2a$04$o/e5GsfQain7gWvfPlFfe.2671CFiJI1UYVSY1MPA.iKCo0ZwoFvO,Dion,Sybe,INFECTIOUS_DISEASE,DOC-WML-17569,1,9107324151,312 Dwight Crossing,1652,XPF,http://dummyimage.com/155x100.png/ff4444/ffffff,2025-10-20 20:59:09
jdonet8d@php.net,$2a$04$wN3ouCKb4A1z47GsskRtCuVtncsjwJouxwvgV4oRIJijUrsqJUnDm,Jessamine,Donet,FAMILY_MEDICINE,DOC-XYK-82686,8,9169121538,01815 Eagan Road,1888,USD,http://dummyimage.com/114x100.png/dddddd/000000,2025-10-20 20:59:09
bwatmore8e@amazon.de,$2a$04$tqZc2QNSTJ3aJaFEid6uu.YsBIcVYiK/Up2fH5f76zD9bUT0VHc0S,Bengt,Watmore,IMMUNOLOGY,DOC-QMA-35357,5,2302543704,74525 Westport Avenue,1925,MGA,http://dummyimage.com/112x100.png/ff4444/ffffff,2025-10-20 20:59:09
alawfull8f@tinyurl.com,$2a$04$fcA6htQU92TyuVZJcmcKgeWffvyl8pnqHdCfVspMOl1lOzP2IJO7a,Audi,Lawfull,ONCOLOGY,DOC-KKI-81998,20,7075245933,8943 Dorton Pass,1062,ARS,http://dummyimage.com/201x100.png/cc0000/ffffff,2025-10-20 20:59:09
sroumier8g@blogger.com,$2a$04$YxDaMiuY.ERDCDUZpNVcJ.HbnBSc54yWhyKkPvHDQzW8ydigUAisG,Shela,Roumier,PLASTIC_SURGERY,DOC-XOT-76577,13,9171805899,9977 Thackeray Road,1197,EUR,http://dummyimage.com/239x100.png/cc0000/ffffff,2025-10-20 20:59:09
mpadgham8h@dyndns.org,$2a$04$4.UAKE1bAj.JbNhatMKQrOjBpqV/ZJKyaqX8KQrAUzkLtwcZreVqO,Meier,Padgham,ENT,DOC-PFO-82349,12,9426642245,88 Forster Circle,1908,CNY,http://dummyimage.com/243x100.png/ff4444/ffffff,2025-10-20 20:59:09
sdargavel8i@bigcartel.com,$2a$04$HNsAqIWrwCxtP1onLrz6lOhl9FHZ97LK2RH1QSuQVvnGkXBP.5r3S,Sherlock,Dargavel,GASTROENTEROLOGY,DOC-CBY-35124,13,6553476167,0405 Algoma Street,1197,CNY,http://dummyimage.com/104x100.png/cc0000/ffffff,2025-10-20 20:59:09
nfall8j@oakley.com,$2a$04$Nnkdb5Q1oNu3YziB84BUeeQwDEtCxE/SSozDdrj8Q4ZwpCzDQ1Hde,Niel,Fall,DENTISTRY,DOC-DYS-03084,9,3774935196,25 Dayton Place,1391,EUR,http://dummyimage.com/124x100.png/dddddd/000000,2025-10-20 20:59:09
ahowden8k@indiatimes.com,$2a$04$IpxdcnhIh/zA3v0sUjErvOP8LRxq0j4b8836hrf4vuimuikQR1E2K,Alix,Howden,ONCOLOGY,DOC-NMN-91324,15,8301604639,03052 Swallow Point,1446,PKR,http://dummyimage.com/229x100.png/cc0000/ffffff,2025-10-20 20:59:09
teastop8l@imageshack.us,$2a$04$Jwx2lnP387R742huWfMmJemPhYPoJGVskgqW2DOc8UeI9RjQsM5vq,Tadeo,Eastop,ENDOCRINOLOGY,DOC-TLN-99336,8,7235663952,27 Northview Street,504,PHP,http://dummyimage.com/155x100.png/5fa2dd/ffffff,2025-10-20 20:59:09
thaffner8m@psu.edu,$2a$04$kb78NpaKR0DFJrbhvp7ua.Bs8BCLM13eaNJ6mQlTMouB8Iu.yY9QG,Thadeus,Haffner,HEMATOLOGY,DOC-TCW-35483,25,6822780759,815 Darwin Terrace,1457,EUR,http://dummyimage.com/150x100.png/5fa2dd/ffffff,2025-10-20 20:59:09
fdoherty8n@list-manage.com,$2a$04$OAL3pXee4MmK5VfB3bG3eOAo6VU3fmez3A10RXFOMvPpnM92sO8Sa,Fay,Doherty,PSYCHIATRY,DOC-AYR-28136,14,1158064928,307 Moland Avenue,1289,CNY,http://dummyimage.com/131x100.png/5fa2dd/ffffff,2025-10-20 20:59:09
fbonicelli8o@aol.com,$2a$04$7O/gLGzBHFzX2SuHOpJMLet2yDyUyJRSo92se9.RzqL6JzKqW.XOu,Francklin,Bonicelli,NEUROLOGY,DOC-BVQ-76387,23,5004038210,37763 Dakota Hill,537,EGP,http://dummyimage.com/214x100.png/dddddd/000000,2025-10-20 20:59:09
dfenne8p@sphinn.com,$2a$04$1DrbOteP9eKy8OOrdHD9yeO7i/r6b3rKR6Lb5v5HXigg//uVaJftW,Darryl,Fenne,GYNECOLOGY,DOC-UXM-44128,22,9314409281,5 Moland Road,964,IDR,http://dummyimage.com/188x100.png/cc0000/ffffff,2025-10-20 20:59:09
bshelper8q@bizjournals.com,$2a$04$H2I0pGe/SlOb6/QrL5GWwetXUHCl9xi98EQj7y1ih6ONtBmJbVoQy,Bax,Shelper,SPORTS_MEDICINE,DOC-WEL-77855,10,4835546459,85 Calypso Avenue,688,EUR,http://dummyimage.com/245x100.png/dddddd/000000,2025-10-20 20:59:09
vnuscha8r@vimeo.com,$2a$04$yi.altHUcAAdMbs2441lOeGAgN2BmDPtySIy1vQhA.kBuEXUIxJ2y,Vassili,Nuscha,GASTROENTEROLOGY,DOC-JOI-81384,15,4658389822,1 Mallory Pass,589,CNY,http://dummyimage.com/166x100.png/5fa2dd/ffffff,2025-10-20 20:59:09
lauston8s@cnet.com,$2a$04$SBFmGt9xWSoy0xaiq2kJzuZ9RLKTEiXC3M.bP4FhqG5ULfO4eyqRS,Lulu,Auston,HEMATOLOGY,DOC-WCY-71235,11,4611517438,9 Prentice Alley,1537,IDR,http://dummyimage.com/160x100.png/cc0000/ffffff,2025-10-20 20:59:09
kmcnea8t@plala.or.jp,$2a$04$JohgOTSYVfmWQnXBem0t3OJmLYViLfTQuQVaI23MdT9BW6an.odf.,Kathrine,McNea,PLASTIC_SURGERY,DOC-ZZM-11983,7,1186717041,1320 Susan Pass,1391,IDR,http://dummyimage.com/242x100.png/5fa2dd/ffffff,2025-10-20 20:59:09
barmatidge8u@barnesandnoble.com,$2a$04$R0C0LYqrVVOGwpFyGeo3WeD2NCzg45CLtv4PSdK8lETzPWptztTHK,Broddy,Armatidge,FAMILY_MEDICINE,DOC-CAV-40274,3,1462357275,05988 Spaight Plaza,1664,PLN,http://dummyimage.com/150x100.png/dddddd/000000,2025-10-20 20:59:09
gpanner8v@umn.edu,$2a$04$Hcqc9CXSN6/Z9OagjHP/NO.PSD5BvcAEsNcAL0RkR8uOjRVfHTET2,Gram,Panner,PSYCHIATRY,DOC-NNI-61164,12,2046259621,32 Anthes Center,553,UAH,http://dummyimage.com/132x100.png/5fa2dd/ffffff,2025-10-20 20:59:09
smarvelley8w@parallels.com,$2a$04$VLDy4b47ytBJGt2BC66XDeJN2XWgzOpF6n.gKRHgT0wDo4HK0CXmW,Sunny,Marvelley,RHEUMATOLOGY,DOC-UIU-15810,22,5255620882,0 Macpherson Street,505,PHP,http://dummyimage.com/113x100.png/cc0000/ffffff,2025-10-20 20:59:09
eambrosoni8x@who.int,$2a$04$i81s799oZq9HGzuqrGv/3eWTZMsLzuW8LC5fcmSqCpUKHzMVbtAbO,Euell,Ambrosoni,GENERAL_SURGERY,DOC-SPV-10281,22,3399321397,40 Lawn Road,918,IDR,http://dummyimage.com/164x100.png/dddddd/000000,2025-10-20 20:59:09
ggritsaev8y@slideshare.net,$2a$04$vyYeo.p1HMBTvLxvOKPQLu6aESbwPyHvpbqEtsJnMa5V0QKCtXw4K,Guenevere,Gritsaev,NEPHROLOGY,DOC-JTL-51262,19,6326835629,15 Hintze Parkway,1754,BRL,http://dummyimage.com/230x100.png/5fa2dd/ffffff,2025-10-20 20:59:09
cstitfall8z@goo.gl,$2a$04$rFoWXiDUTj5ixZ7PA8GqHuvBVI/Z3NOIPN88.Qs2tk3rUsqhM21I6,Camala,Stitfall,ANESTHESIOLOGY,DOC-SHG-05540,7,2009825593,0 Corben Center,1686,CNY,http://dummyimage.com/191x100.png/cc0000/ffffff,2025-10-20 20:59:09
kraffon90@springer.com,$2a$04$8MUSRrXpstNu8Lps2Lu0W.P3SdB8vuZSiJBG8hzZpaPphfMomxKWi,Kyle,Raffon,GASTROENTEROLOGY,DOC-HOE-91768,10,9731029929,77648 Hintze Trail,1866,CNY,http://dummyimage.com/171x100.png/ff4444/ffffff,2025-10-20 20:59:09
jpetera91@tuttocitta.it,$2a$04$k2Xu5S2mUxSFYzuwqhxZdO6vTQ9lBmjnDMqtBVB7XzwTD3hF7ThyS,Joletta,Petera,IMMUNOLOGY,DOC-KAH-43151,7,8293438617,138 Oxford Drive,1611,PHP,http://dummyimage.com/153x100.png/ff4444/ffffff,2025-10-20 20:59:09
ajemison92@vinaora.com,$2a$04$yufy0ar0kQT6CGddsLohROGOgHjXrODTxN57TkifsXS/fHv4t49ra,Ariel,Jemison,UROLOGY,DOC-EPT-36320,11,8627283209,396 Stoughton Point,1492,EUR,http://dummyimage.com/231x100.png/ff4444/ffffff,2025-10-20 20:59:09
mmoulsdall93@macromedia.com,$2a$04$MDn7OpX3oOP8kE2ZfxbX5.unzhKl/n47nJzO7d2AZCC.HeRwULajW,Minni,Moulsdall,NEPHROLOGY,DOC-GYJ-75249,8,4896487997,7 Crowley Parkway,652,EUR,http://dummyimage.com/106x100.png/5fa2dd/ffffff,2025-10-20 20:59:09
drodriguez94@elpais.com,$2a$04$U.4nwx85XC6oloxynt1pSekwDxNz3CQMXz2/usTALqTr2cpg8WkSS,Derry,Rodriguez,NEUROLOGY,DOC-FAH-33013,19,4949985332,09 Main Park,925,CNY,http://dummyimage.com/112x100.png/5fa2dd/ffffff,2025-10-20 20:59:09
ncarnilian95@opensource.org,$2a$04$SVZBl.Ehal1cN3UylPSlrufCG6YUxccBnE6taFMufLayKCYEG6i4q,Nigel,Carnilian,NEPHROLOGY,DOC-TCN-39274,9,6129562080,4785 Dixon Place,779,RUB,http://dummyimage.com/160x100.png/dddddd/000000,2025-10-20 20:59:09
ahembery96@feedburner.com,$2a$04$MMXHNvmfpYAUVLI6FHIIzejW6dDTjNXKAyt5oRF9jBt17rigvktSm,Alidia,Hembery,GASTROENTEROLOGY,DOC-VIE-91340,16,7736902147,91 Carberry Place,1884,EUR,http://dummyimage.com/149x100.png/5fa2dd/ffffff,2025-10-20 20:59:09
llockner97@dion.ne.jp,$2a$04$vPKZuX/RU4YkFkXRyHbgm.vEzm1ZrYtMVvw2QLKmDqHbw3pDOC4Be,Laurent,Lockner,GASTROENTEROLOGY,DOC-DCH-50836,14,5314710970,11 Carioca Park,788,CNY,http://dummyimage.com/170x100.png/5fa2dd/ffffff,2025-10-20 20:59:09
wcollihole98@wordpress.com,$2a$04$kdjLGSiMzOctiMnAn5xxPeoXX6/2zxc3SGPVftIhRBxdw1DX5WoFa,Waldemar,Collihole,PLASTIC_SURGERY,DOC-DBB-90738,19,6191576199,7 Brentwood Park,561,CZK,http://dummyimage.com/225x100.png/ff4444/ffffff,2025-10-20 20:59:09
fsalasar99@admin.ch,$2a$04$6bvpO0tLvbPdpuDYr0WIqOIvg9dMN1eVk1m0qMI3N8K./eoTcD89y,Filmer,Salasar,PATHOLOGY,DOC-ZDB-20047,25,1443236826,338 Carey Alley,1602,USD,http://dummyimage.com/224x100.png/ff4444/ffffff,2025-10-20 20:59:09
iingliss9a@simplemachines.org,$2a$04$0dCaW9o2g.tFKMhf8XM50uNE2.RF.Ecx6p0meIZpBBaMDrrsZ2bga,Issiah,Ingliss,INFECTIOUS_DISEASE,DOC-RHZ-05797,21,3989629803,788 Fordem Park,597,CNY,http://dummyimage.com/203x100.png/cc0000/ffffff,2025-10-20 20:59:09
gkillner9b@auda.org.au,$2a$04$dDJqyGlMbPs45Lyziyv56OaOvTzVI587QL2O90DF7hSNXaU/d98v.,Goddart,Killner,ANESTHESIOLOGY,DOC-JHC-91653,13,9689120755,32 Dapin Point,1304,RUB,http://dummyimage.com/153x100.png/ff4444/ffffff,2025-10-20 20:59:09
mwinspurr9c@msu.edu,$2a$04$4qsGsg3XpWEHoCU29coQPu1oW.ld28nWklXAFyDyTuaIOEVPZVpX2,Mandie,Winspurr,PULMONOLOGY,DOC-MUT-77770,5,5411843116,00 Macpherson Court,1433,CNY,http://dummyimage.com/189x100.png/cc0000/ffffff,2025-10-20 20:59:09
croos9d@ftc.gov,$2a$04$.FEO/YVFHuStcYLwZskgsOHH9jr1px0f8o/TKXyVSty2ebPtt5FMe,Clemente,Roos,ANESTHESIOLOGY,DOC-SYQ-67050,11,1106280488,5 Saint Paul Avenue,1087,KES,http://dummyimage.com/162x100.png/cc0000/ffffff,2025-10-20 20:59:09
lwhild9e@vkontakte.ru,$2a$04$BQEI0NZ2Obkl0bWCtGzFh.zQd1x86TuLPU92v/BBQ9p2BBgFu3SMW,Leilah,Whild,PATHOLOGY,DOC-BOR-05114,12,3093170120,82 Transport Point,1474,CAD,http://dummyimage.com/115x100.png/5fa2dd/ffffff,2025-10-20 20:59:09
bdahill9f@twitpic.com,$2a$04$Zxh4.etRzfDIOIcIcfsLQugLM78XEMeDB49TgRsPxX8JF1VcTA7ai,Benoit,Dahill,EMERGENCY_MEDICINE,DOC-ODK-22039,15,8118926779,3 Crownhardt Road,1688,CNY,http://dummyimage.com/151x100.png/5fa2dd/ffffff,2025-10-20 20:59:09
kbeadnell9g@newsvine.com,$2a$04$kpiqFAXRsRsJwjWWM6K0X.qrV.w7KowWI85I/z/DwpEDLOzLuYO7.,Kyrstin,Beadnell,ANESTHESIOLOGY,DOC-PVO-67496,16,5121579302,3 Mcguire Parkway,1755,CNY,http://dummyimage.com/182x100.png/dddddd/000000,2025-10-20 20:59:09
hsculpher9h@homestead.com,$2a$04$tEcAm6AHjoYE4dFlOGBQx.VY0QS1QB/L1Lr2dQbX59qlfX8f/mtES,Hunt,Sculpher,RADIOLOGY,DOC-HEW-66748,16,7268416171,92 Merrick Drive,912,RUB,http://dummyimage.com/113x100.png/dddddd/000000,2025-10-20 20:59:09
lyardy9i@statcounter.com,$2a$04$1JiM8kacPgxU9Tbwz8Qkiuu/M5hFau4QbsIAGxYox5KLZFGaL6ASa,Lilas,Yardy,IMMUNOLOGY,DOC-ZML-88088,3,2732950553,8895 Maple Trail,868,EUR,http://dummyimage.com/210x100.png/cc0000/ffffff,2025-10-20 20:59:09
jlonghorn9j@census.gov,$2a$04$eiylL9OTcPH.fM19n8gyCOBFB3SXhcct/BcIYDX0zPpLLpljnr.R6,Jobey,Longhorn,IMMUNOLOGY,DOC-UTA-83986,5,7828841395,5 Anniversary Road,547,CRC,http://dummyimage.com/163x100.png/cc0000/ffffff,2025-10-20 20:59:09
rleimster9k@shutterfly.com,$2a$04$AKXxQ/GH2x4j2iizZ14xs.K5kmlXgJWfzyZRanMV.RDyhpAGpOBqC,Rania,Leimster,SPORTS_MEDICINE,DOC-QUE-86205,7,3544715076,52727 Parkside Park,1372,EUR,http://dummyimage.com/206x100.png/cc0000/ffffff,2025-10-20 20:59:09
akitto9l@example.com,$2a$04$b6Kiw4mF9INxq1AgVZDlYudy2udvMbdJw/NVNhXfsbZQg2K/m2ic.,Andrus,Kitto,IMMUNOLOGY,DOC-GRW-71426,9,5338239552,63 Novick Point,1676,CZK,http://dummyimage.com/100x100.png/dddddd/000000,2025-10-20 20:59:09
pmottershead9m@statcounter.com,$2a$04$6zl.wqpKtBnfKjFJqIN0/eJhNf5nmh.h8PhLi2TiNLrdLCco24SCq,Pietra,Mottershead,DENTISTRY,DOC-KKI-74808,7,5925222814,629 Center Circle,1845,VND,http://dummyimage.com/150x100.png/5fa2dd/ffffff,2025-10-20 20:59:09
nyurocjkin9n@nature.com,$2a$04$jZh3vdvS62l5cxtRZMLW7Ou9k4MZEzHu0SrrK0bIwhS9/DYA6g/f.,Nelson,Yurocjkin,NEPHROLOGY,DOC-PVB-99492,23,2346544084,8 Vernon Trail,1291,IDR,http://dummyimage.com/164x100.png/5fa2dd/ffffff,2025-10-20 20:59:09
cbowry9o@tripod.com,$2a$04$I5zcZ4uNmyJUWwOApJSJ6ezPKS3VzfS7dekTUOK9xpMBJ3lNPqQIW,Clare,Bowry,GYNECOLOGY,DOC-DVA-11671,20,8139642820,99235 Ilene Pass,1428,PHP,http://dummyimage.com/102x100.png/cc0000/ffffff,2025-10-20 20:59:09
mtraill9p@joomla.org,$2a$04$Decfn4fpR0WNCFRWKwffVeQPO6seLSxXCrW3Xa86dVwppRDNvinYe,Maury,Traill,NEUROLOGY,DOC-HHU-64135,24,3629231332,1 Maple Wood Court,1437,PHP,http://dummyimage.com/145x100.png/5fa2dd/ffffff,2025-10-20 20:59:09
bcardenas9q@jugem.jp,$2a$04$Axb1M0gcRdMbjdWu7wlGoeDFhS04tRr1Q0Kvlsuk3iVFQajoexSWy,Betty,Cardenas,PSYCHIATRY,DOC-YFX-80255,1,5458409930,496 Schlimgen Way,1753,AED,http://dummyimage.com/174x100.png/dddddd/000000,2025-10-20 20:59:09
hsallans9r@google.nl,$2a$04$eeqAweUoKvBlrdmxv58nCOuQDnqcmdDnGkWGcrhM2tONywggka18C,Hatty,Sallans,PEDIATRICS,DOC-NAD-07049,7,2194147452,42658 Mandrake Pass,916,USD,http://dummyimage.com/229x100.png/ff4444/ffffff,2025-10-20 20:59:09
cstidson9s@dedecms.com,$2a$04$EPP9VwgDUQ2cl5lScf2tc.eyX/uq.Rz6s95YId20LIEGtrNnE68LK,Carlee,Stidson,INTERNAL_MEDICINE,DOC-DOZ-89272,1,2428517529,7 Nevada Trail,1985,EUR,http://dummyimage.com/241x100.png/cc0000/ffffff,2025-10-20 20:59:09
sgori9t@geocities.com,$2a$04$dEzbAxqBNFJca0LRvdtt/.xvLv2ZJq4qCRxVTRUKL20NbndNrYrT2,Serge,Gori,ANESTHESIOLOGY,DOC-JWH-01630,4,7918273651,580 Service Lane,1116,CZK,http://dummyimage.com/228x100.png/ff4444/ffffff,2025-10-20 20:59:09
gavery9u@ft.com,$2a$04$pE/rJmOy2SjlRn1PuXXAueoNCG2sprdofYYmtoDnb6AWnolgf9zGu,Gustaf,Avery,RHEUMATOLOGY,DOC-JOP-70503,8,6407243195,60788 Pawling Center,1639,JPY,http://dummyimage.com/164x100.png/dddddd/000000,2025-10-20 20:59:09
bphilippard9v@yelp.com,$2a$04$1fe9lfgIqFL3X.5.9O9.Ju4vs/9JafXdaHlZKajAdWUrIFAJKFWWO,Brena,Philippard,GASTROENTEROLOGY,DOC-VSQ-53323,6,4498204922,7 Manley Way,1269,UAH,http://dummyimage.com/100x100.png/ff4444/ffffff,2025-10-20 20:59:09
bbeceril9w@msn.com,$2a$04$lG4sLBlxgO1jW6qawvbQUe1OI6/hP.mBz.EQ1VnwIwl/oc6UYxeSi,Blaine,Beceril,DENTISTRY,DOC-IJS-13796,16,7043405713,1967 Glendale Trail,1382,PHP,http://dummyimage.com/159x100.png/cc0000/ffffff,2025-10-20 20:59:09
htobias9x@microsoft.com,$2a$04$4JAUhuj5XRazpfZMBvn26e6isyYnRZCnQkSFbWy9vrvdHsB09Wvxy,Harris,Tobias,ENT,DOC-NYZ-01717,6,6615542935,4 Bashford Place,809,CZK,http://dummyimage.com/146x100.png/dddddd/000000,2025-10-20 20:59:09
ehollingshead9y@irs.gov,$2a$04$muw6MTetcTQy1339tB.IiOvB8B3WchUz19FZUjtKbxwRqJf3WokBq,Elvira,Hollingshead,PSYCHIATRY,DOC-TKC-54094,14,2145985395,5 Goodland Drive,1750,USD,http://dummyimage.com/198x100.png/ff4444/ffffff,2025-10-20 20:59:09
ihumberstone9z@altervista.org,$2a$04$7M6BFFKLoO86fbbsx3LinuGIjbaWGAoFTtMPR2QgpDRbTKGa3EE1O,Idalia,Humberstone,PATHOLOGY,DOC-WUS-32604,6,3155987649,0 Transport Crossing,1634,CVE,http://dummyimage.com/103x100.png/dddddd/000000,2025-10-20 20:59:09
tfraniaka0@histats.com,$2a$04$1S30XsKQhEVBJxbChYEhQehhbNNw43tZiPAFdUf9WXeDmjO7rX63q,Tibold,Franiak,DENTISTRY,DOC-FCF-78236,3,1421669853,6 Doe Crossing Crossing,1746,SEK,http://dummyimage.com/208x100.png/ff4444/ffffff,2025-10-20 20:59:09
tameya1@theguardian.com,$2a$04$A6iiwpLbEzvH9fESGhusO.9yysD0BE27BBhwvFtXQMO0b5BkoMECC,Tania,Amey,INFECTIOUS_DISEASE,DOC-PRT-98990,24,9685047180,094 Northport Street,1750,RUB,http://dummyimage.com/206x100.png/5fa2dd/ffffff,2025-10-20 20:59:09
emollona2@themeforest.net,$2a$04$Esom4Bf3JppDXm.DQBi8PeacnUVKlaWVrS2JurBMKP8UUgzxzu09O,Edee,Mollon,DERMATOLOGY,DOC-JWD-44344,21,5336552137,1 Kipling Hill,1664,CLP,http://dummyimage.com/209x100.png/dddddd/000000,2025-10-20 20:59:09
ctalloea3@nbcnews.com,$2a$04$jfqxyFN9Ssr9p2nDVEwMr.1BNRlyOtAkBHpjYOLRoGlozUK2rnriy,Carlin,Talloe,GYNECOLOGY,DOC-WVM-43022,2,3781484152,0 Mosinee Park,1183,RUB,http://dummyimage.com/159x100.png/dddddd/000000,2025-10-20 20:59:10
nstrangea4@auda.org.au,$2a$04$XD0XFmJZXC1k69Qe2.JHm.iLW2K0ge6khqppSs3XU/kYjhRM/vjwG,Nanette,Strange,IMMUNOLOGY,DOC-HXK-57335,5,4228317680,5 Lawn Drive,1391,PHP,http://dummyimage.com/219x100.png/ff4444/ffffff,2025-10-20 20:59:10
gtwelvea5@rambler.ru,$2a$04$g7fuemCqwrTqu2lUgSbA6ezHg/s3yqfmYtnpWQq3CN8jfuVTnWdsa,Garnet,Twelve,PULMONOLOGY,DOC-KYK-81338,17,2732560927,365 Stang Junction,1945,SYP,http://dummyimage.com/120x100.png/dddddd/000000,2025-10-20 20:59:10
fheardmana6@umn.edu,$2a$04$j7ZjLIzQkrwQi1rDJICLUOLHhZKNGHJllZUNeVVufe0fWrOjUB1zm,Faber,Heardman,NEUROLOGY,DOC-BPO-66547,24,8983444507,31 Bonner Center,1341,CNY,http://dummyimage.com/222x100.png/dddddd/000000,2025-10-20 20:59:10
okettlestinga7@cbslocal.com,$2a$04$koe7lBOcr2Zq8bAluOJ/seBGzoFAgedTijY4s23oOWlzHXgp2vPke,Osmond,Kettlesting,PLASTIC_SURGERY,DOC-DAO-20177,18,4712252306,0732 Florence Trail,1689,PEN,http://dummyimage.com/152x100.png/5fa2dd/ffffff,2025-10-20 20:59:10
ihullanda8@free.fr,$2a$04$M5mt3KgHCGGKaZ8ri1mvXuZ.kMGgPptYocsOca6hCtaZvMwJLS3be,Issy,Hulland,RADIOLOGY,DOC-NRQ-92050,9,3706521100,15096 Anthes Alley,1028,CNY,http://dummyimage.com/221x100.png/dddddd/000000,2025-10-20 20:59:10
mgarrettsa9@godaddy.com,$2a$04$McdyS28KTYF31jc0DT2nKuGsUlpCK8tQ5Oj.7zhoB80F.i1/7Su/a,Mord,Garretts,PEDIATRICS,DOC-ATB-53449,3,8937789307,584 Springs Court,1980,PEN,http://dummyimage.com/167x100.png/dddddd/000000,2025-10-20 20:59:10
lcammoileaa@squidoo.com,$2a$04$veK4csClkGNueaFWcVBKM.1TMcWmsotcpZ2hjgysZpYD4w0PPdqRm,Lynnette,Cammoile,ANESTHESIOLOGY,DOC-RFU-10916,17,9105049423,489 Rusk Point,587,PLN,http://dummyimage.com/151x100.png/dddddd/000000,2025-10-20 20:59:10
ktrevorab@google.co.jp,$2a$04$eyFKeRQ7izVpuZYtJECCxOZ3.lSMS7vAJoCzl08qOimEwmLYUzKF6,Kienan,Trevor,HEMATOLOGY,DOC-VGW-35764,9,2436366916,71665 Jenna Street,597,EUR,http://dummyimage.com/188x100.png/ff4444/ffffff,2025-10-20 20:59:10
chearndenac@cdc.gov,$2a$04$kAbD7Gvj32h0dogSKt65AOlM8.wLpEbthSH6HKEksexNitiOtPOQS,Catrina,Hearnden,SPORTS_MEDICINE,DOC-DDP-80845,19,2269554798,4 Eagan Hill,795,CNY,http://dummyimage.com/225x100.png/dddddd/000000,2025-10-20 20:59:10
rchittiead@netvibes.com,$2a$04$V41ncs8ctbHg2l79XFKyK.7f5KJ6FR87flkOf/pnNJNoDLS66jrMa,Ronica,Chittie,INTERNAL_MEDICINE,DOC-TPA-68334,3,4829443033,14 Hansons Parkway,1872,NGN,http://dummyimage.com/233x100.png/dddddd/000000,2025-10-20 20:59:10
mboeckae@wunderground.com,$2a$04$CdtDwwA9nWix5jEGdLD6ZukrNcNRGrcunVN1wSQUxWEacIv8ylYlK,Mahalia,Boeck,NEPHROLOGY,DOC-YEL-41352,6,8369611585,5097 Crest Line Circle,1543,EUR,http://dummyimage.com/227x100.png/dddddd/000000,2025-10-20 20:59:10
tblaesaf@wsj.com,$2a$04$saJ4EPjvP8R5GALrIrAT0umwppAFFZX8xVa34.WYCUHFPhz56hLxu,Torey,Blaes,INFECTIOUS_DISEASE,DOC-CHF-83354,10,9014423697,90 Maple Wood Pass,785,MGA,http://dummyimage.com/153x100.png/ff4444/ffffff,2025-10-20 20:59:10
mradouxag@typepad.com,$2a$04$HYTLKZ8PdEa9fomcNzmzreqs1wMLblFyzCUedX4nKQ0K9Krj.KTla,Modestine,Radoux,FAMILY_MEDICINE,DOC-ETY-31234,15,3388427300,63 Pond Point,1834,IDR,http://dummyimage.com/181x100.png/ff4444/ffffff,2025-10-20 20:59:10
lfugeah@cnn.com,$2a$04$iMmLw9q1ysOJLHj9TSUnSe2VBVKiY0wXLUnkF5UvgFsQsIWHvl6Na,Loni,Fuge,RADIOLOGY,DOC-VJE-52666,24,8135108962,1872 Jenifer Center,1755,CNY,http://dummyimage.com/211x100.png/cc0000/ffffff,2025-10-20 20:59:10
ifeighneyai@xing.com,$2a$04$eZCSe7oOlIiEO/f.ffUjPeZtGDmSvRw2BXn/yyyGD9xq5VcjhOl2i,Irma,Feighney,EMERGENCY_MEDICINE,DOC-SJZ-02091,22,4093430663,62624 Meadow Ridge Parkway,1167,IDR,http://dummyimage.com/214x100.png/5fa2dd/ffffff,2025-10-20 20:59:10
dmacfadinaj@nsw.gov.au,$2a$04$nvJTsYnBgJdvJloM4.mRPu3Oj3ZkgYJ.knvIw8Hx1G.fLVp2XOzUe,Dorie,MacFadin,PLASTIC_SURGERY,DOC-LKN-14311,7,2832969731,32 Almo Trail,874,SEK,http://dummyimage.com/128x100.png/ff4444/ffffff,2025-10-20 20:59:10
cflacknellak@dropbox.com,$2a$04$oiMye.G8I11lirAt/kpJduCGqqZnkvhjfr0F3d63iu/aFSQCIfKTa,Cornell,Flacknell,PSYCHIATRY,DOC-OJL-04343,12,5547259992,7989 Arrowood Park,1521,IDR,http://dummyimage.com/169x100.png/cc0000/ffffff,2025-10-20 20:59:10
kcasellasal@elpais.com,$2a$04$sr3W5o6Yf5kOGi1JLh6uFu45d/K5PbtZuFzrBj7YZ7Mx7Pwlx31TO,Kerianne,Casellas,OPHTHALMOLOGY,DOC-YGW-43058,8,3794361477,8 Arkansas Street,1221,PHP,http://dummyimage.com/227x100.png/cc0000/ffffff,2025-10-20 20:59:10
mmashalam@buzzfeed.com,$2a$04$3.aa9a3ZYEzjmv0X81baweY.J4RxU7DXAw7JO3RJUMHwqPpyO7h0W,Maribeth,Mashal,GASTROENTEROLOGY,DOC-LUN-51194,19,3461668404,9 Hoard Street,1867,CNY,http://dummyimage.com/131x100.png/5fa2dd/ffffff,2025-10-20 20:59:10
pgilchrestan@bloglovin.com,$2a$04$PgzusQARlvdz2JNpmdLyF.6dsAkoNkRgFpLMot7VjvQykrBcGjPR2,Pall,Gilchrest,PULMONOLOGY,DOC-UNI-95520,1,2339357310,06443 Merchant Hill,710,RUB,http://dummyimage.com/205x100.png/ff4444/ffffff,2025-10-20 20:59:10
hpashanao@answers.com,$2a$04$8coKvGmpzhfx3ZPghOJQ4.Luv08yLR7YA5HCcZXYvzgeNWCcPCDGa,Harman,Pashan,DENTISTRY,DOC-OXA-02165,19,1721220822,68 Grim Hill,579,EUR,http://dummyimage.com/197x100.png/5fa2dd/ffffff,2025-10-20 20:59:10
vwellsap@goo.ne.jp,$2a$04$nfrUBjrhYDnQpqEpVoT8V.lELoUdx0DiDcOqXDU/1cwsqeazCnrvW,Virginie,Wells,IMMUNOLOGY,DOC-XEO-75105,2,4404521142,35 Continental Point,605,VND,http://dummyimage.com/202x100.png/ff4444/ffffff,2025-10-20 20:59:10
aakettaq@devhub.com,$2a$04$je9rZSXk.LYrHPuEelxJWO6OTsQJ0vRV4wtJaEoJv8mgDRk2TyJl.,Andy,Akett,IMMUNOLOGY,DOC-AHB-43577,20,6256458691,5 Hooker Circle,1900,SLL,http://dummyimage.com/206x100.png/dddddd/000000,2025-10-20 20:59:10
aphillpar@clickbank.net,$2a$04$m8iuwZfOxOdXu9MGnjfpS.z1Q4Jvz/7ZS39of5VZYbkxBYnJ7kthu,Alvin,Phillp,SPORTS_MEDICINE,DOC-RJD-03035,20,1058678732,647 Orin Pass,1936,PGK,http://dummyimage.com/184x100.png/5fa2dd/ffffff,2025-10-20 20:59:10
csalmondas@sakura.ne.jp,$2a$04$BYh0P/neHElmu.AcxEK6Nexe6vRCZ66Qd9N2wC9NUbVymWvJERB9u,Chevalier,Salmond,FAMILY_MEDICINE,DOC-GVY-31832,7,8106514244,98 Brown Place,1991,RUB,http://dummyimage.com/166x100.png/5fa2dd/ffffff,2025-10-20 20:59:10
fdownat@eventbrite.com,$2a$04$5vWbIvY7pVCpF0pyJsvsdOjED62db2TPYOxXhihiXELQUzf2ou.D6,Fairlie,Down,PATHOLOGY,DOC-WYQ-34428,13,4226748204,3 Westport Crossing,903,PLN,http://dummyimage.com/112x100.png/dddddd/000000,2025-10-20 20:59:10
rhuggillau@usda.gov,$2a$04$0.ERMyCFXnt3A.x2gp2vteuMeud1dI8l08XpkUrqfI1x/ucSo/fAW,Ros,Huggill,CARDIOLOGY,DOC-DQQ-46011,12,8708249983,089 Bay Park,922,CNY,http://dummyimage.com/235x100.png/5fa2dd/ffffff,2025-10-20 20:59:10
aderislyav@ebay.com,$2a$04$fiQJbgcCZCODRYhVNUiiN.fDdhIyK7vdu1zeCoMHCxKCJr6ynvWoy,Adelice,Derisly,ENDOCRINOLOGY,DOC-OLE-26544,20,4469282779,34 Manitowish Drive,1692,PKR,http://dummyimage.com/158x100.png/5fa2dd/ffffff,2025-10-20 20:59:10
nvassallaw@craigslist.org,$2a$04$56SiOLN8G71bd0kUR5SaxeYptCnyQQF3cAT7/c5H5OqNfpU8sv/Gi,Niko,Vassall,PEDIATRICS,DOC-KWC-73438,1,4148683503,903 Mandrake Park,1832,EUR,http://dummyimage.com/143x100.png/cc0000/ffffff,2025-10-20 20:59:10
esucreax@hc360.com,$2a$04$lUCuvjdtEEextrSDu8NHWO/sFmV7Zcy9haOfUc3vhsIIXjqsR0dsW,Ermanno,Sucre,NEUROLOGY,DOC-BFF-10386,16,1718712038,6 Pine View Hill,1058,BRL,http://dummyimage.com/150x100.png/dddddd/000000,2025-10-20 20:59:10
vhamshaway@buzzfeed.com,$2a$04$JZrLMiB/cfeA1oA6sYOa9uTEwFQabHz5Mg5F3rQ.VS9VkMfFzQ8ee,Vincenty,Hamshaw,UROLOGY,DOC-EOH-14091,7,5111646954,7665 Lawn Way,733,BRL,http://dummyimage.com/165x100.png/ff4444/ffffff,2025-10-20 20:59:10
bshwalbeaz@wikia.com,$2a$04$9E1xylAWK7SDqsgMPim9KOwGM9O7MLjXB8xiTERTnT31aUErgIepW,Brewster,Shwalbe,OPHTHALMOLOGY,DOC-KAC-05485,13,7061375023,23516 Becker Way,1273,NGN,http://dummyimage.com/117x100.png/5fa2dd/ffffff,2025-10-20 20:59:10
sfoggob0@pcworld.com,$2a$04$CTJxst/3ZAYtFERfQXC9De79pCopoLAI5VGX4RVBya32YsydoOyqe,Sheena,Foggo,NEUROLOGY,DOC-BBM-89227,4,8227146684,474 Reinke Parkway,922,CNY,http://dummyimage.com/121x100.png/dddddd/000000,2025-10-20 20:59:10
wyuleb1@squarespace.com,$2a$04$WDjm7/n/aJPK2Igz/as4ZOOFi2KpujKf17mU9nEFv9/js6J7ue0di,Walther,Yule,NEPHROLOGY,DOC-SYO-12284,1,5302901239,7770 Vermont Terrace,1535,CNY,http://dummyimage.com/172x100.png/ff4444/ffffff,2025-10-20 20:59:10
mhapgoodb2@ning.com,$2a$04$R0xsV9tgXHyu602TwQFzZugIASt9.BkxnQb4rvubd9EsdCWcqK1mu,Merry,Hapgood,ONCOLOGY,DOC-PKH-20551,10,8927614744,07726 Eastwood Plaza,1452,PHP,http://dummyimage.com/210x100.png/cc0000/ffffff,2025-10-20 20:59:10
jcarnieb3@hhs.gov,$2a$04$dawi/ZPB2q1aTH.7NOpe6OXs/WxbvxvAjmE7flbk5rhVtbuajsaUS,Jenine,Carnie,PSYCHIATRY,DOC-IRN-17859,21,1559293700,211 Golf Street,1402,CNY,http://dummyimage.com/107x100.png/ff4444/ffffff,2025-10-20 20:59:10
aalchinb4@miibeian.gov.cn,$2a$04$EFAdwtWnbL0SFxBAgqJLI.eLEVTUtazw/9DS281jQWzudaxnCujE2,Annecorinne,Alchin,ANESTHESIOLOGY,DOC-RJG-50591,5,9504324352,24 Weeping Birch Point,631,CNY,http://dummyimage.com/163x100.png/ff4444/ffffff,2025-10-20 20:59:10
kedlingtonb5@mail.ru,$2a$04$NZsBVzmcMlTIJ7e0ton/Z.1ARxOPOpbqKoQtLEPB5VHV2XU5krcX2,Kerrin,Edlington,DERMATOLOGY,DOC-ZCJ-23204,8,4528734970,19 Fordem Parkway,696,CNY,http://dummyimage.com/157x100.png/5fa2dd/ffffff,2025-10-20 20:59:10
zsampeyb6@google.com,$2a$04$n2RWcdMq959Ji9AOIuSd8.Pjb/Dn.urMjePteFfWZWwCiebQNBJ/2,Zola,Sampey,PSYCHIATRY,DOC-GOH-96475,3,5672498128,4 Gateway Circle,1968,PEN,http://dummyimage.com/151x100.png/5fa2dd/ffffff,2025-10-20 20:59:10
naceb7@facebook.com,$2a$04$viooznTbbBgztOibqV6BKebl1bo1lTJYRetERGxUpCPUVwc7AOGsq,Nonnah,Ace,FAMILY_MEDICINE,DOC-RTQ-75902,7,4996436439,98 Schmedeman Parkway,1130,EUR,http://dummyimage.com/149x100.png/ff4444/ffffff,2025-10-20 20:59:10
fjanasb8@sogou.com,$2a$04$2GRSen4jtrCOoxstdNwtZ.n0nA1.xFwpC/b9bU7Qw63B2TUAt7WZy,Frank,Janas,INFECTIOUS_DISEASE,DOC-WTF-45970,13,3467330143,9510 Forest Run Way,760,IDR,http://dummyimage.com/210x100.png/5fa2dd/ffffff,2025-10-20 20:59:10
lsclaterb9@elegantthemes.com,$2a$04$TsI5JSX2g.pu7PEs4S.keev4/vttaphIR7/W.cz.wiva8gJeW9cYC,Larine,Sclater,PULMONOLOGY,DOC-OZU-74285,9,8051887927,09 Blackbird Place,1506,RSD,http://dummyimage.com/226x100.png/ff4444/ffffff,2025-10-20 20:59:10
whendriksenba@dyndns.org,$2a$04$fv5fTrh4FJ9hHzy1rh9oEu4zlKeIUiyO6oUPNLzJ8XOuWRPBSNhG.,Wittie,Hendriksen,PSYCHIATRY,DOC-RVA-35467,7,8169935331,8066 Ryan Junction,820,SEK,http://dummyimage.com/170x100.png/dddddd/000000,2025-10-20 20:59:10
pfentybb@patch.com,$2a$04$KnGjugrU/O/V.YRWqpxA/.1MDa89koFwvyjJLEyrd0kEImzgIaW3K,Pyotr,Fenty,CARDIOLOGY,DOC-ZVV-79014,8,2939956685,28688 Corben Lane,825,EUR,http://dummyimage.com/174x100.png/cc0000/ffffff,2025-10-20 20:59:10
mchillesbc@unblog.fr,$2a$04$ZnAId/s9y55UD2NHr09lWuMDMAbFeJqyz1t4fDp/fwcPH5Z8qyMGW,Maryl,Chilles,ORTHOPEDICS,DOC-TUX-83265,7,7658267377,361 Miller Trail,1811,IDR,http://dummyimage.com/143x100.png/ff4444/ffffff,2025-10-20 20:59:10
nhatherleybd@sbwire.com,$2a$04$x7/KwRgfCoqULbtXdpkRDulIeHNXci/vgfpeeiniFyLpZ0rdBEpAC,Norton,Hatherley,ANESTHESIOLOGY,DOC-LSY-95361,3,6998841054,7209 Hollow Ridge Drive,1330,CNY,http://dummyimage.com/104x100.png/cc0000/ffffff,2025-10-20 20:59:10
ahanscomebe@stanford.edu,$2a$04$IQ425alNxXSI1oa5wkbspuiHmOHX4PnY6oQmiJMEc6oc.RFBHUl/6,Andeee,Hanscome,EMERGENCY_MEDICINE,DOC-EHG-32252,25,4822940891,606 Arkansas Pass,607,PLN,http://dummyimage.com/145x100.png/cc0000/ffffff,2025-10-20 20:59:10
daronoffbf@dailymail.co.uk,$2a$04$Q9JxFmKy.mZftv4sJYdk1uxOyQy1Q9OlnsNGHlUx1qU8W.GbDebxy,Desmund,Aronoff,RHEUMATOLOGY,DOC-ZNU-23419,14,1139943283,9 Dakota Court,1487,BGN,http://dummyimage.com/159x100.png/dddddd/000000,2025-10-20 20:59:10
jdowntonbg@sourceforge.net,$2a$04$FtVwmLQv8HuuRVrp5h.OCOhs4fDWLSvST9dXZO4oV2CZSZnYz3ejW,Joela,Downton,ENDOCRINOLOGY,DOC-PDW-51331,16,7751568562,13 Bayside Road,511,CNY,http://dummyimage.com/167x100.png/dddddd/000000,2025-10-20 20:59:10
jconklinbh@a8.net,$2a$04$p7zjf31cFNJ3trgcjb7Z0eVJm075lRwqBzFJuWLH9vQyZtJJtSYdu,Jeddy,Conklin,GYNECOLOGY,DOC-TIH-07744,16,5286412202,526 Prairie Rose Plaza,1150,CNY,http://dummyimage.com/134x100.png/dddddd/000000,2025-10-20 20:59:10
ayakuninbi@godaddy.com,$2a$04$3jjIw6c9CXrsyZ/S2UoIz.iMQ/ChZ7X3u.1QyEuXIApNJT0lpGQvO,Alex,Yakunin,GYNECOLOGY,DOC-ZGD-47939,3,4952275470,1 Susan Circle,1396,IDR,http://dummyimage.com/229x100.png/5fa2dd/ffffff,2025-10-20 20:59:10
mmurfillbj@mediafire.com,$2a$04$VuiQ1jTM1q6Y1p2sxRkJoOvoZpGaC7yKBJgv9HDb0oj2Ye4Hd9uWi,Madelaine,Murfill,GYNECOLOGY,DOC-HMN-01356,7,4245243431,3 Cordelia Junction,1902,CNY,http://dummyimage.com/106x100.png/cc0000/ffffff,2025-10-20 20:59:10
mmaccomiskeybk@cdc.gov,$2a$04$mGT1cg.m2Q5dzG.CZ85feOTTtBPRzhxQkQShrP7arjn5S1iNkJcCm,Maribeth,MacComiskey,RADIOLOGY,DOC-ZLR-79595,19,8397082589,311 Crescent Oaks Point,1647,CNY,http://dummyimage.com/124x100.png/cc0000/ffffff,2025-10-20 20:59:10
dolkowiczbl@youtu.be,$2a$04$P/Pqt.es/8FbqbcEwqPIdOYtS5/POuXL26YulDBlvIpEE3OoF/uXm,Dael,Olkowicz,DENTISTRY,DOC-BSP-64244,3,3282140809,609 Surrey Parkway,1719,AFN,http://dummyimage.com/191x100.png/cc0000/ffffff,2025-10-20 20:59:10
hmothersolebm@earthlink.net,$2a$04$ylUA.nlzxPhq6arPP17O3.IUs7kxv152hId0wG9kUCCcpMMnZ/fiW,Heywood,Mothersole,DERMATOLOGY,DOC-BSD-20741,14,4084687796,4 Cardinal Drive,1088,USD,http://dummyimage.com/223x100.png/5fa2dd/ffffff,2025-10-20 20:59:10
edonkebn@lulu.com,$2a$04$2.jSwxjsqr73flLjS/h9eudqBol.vdg5dlLtu29So9u2AqTbxrvkC,Elliot,Donke,PEDIATRICS,DOC-DXW-22669,6,7859348149,4152 Huxley Plaza,1008,BRL,http://dummyimage.com/164x100.png/ff4444/ffffff,2025-10-20 20:59:10
jgoodersonbo@fda.gov,$2a$04$Xc/oLiGPFqyCvprh2WfXMejNtuHZQPke4tKptiWqI5iL2ya0efUHa,Jermaine,Gooderson,HEMATOLOGY,DOC-EXK-45087,17,7618529811,3 Pankratz Lane,623,JPY,http://dummyimage.com/234x100.png/cc0000/ffffff,2025-10-20 20:59:10
ttadgellbp@usa.gov,$2a$04$xjBS6ow.EtiQoioLHsRUBOW/zyZZ1hwJEX4Gf478yZWp3AsjBN2qC,Tamarra,Tadgell,INTERNAL_MEDICINE,DOC-TPB-49136,7,5859875143,984 Pierstorff Plaza,761,PHP,http://dummyimage.com/234x100.png/ff4444/ffffff,2025-10-20 20:59:10
wattwillbq@java.com,$2a$04$imwww7qpeRNsTQogegf13OrUjUtf/FOv6qc0n8zVASD2or8vO..KK,Wilma,Attwill,ANESTHESIOLOGY,DOC-WWU-04829,8,7028537779,23531 Myrtle Lane,1987,USD,http://dummyimage.com/219x100.png/5fa2dd/ffffff,2025-10-20 20:59:10
lswaffieldbr@histats.com,$2a$04$3GOIxwAQgFWPF24.9C8x9eU1onWB7.gcH5e0P6ODMos6qIlhhT2QG,Lacy,Swaffield,RADIOLOGY,DOC-YST-48951,7,8076682002,92 Annamark Crossing,1995,VEF,http://dummyimage.com/228x100.png/ff4444/ffffff,2025-10-20 20:59:10
mgrahlmansbs@rakuten.co.jp,$2a$04$LcxcfCS2MioWR48jCpzRR.6LXDIw6RB9MZ6wOEeT2mr9YnTdxzbHq,Marylinda,Grahlmans,GENERAL_SURGERY,DOC-TMD-51073,15,4116086918,8 John Wall Pass,1849,PHP,http://dummyimage.com/132x100.png/dddddd/000000,2025-10-20 20:59:10
lshinglerbt@chron.com,$2a$04$wPrTLHGLcLgGdM/MvayaAuAMw9Bd84XiI9gkE5Fhp5Uuv.loyRjs6,Leta,Shingler,GASTROENTEROLOGY,DOC-UQX-28804,4,3562538030,06735 American Ash Pass,1584,PHP,http://dummyimage.com/146x100.png/dddddd/000000,2025-10-20 20:59:10
lhuxtablebu@opera.com,$2a$04$f6K3eqvNii2AW/sPh4SJS.tULsGubiB0XjEdk6JPCGdo6fpY6cLgG,Lorinda,Huxtable,SPORTS_MEDICINE,DOC-MQK-45951,7,1024708900,26 Fair Oaks Lane,1509,CNY,http://dummyimage.com/220x100.png/5fa2dd/ffffff,2025-10-20 20:59:10
cphilpotbv@surveymonkey.com,$2a$04$CYq039lmZJRfq33D0ZyXJOoBf7hN5VFibY42F/PtUb8F0wzmOfBSG,Consolata,Philpot,INTERNAL_MEDICINE,DOC-ZZR-01110,17,3237072800,9 Larry Park,806,RUB,http://dummyimage.com/137x100.png/dddddd/000000,2025-10-20 20:59:10
pcalwellbw@bloglovin.com,$2a$04$hpXnF7uQLQEtDIhbFI6waO8xhIYOD08YprWhV0QMm.H9ZUNO/igHS,Prentiss,Calwell,DENTISTRY,DOC-YKT-23145,7,4467035230,7675 Linden Point,1906,CNY,http://dummyimage.com/185x100.png/5fa2dd/ffffff,2025-10-20 20:59:10
opiechabx@scientificamerican.com,$2a$04$Ir7dGFW6FcBCrxb3w/y4nO0p2Il8zvodRkU0TJCJQJeNim51E303S,Ofilia,Piecha,IMMUNOLOGY,DOC-JLH-73794,11,5675415630,3 Emmet Alley,1819,CNY,http://dummyimage.com/192x100.png/dddddd/000000,2025-10-20 20:59:10
cpalluschekby@harvard.edu,$2a$04$6aErUTxo12ziaITo3PMeJOOjmQHk1EaDqreLf/meATM4FkjOY/wLa,Conrad,Palluschek,CARDIOLOGY,DOC-EYY-32948,21,9324569751,6 Vahlen Street,864,TZS,http://dummyimage.com/237x100.png/cc0000/ffffff,2025-10-20 20:59:10
gedginbz@theatlantic.com,$2a$04$3/Vj96pF8ZL7KA00hXMoZuCl2HjGSdM/MRBmXcOkG4V.minbJCjg.,Gwendolin,Edgin,UROLOGY,DOC-EAC-41807,6,6403601212,11145 Stone Corner Alley,1235,CNY,http://dummyimage.com/213x100.png/ff4444/ffffff,2025-10-20 20:59:10
guptonc0@wordpress.com,$2a$04$hcLc08rFhZKc2mhXVoIGwOzNNSYDHQmtshBVpGKnn./.Ft/wK4Mjm,Giovanni,Upton,PATHOLOGY,DOC-AKR-70462,22,4292003765,6 Carberry Pass,975,CDF,http://dummyimage.com/212x100.png/5fa2dd/ffffff,2025-10-20 20:59:10
cvassallc1@fda.gov,$2a$04$dssyORO1Fz.yXduosWo/GO8uu9nrsVCqqhi2EbPWXpSSGlW0.Oi3S,Channa,Vassall,PATHOLOGY,DOC-MDG-96781,20,3597046789,4087 Vernon Lane,1409,PKR,http://dummyimage.com/178x100.png/5fa2dd/ffffff,2025-10-20 20:59:10
hshawellc2@berkeley.edu,$2a$04$UltDE3iVAOOLo9zImzn9seRMzoUPxrClG38mNjwz.ne9qX4UI0qIS,Holly-anne,Shawell,ONCOLOGY,DOC-EUQ-33582,18,6077808764,6 Wayridge Parkway,1523,PHP,http://dummyimage.com/184x100.png/cc0000/ffffff,2025-10-20 20:59:10
clonginac3@hp.com,$2a$04$pYkuDSClRwCCKKlRwVM3Eu1bkTjscvjtjlz.0nlLK7qRcIkb0DzVi,Cam,Longina,PATHOLOGY,DOC-JJF-60631,25,2053365189,6 Springview Parkway,965,ILS,http://dummyimage.com/108x100.png/ff4444/ffffff,2025-10-20 20:59:10
jomarac4@sfgate.com,$2a$04$G2Ci.WvJrtojKAFSZcBbCuyFX8GrmqPvUbqWmb7P725FZo1Md/8ea,Jae,O'Mara,ENDOCRINOLOGY,DOC-ALU-26037,14,5828185648,16 Troy Pass,1944,PLN,http://dummyimage.com/218x100.png/cc0000/ffffff,2025-10-20 20:59:10
fchiddyc5@unblog.fr,$2a$04$MG6VEimmNS.2c5gHu8UyfOvPE81qeVE.Y0kf0MRFYkKRDFptOj6NK,Felicdad,Chiddy,RHEUMATOLOGY,DOC-FJG-55393,11,5141882114,84 Mariners Cove Pass,879,EUR,http://dummyimage.com/236x100.png/ff4444/ffffff,2025-10-20 20:59:10
colenovc6@nymag.com,$2a$04$VhnxozZvSUBo4mbJIiIJ/O0fq39jG/zbHvZEsheRjrcuCQzDWDBX6,Coretta,Olenov,SPORTS_MEDICINE,DOC-TNJ-70147,19,7071500703,1 Sherman Drive,1096,CNY,http://dummyimage.com/223x100.png/dddddd/000000,2025-10-20 20:59:10
galabastarc7@amazon.de,$2a$04$ZYqJILJDtrlNDhY5oTr9U.NR6BWgUiQ.huQda1Psq4IfBhf3hMZNK,Goldi,Alabastar,GYNECOLOGY,DOC-WSP-41460,20,7198499618,4 Parkside Center,1095,CNY,http://dummyimage.com/174x100.png/dddddd/000000,2025-10-20 20:59:10
rrowesbyc8@kickstarter.com,$2a$04$jZU7K1BihHNndUUj84WYE.zS6bBCjDFXTPrsZ71qACnQxIH43ZChG,Riccardo,Rowesby,ENT,DOC-JQS-16134,8,9001352710,28141 Elgar Crossing,1932,JPY,http://dummyimage.com/108x100.png/dddddd/000000,2025-10-20 20:59:10
jocarmodyc9@sun.com,$2a$04$PMzSlIBFMpXlaXtDhW98BOLx0VDKvIQRwdLMUHYwmxSxMHNSxCoky,Juline,O'Carmody,DERMATOLOGY,DOC-YPI-72557,22,1479200494,4 Russell Avenue,1499,GTQ,http://dummyimage.com/247x100.png/dddddd/000000,2025-10-20 20:59:10
kmcdonellca@google.it,$2a$04$oenA0JUNTPj.6nUhiMAkmO4CJxuqL2F4Jk/CYRaQv3cM4e/RZhztu,Kettie,McDonell,OPHTHALMOLOGY,DOC-UGH-56843,2,9257711554,25532 Homewood Crossing,1189,BND,http://dummyimage.com/182x100.png/cc0000/ffffff,2025-10-20 20:59:10
mpetersoncb@scientificamerican.com,$2a$04$qxrKY3.LlBCGQJ.lzfW/wukOzvAabIjNde4CN1bZ/H45UA9mkACmm,Marleen,Peterson,DERMATOLOGY,DOC-ZRY-01056,18,8717078301,38157 Loftsgordon Place,614,SEK,http://dummyimage.com/174x100.png/dddddd/000000,2025-10-20 20:59:10
zparadincc@topsy.com,$2a$04$0Vu4/5b99B7fNZZK6455vO.c/OOQSZ6BV/usoKG0DwE3paCvef0i2,Zenia,Paradin,PLASTIC_SURGERY,DOC-GTU-88363,12,4333598656,06630 Lillian Point,1537,SEK,http://dummyimage.com/214x100.png/dddddd/000000,2025-10-20 20:59:10
mbrazeltoncd@howstuffworks.com,$2a$04$yHNImaRgPtXywFL9ieyl/eRJwQwc07IxPB1kJu4ER46/ZfMBMbYja,Monah,Brazelton,SPORTS_MEDICINE,DOC-USS-12834,9,4375582645,3 Superior Road,544,PLN,http://dummyimage.com/205x100.png/cc0000/ffffff,2025-10-20 20:59:10
dardronce@wunderground.com,$2a$04$v1gw0/5Xxo12EkYhkmrE5eNXlfzda29IODsBKClGZMbqwtGf91O1e,Deirdre,Ardron,EMERGENCY_MEDICINE,DOC-NCD-95295,6,1364629806,310 Jana Crossing,574,CNY,http://dummyimage.com/147x100.png/ff4444/ffffff,2025-10-20 20:59:10
lgermainecf@storify.com,$2a$04$VDO2q9ljAlkdANO.8FYT2.jGR8Sl92M8qYoCRjlEjz2ZeuSPiBp1G,Lorilyn,Germaine,DENTISTRY,DOC-DBO-88897,19,1324763963,870 Glacier Hill Hill,1578,EUR,http://dummyimage.com/216x100.png/cc0000/ffffff,2025-10-20 20:59:10
jrawlencecg@livejournal.com,$2a$04$VAr3ZLdb1hBq0TvnkipB8eki1j86BLjFPfCqyQqGZilu4Gcb8KPhG,Jacklin,Rawlence,ENDOCRINOLOGY,DOC-ABU-85545,16,9566994103,7 Sauthoff Place,1515,NGN,http://dummyimage.com/220x100.png/5fa2dd/ffffff,2025-10-20 20:59:10
anotherch@google.com.hk,$2a$04$NW6Ei.5FnrISvjHNb4Bw2.NKaxGxJngwvia5Lm3cWYDj/qdsdMzWC,Araldo,Nother,HEMATOLOGY,DOC-AOJ-52719,25,6048045027,795 Truax Hill,957,EUR,http://dummyimage.com/127x100.png/ff4444/ffffff,2025-10-20 20:59:10
jmcgheeci@bigcartel.com,$2a$04$Q4KWkscRIdGcGC2ePzZA2uvize95AwLphFKQlBG10cTMg11wLXFIy,Jaclyn,McGhee,IMMUNOLOGY,DOC-RDP-87347,12,4337999769,2511 Bartelt Center,868,IDR,http://dummyimage.com/122x100.png/ff4444/ffffff,2025-10-20 20:59:10
pllewelyncj@cargocollective.com,$2a$04$pyP1N1yYCdZzSEajR.XCQO1vuqbIW4kFSdb4wABFZwPlHz76cVBp2,Pietra,Llewelyn,ONCOLOGY,DOC-BPJ-17497,17,4518868569,0654 Fairfield Point,1845,CNY,http://dummyimage.com/102x100.png/ff4444/ffffff,2025-10-20 20:59:10
ifishbournck@t-online.de,$2a$04$yHB9C84QgV6p86huVGFhmuWC/yurzTQks8CuSD7LELtJJxwgkEf/G,Iago,Fishbourn,ANESTHESIOLOGY,DOC-XKR-23572,24,2324843744,4560 Meadow Valley Way,780,CZK,http://dummyimage.com/214x100.png/ff4444/ffffff,2025-10-20 20:59:10
bloblecl@prweb.com,$2a$04$YrDZTxefjD9Rnp3euerYu.NAmuxHS.LW8rEZGKy6A0EuNjt4VjvZq,Beckie,Loble,DERMATOLOGY,DOC-HLR-33693,2,4021369794,20819 Heffernan Road,504,EUR,http://dummyimage.com/227x100.png/5fa2dd/ffffff,2025-10-20 20:59:10
mzanetticm@elegantthemes.com,$2a$04$Kyd5zJbKJdUT/EkPa0c21OiNfyKj6LkXEzt5rS.vZu/3PBm.2vwJK,Mariel,Zanetti,ANESTHESIOLOGY,DOC-BVU-67114,23,8112820394,3 Meadow Valley Trail,1940,PHP,http://dummyimage.com/239x100.png/dddddd/000000,2025-10-20 20:59:10
jcallendercn@icq.com,$2a$04$OMPhbOFwcKuNytMBc3S9FOW93zoK1V17nZxSpqW5TbAmak65YxuWK,Jacinda,Callender,PATHOLOGY,DOC-MGO-22022,5,6754165996,13 Ilene Avenue,1184,CNY,http://dummyimage.com/127x100.png/ff4444/ffffff,2025-10-20 20:59:10
edelgardilloco@flickr.com,$2a$04$1vxb.6NFeoDbrBNVQX2omuIxyxbruimY9sSHzW0i9xPjUqqKvp93K,Emlynn,Delgardillo,ENT,DOC-MVM-05525,3,1292884937,90585 Reindahl Alley,1082,CNY,http://dummyimage.com/216x100.png/ff4444/ffffff,2025-10-20 20:59:10
lrignoldescp@hexun.com,$2a$04$x0I5eHyK3WSiw/oaudqZCueg92L1F7fNRpUbF29AIbsoMnHK8Bcsm,Lacey,Rignoldes,NEPHROLOGY,DOC-GRA-86675,15,4859633625,00 Oak Valley Street,800,VEF,http://dummyimage.com/143x100.png/cc0000/ffffff,2025-10-20 20:59:10
lknowlsoncq@symantec.com,$2a$04$bAbSIpZ05cxhhvS.wdT/kuBz3Vfoql.j3jvtj4bL4.QpJK7V81QJG,Linet,Knowlson,GENERAL_SURGERY,DOC-QIS-52554,21,4015394198,83188 New Castle Parkway,1201,THB,http://dummyimage.com/238x100.png/dddddd/000000,2025-10-20 20:59:10
jprucecr@comsenz.com,$2a$04$FWRVypEbKW4/bN4FhVfn6.F6a8MWYBQkeIdu7oppRmdIuU1MIpYNG,Jenn,Pruce,OPHTHALMOLOGY,DOC-RBC-61587,12,2694725598,51318 Continental Drive,1930,SYP,http://dummyimage.com/249x100.png/5fa2dd/ffffff,2025-10-20 20:59:10
vsooleycs@huffingtonpost.com,$2a$04$YhDvsaPB22O2yPU/xsUsQeI7MeLkGH/S8TxMCnO.dLIJroOnQ0eTW,Valera,Sooley,PEDIATRICS,DOC-FLO-60926,25,1206605784,553 Clove Junction,1558,JPY,http://dummyimage.com/141x100.png/cc0000/ffffff,2025-10-20 20:59:10
dkonmannct@wiley.com,$2a$04$IuFV2QtuXSOvnfuisUU3GepwOikYBAq1aNXkTD0I/ONdKFxYHQCmq,Drucie,Konmann,PLASTIC_SURGERY,DOC-WPM-57854,19,5631484528,452 Sunbrook Road,506,PLN,http://dummyimage.com/209x100.png/dddddd/000000,2025-10-20 20:59:10
kstanioncu@webs.com,$2a$04$AihtRQLnxxqCJFo7rItMgOX98ZBcQsHrIyPbBHVkWQb.J6NSYltQi,Konstantine,Stanion,GASTROENTEROLOGY,DOC-YVH-67858,3,4111566578,7385 Cardinal Court,1417,KZT,http://dummyimage.com/148x100.png/5fa2dd/ffffff,2025-10-20 20:59:10
fmogglecv@cbslocal.com,$2a$04$GOYqDcuxXx9lmqi.S42Yw.Mchl7GQstNDABcQEiyrqK8n.RRDVe4q,Fitzgerald,Moggle,INTERNAL_MEDICINE,DOC-CBJ-52237,23,6907921354,38 Anhalt Park,1861,RUB,http://dummyimage.com/223x100.png/cc0000/ffffff,2025-10-20 20:59:10
jaudreycw@netvibes.com,$2a$04$vMXy65eVSuC3VUZmjZXsyuKOTCHtxxUP6/5VKWpkcyNv3uFESMonq,Janek,Audrey,GASTROENTEROLOGY,DOC-JHP-79012,2,4752819694,13 Summer Ridge Hill,1491,SEK,http://dummyimage.com/209x100.png/ff4444/ffffff,2025-10-20 20:59:10
rpottlecx@meetup.com,$2a$04$s4D9qGyAr6s/ELInxS20t.qF8S8ayfxBrwpfS2iYbLvbB73t03JEO,Rosanna,Pottle,RHEUMATOLOGY,DOC-XLP-53751,17,2486313178,2 Cottonwood Pass,1270,NOK,http://dummyimage.com/159x100.png/cc0000/ffffff,2025-10-20 20:59:10
wculmercy@epa.gov,$2a$04$iJ1QXIPFUUynP/XKJk4Gze.zs2WZhjJ3i/oLxC/pPakbv5OT8LFNG,Winni,Culmer,INFECTIOUS_DISEASE,DOC-PHY-63275,14,7832630072,87 Roxbury Terrace,870,EUR,http://dummyimage.com/170x100.png/ff4444/ffffff,2025-10-20 20:59:10
bshovelbottomcz@moonfruit.com,$2a$04$ysEzpXVN4lzdWL6mEP/bd.ZWiQq1Oamfe2Em4LyJCoQA/j5xW/yQa,Bobinette,Shovelbottom,INTERNAL_MEDICINE,DOC-JBA-46972,17,7747031843,59756 Moulton Trail,562,EUR,http://dummyimage.com/173x100.png/5fa2dd/ffffff,2025-10-20 20:59:10
trawlisond0@seattletimes.com,$2a$04$OQVOFL7sahqLPlP9D792jONATNQecCAKMiMlsdzAwPg0nMnuNHv7O,Thekla,Rawlison,ANESTHESIOLOGY,DOC-JWY-49046,12,2804246391,75909 Shasta Place,1615,ILS,http://dummyimage.com/108x100.png/ff4444/ffffff,2025-10-20 20:59:10
syexleyd1@icio.us,$2a$04$fTtuBkWQ5ZfcpCokr7Z7huRjXRW/1pL4RdBqMyukQTa8ARBgKWkQ2,Shelly,Yexley,INTERNAL_MEDICINE,DOC-LFQ-68387,23,5618948550,577 Memorial Avenue,1976,RUB,http://dummyimage.com/225x100.png/ff4444/ffffff,2025-10-20 20:59:10
nbarradelld2@upenn.edu,$2a$04$ViWOGz9IUbOg1a..ZpibBeTtMlD4UMAV/CO0/8QXy6Lo9dsPOqmG6,Nataniel,Barradell,GENERAL_SURGERY,DOC-SZD-06527,22,6723995400,71241 Barby Junction,751,IDR,http://dummyimage.com/155x100.png/dddddd/000000,2025-10-20 20:59:10
mfurmongerd3@google.com.au,$2a$04$/q.IJlG176Hfp8wspwREBecfC6byzUze0g9VlPdxRi1HKouF6hgyq,Miguela,Furmonger,OPHTHALMOLOGY,DOC-BBU-24355,1,9618529354,5 Service Avenue,1852,RUB,http://dummyimage.com/154x100.png/5fa2dd/ffffff,2025-10-20 20:59:10
lbuttfieldd4@google.de,$2a$04$0FWXrJ45ad3WUrt1KBuNSeZ43Fud1RtKecb6PVyYx2snHg3xsui1y,Lev,Buttfield,FAMILY_MEDICINE,DOC-DVM-70992,5,2669143175,424 Eastwood Center,1531,EUR,http://dummyimage.com/218x100.png/ff4444/ffffff,2025-10-20 20:59:10
hmarconid5@craigslist.org,$2a$04$foyyolEICnIwdrdtFaFdT.Fbd5rUOR3SAw79rVbrILXtNoj6GK4ja,Hort,Marconi,ENDOCRINOLOGY,DOC-TQB-48621,19,3915107876,751 Dennis Hill,501,CNY,http://dummyimage.com/121x100.png/dddddd/000000,2025-10-20 20:59:10
kbootsd6@studiopress.com,$2a$04$ypgSFKRo78LiJIbORzM87Ommjd27J0emK1OgrAkDNJ.GTRfZRHpQK,Kaleena,Boots,ENDOCRINOLOGY,DOC-RCQ-65545,6,7817462339,1 Bunker Hill Crossing,678,PHP,http://dummyimage.com/237x100.png/5fa2dd/ffffff,2025-10-20 20:59:10
jidad7@blinklist.com,$2a$04$..RZFiZo.MtOx9WlcVybiOnUM3PNklsIkf2vf0yNnnP4JpApyUlD.,Jarrad,Ida,ONCOLOGY,DOC-ZFM-75112,15,3148419444,725 Transport Place,868,EUR,http://dummyimage.com/247x100.png/5fa2dd/ffffff,2025-10-20 20:59:10
jgaucherd8@1und1.de,$2a$04$6FdraSTY4wOGlrUMA/8KaeI5kGhnWRNi9OzOYnIQEs5gxWP.pXtqa,Jamil,Gaucher,RADIOLOGY,DOC-HEX-26170,22,3246138892,55 Shelley Junction,907,EUR,http://dummyimage.com/172x100.png/5fa2dd/ffffff,2025-10-20 20:59:10
kmcginneyd9@samsung.com,$2a$04$PAK0CD1IwafmZpPa7hYgP.Wb0hp18pEbT3rsIfrcUWIh3L/Z4PgwO,Kiah,McGinney,DERMATOLOGY,DOC-UIW-55543,6,5485332583,49 Forest Dale Parkway,1476,ARS,http://dummyimage.com/205x100.png/5fa2dd/ffffff,2025-10-20 20:59:10
mgrishinovda@vinaora.com,$2a$04$CtAWCuhLx5wR9y/YJ4B2EeI5UdGDvQKz5KhUasfrIugLZmzkXAhTC,Melamie,Grishinov,FAMILY_MEDICINE,DOC-QVP-59282,22,7577320602,3151 Muir Avenue,1997,USD,http://dummyimage.com/104x100.png/dddddd/000000,2025-10-20 20:59:10
mcoddb@latimes.com,$2a$04$DJ1LzSmCAE0WM5NqgaSl1eRmRAZ0MsffCk61ZwPZPOqSwNonegyVG,Matthiew,Cod,SPORTS_MEDICINE,DOC-OLE-43925,11,9916671886,28292 Oriole Parkway,1532,IDR,http://dummyimage.com/176x100.png/dddddd/000000,2025-10-20 20:59:10
legdelldc@godaddy.com,$2a$04$PL9L9LuHZWdIDUYnTpiYPe6E2Px2yI10M3wAQ2FU86yClQ4GiejyO,Lorianna,Egdell,FAMILY_MEDICINE,DOC-JOK-15881,16,8738583313,5486 Summerview Court,1655,CNY,http://dummyimage.com/125x100.png/cc0000/ffffff,2025-10-20 20:59:10
sgilderdd@vk.com,$2a$04$6bDX1.l5hrBcX2hAxJUFmOpNlCRvEipvXmyOlP83F22p7LSLyM5lu,Scott,Gilder,RADIOLOGY,DOC-FHF-28959,19,9862064542,5015 New Castle Street,1400,EUR,http://dummyimage.com/187x100.png/ff4444/ffffff,2025-10-20 20:59:10
atomensonde@google.de,$2a$04$qYXX1hIgoqW32K2T8k.f7.zZBXEeHqhJNqJ62IEUR7Kx8HYnOwPVe,Adelice,Tomenson,PLASTIC_SURGERY,DOC-DBV-80592,1,2831620735,5 Crownhardt Road,844,YER,http://dummyimage.com/166x100.png/ff4444/ffffff,2025-10-20 20:59:10
cvarleydf@sogou.com,$2a$04$KnWxbT2MlBnqGIawOj1aqeZoo4D3sGM0vf8VIlEEaeJ93vXXxt9Ga,Chrystal,Varley,NEUROLOGY,DOC-EPX-77800,15,6371504432,075 Sugar Court,1671,MZN,http://dummyimage.com/112x100.png/ff4444/ffffff,2025-10-20 20:59:10
kconechiedg@dedecms.com,$2a$04$Kzs2db/PvDI64nEgw.omNOoOjLWfIE1.7lL1k/AQm6cBgnhdZOe4G,Kacey,Conechie,HEMATOLOGY,DOC-UUG-81884,20,4507627508,7 Michigan Plaza,732,RUB,http://dummyimage.com/104x100.png/5fa2dd/ffffff,2025-10-20 20:59:10
baucuttdh@theatlantic.com,$2a$04$i1x5OqXwQo5CPJFoHAI2HuFT0bOOMm4oucja48Jr0oDYvj09LoVRS,Bathsheba,Aucutt,ENDOCRINOLOGY,DOC-BIB-20668,11,3755957672,1826 Heffernan Pass,1576,EUR,http://dummyimage.com/146x100.png/5fa2dd/ffffff,2025-10-20 20:59:10
belanddi@ucoz.com,$2a$04$Rb/5II/36nhc6LpPRfRGkeDyQy9z/jn6G8urJ/L3WlLQeIPq7lmb.,Babs,Eland,INFECTIOUS_DISEASE,DOC-AWK-75929,6,5796014615,926 Daystar Drive,927,EUR,http://dummyimage.com/121x100.png/5fa2dd/ffffff,2025-10-20 20:59:10
areediedj@exblog.jp,$2a$04$hNL86VcuHfm2wMBB.5v1dOo0a4PL8eDu4daiVZT2zyBycw7e9.VOa,Ashbey,Reedie,PATHOLOGY,DOC-RKP-60346,24,4412501701,8 Blue Bill Park Road,1021,JPY,http://dummyimage.com/193x100.png/5fa2dd/ffffff,2025-10-20 20:59:10
lgrowydk@ca.gov,$2a$04$oEfWy6cnP9ub2o553cw9ReRFZOh55EEwoty8OC.tfswIPDfMarzAq,Leesa,Growy,GYNECOLOGY,DOC-CCS-56653,6,4604995991,77231 Forest Dale Plaza,1694,CAD,http://dummyimage.com/124x100.png/5fa2dd/ffffff,2025-10-20 20:59:10
mpotierdl@cargocollective.com,$2a$04$m63prA49yEOm4PHYdV.veeX1sxYgSXPsUzvCtdCGF3aPNNRMOcRoC,Mark,Potier,PULMONOLOGY,DOC-SES-29120,19,2506372432,9 High Crossing Park,1825,CNY,http://dummyimage.com/121x100.png/5fa2dd/ffffff,2025-10-20 20:59:10
htersaydm@histats.com,$2a$04$LmfCcJ5PeZcJnYHQ.NrlYe8VcT58am6j8nNuj8P58PbF0RKAXMeci,Henrietta,Tersay,DENTISTRY,DOC-MRE-31194,7,6379272782,07231 Anderson Plaza,1457,EUR,http://dummyimage.com/172x100.png/dddddd/000000,2025-10-20 20:59:10
eallenbydn@skyrock.com,$2a$04$p3CPzUu77mH39FSCJxJEMescUd7x5QQN5tv0Q0iGssGQPWfFJF5..,Enos,Allenby,PSYCHIATRY,DOC-AUA-84565,9,6978452191,6654 Old Shore Court,1416,CNY,http://dummyimage.com/222x100.png/5fa2dd/ffffff,2025-10-20 20:59:10
bkhadirdo@japanpost.jp,$2a$04$oC2ldwXmDs/Ri18tIyef8uPqjLUu3ABMjnztaC0sGs1mgmSJgro3e,Bernard,Khadir,INFECTIOUS_DISEASE,DOC-CBU-36669,25,9181351354,8 Buhler Drive,1948,HTG,http://dummyimage.com/155x100.png/dddddd/000000,2025-10-20 20:59:10
itebbothdp@indiatimes.com,$2a$04$8dVbB153JsaMhI2EzxKOoOFrpU/rLeQccwmX0Z2jXaA7oPPeiOi.K,Inesita,Tebboth,NEUROLOGY,DOC-YHO-00621,24,6854182695,9528 Del Sol Center,577,CNY,http://dummyimage.com/105x100.png/dddddd/000000,2025-10-20 20:59:10
jdoblindq@sakura.ne.jp,$2a$04$/FjLXQmNDT/cS7m3cp56TOkFK8DrzhXlXuUOIwJd0Ae45IxmX/IwW,Julius,Doblin,RADIOLOGY,DOC-LWA-19206,24,5962828457,41 Eastwood Road,1578,EUR,http://dummyimage.com/127x100.png/cc0000/ffffff,2025-10-20 20:59:10
vdantondr@edublogs.org,$2a$04$m9FC3sNeLVFFG3E.cSA50eLwuTzIzLqWjzZcEHaYaDmj9KE.YE1uq,Van,Danton,EMERGENCY_MEDICINE,DOC-UME-98897,24,4759768815,65106 Maryland Park,1675,CNY,http://dummyimage.com/185x100.png/cc0000/ffffff,2025-10-20 20:59:10
jhenkeds@kickstarter.com,$2a$04$KuSKjwuU8WphqC0szA3X9.zieZHsleLrJ6b6DdWUMrDT5iLNEw7mm,James,Henke,NEPHROLOGY,DOC-PGD-66731,8,3839174148,5609 Mandrake Hill,993,SEK,http://dummyimage.com/172x100.png/dddddd/000000,2025-10-20 20:59:10
glunamdt@buzzfeed.com,$2a$04$1phiPDr6ejijPk5LWzAr/enu98.Y4.m6U8isarvxsvlAqfqdZQOqy,Guntar,Lunam,ONCOLOGY,DOC-VCF-19838,14,9368306436,6273 Burrows Way,1180,EUR,http://dummyimage.com/233x100.png/cc0000/ffffff,2025-10-20 20:59:10
mfreelanddu@canalblog.com,$2a$04$o0mI33xadIbUlEUlzhItHOdKufdfThX9N9JiLcVWFBnKIIABqzCc6,Mildred,Freeland,PEDIATRICS,DOC-VMM-95398,19,4086693718,4 Shelley Place,952,IDR,http://dummyimage.com/245x100.png/5fa2dd/ffffff,2025-10-20 20:59:10
kdalldv@buzzfeed.com,$2a$04$1Khx4FtJXYEVZX/n5vY2q.Lma9xx6FMPWO6bZTAGrkeMZt4TLPUHm,Karylin,Dall,FAMILY_MEDICINE,DOC-VEN-39880,7,7542355271,40014 Westend Drive,1287,JPY,http://dummyimage.com/185x100.png/ff4444/ffffff,2025-10-20 20:59:10
obourgetdw@hatena.ne.jp,$2a$04$6l/7P21dwtSmv1DK6Upiz.4VcyKsJ8azr.ca9UGbgD6t6iCqzSFLK,Otes,Bourget,NEUROLOGY,DOC-UKH-07967,24,1365217625,64 Cambridge Way,1796,IDR,http://dummyimage.com/231x100.png/cc0000/ffffff,2025-10-20 20:59:10
croycedx@wordpress.org,$2a$04$N2ECGDDQ.iEKFf9gEFVYQeLDb6rpTdrnWtKlKdYHodQT12EfaUVo2,Chaddie,Royce,RADIOLOGY,DOC-GJZ-35831,10,1256645234,5861 Bashford Way,514,IDR,http://dummyimage.com/199x100.png/cc0000/ffffff,2025-10-20 20:59:10
dbraundtdy@sciencedirect.com,$2a$04$DQU6Zio4mPu7LbAiW/m54OMvgON13kTefTgZSpjiL7EEBgC2U/7Qu,Damien,Braundt,FAMILY_MEDICINE,DOC-EIH-94278,6,3286676566,2 Drewry Point,789,UAH,http://dummyimage.com/152x100.png/5fa2dd/ffffff,2025-10-20 20:59:10
mkelshawdz@stumbleupon.com,$2a$04$IeEhhEA/cIx70Q015SsY4.XmYHn17AEVSPBVfRs9qU9dQcQHvPv2C,Merle,Kelshaw,CARDIOLOGY,DOC-MUP-62441,12,3177876790,67 Kings Point,965,UAH,http://dummyimage.com/189x100.png/5fa2dd/ffffff,2025-10-20 20:59:10
crussee0@domainmarket.com,$2a$04$V85V/8SfmXmrrN.8.4kyKuPhjLFIiRq5t2gORQA5iG28EFl6xo/na,Cariotta,Russe,GASTROENTEROLOGY,DOC-IVK-07920,6,8764028495,0757 Morning Park,1846,CZK,http://dummyimage.com/140x100.png/5fa2dd/ffffff,2025-10-20 20:59:10
hmichallate1@kickstarter.com,$2a$04$LYVUSAythdxZkUKNy0ZlbOi0/cQ5EUtRUJdlFnLUkiVRNrT2gnCE.,Haleigh,Michallat,ANESTHESIOLOGY,DOC-ARD-13870,1,9278047080,62950 Hintze Parkway,875,AED,http://dummyimage.com/124x100.png/5fa2dd/ffffff,2025-10-20 20:59:10
nudeye2@samsung.com,$2a$04$nhV.GRg1.YlE3WD0EM9JAOJX3dzLf4RklwH3D31Xf4t1ppJIzPR26,Nicolis,Udey,CARDIOLOGY,DOC-IWQ-26352,1,3945794949,1871 1st Road,1208,PHP,http://dummyimage.com/189x100.png/cc0000/ffffff,2025-10-20 20:59:10
pbutfielde3@tripod.com,$2a$04$Ng5GHsflRDT299Y.Ju7XrOIJpFyaUMWTyMXX9WU9KP15QZ9rRKxhO,Perla,Butfield,DENTISTRY,DOC-YAM-96038,5,2334740626,594 Grim Trail,1878,GBP,http://dummyimage.com/182x100.png/5fa2dd/ffffff,2025-10-20 20:59:10
cmellone4@ning.com,$2a$04$mgf0DyDNqrYOBdOyQYuVxuV4wstRczR8nN4FzNMfXIiLPHPqn9gOq,Christalle,Mellon,PSYCHIATRY,DOC-SIC-73733,13,7854378704,3 Melody Lane,1917,SEK,http://dummyimage.com/168x100.png/dddddd/000000,2025-10-20 20:59:10
tumneye5@netlog.com,$2a$04$H8.PavafdHOzlNm.ALRoe.OiVS6eb3dcxdDCqcItH4idlBsD5mnp2,Teodora,Umney,RHEUMATOLOGY,DOC-YAH-24632,15,8251834882,48851 Dwight Alley,841,EUR,http://dummyimage.com/195x100.png/cc0000/ffffff,2025-10-20 20:59:10
lsweetmane6@sourceforge.net,$2a$04$L1oqe5ZR3RRp/Dz.IVd3h.Sr8MtXdAXHjsIB0SmDFwC.K5e6gp2.e,Lorraine,Sweetman,IMMUNOLOGY,DOC-VUD-59312,24,7741827089,853 Maryland Circle,1475,CNY,http://dummyimage.com/158x100.png/5fa2dd/ffffff,2025-10-20 20:59:10
hbrinkworthe7@ox.ac.uk,$2a$04$H0VPZKN.0oYmyKXzT5W2q.gFG1AExdLgU3oX5FQ/cwXbAf3NeBAna,Hymie,Brinkworth,IMMUNOLOGY,DOC-USM-94528,9,6839214528,03156 Straubel Junction,1317,THB,http://dummyimage.com/189x100.png/5fa2dd/ffffff,2025-10-20 20:59:10
yhendrone8@stumbleupon.com,$2a$04$R97yhLi7igkmG7f5iAxWROC/fPExyK2SHQeTd4fzF3E8EYQBh75zG,Yvor,Hendron,NEPHROLOGY,DOC-YHJ-44888,4,6315680328,0 Carey Point,1208,JMD,http://dummyimage.com/132x100.png/dddddd/000000,2025-10-20 20:59:10
bwillshawe9@taobao.com,$2a$04$BXjADzVGVk30LoH1XyeyR.v1SkYfBfKE.ppM3591fD1X9IxmQQQGO,Blakelee,Willshaw,GYNECOLOGY,DOC-HIL-81229,12,9773326037,40 Ryan Hill,1144,PLN,http://dummyimage.com/234x100.png/cc0000/ffffff,2025-10-20 20:59:10
thansedea@mac.com,$2a$04$6OHJmILO7he3vpBbNAI2muCxQAhCYGZ9B9NGnTcPmv..SUTXr/.RW,Tamiko,Hansed,ENT,DOC-KHK-02332,4,4919222687,3 Cascade Plaza,1052,CZK,http://dummyimage.com/228x100.png/ff4444/ffffff,2025-10-20 20:59:10
mstockaueb@independent.co.uk,$2a$04$H473f.iuNNFdw41lgJomIuNoCMbS3jyPHro4tny/95Rdxilq1oZga,Matthias,Stockau,INTERNAL_MEDICINE,DOC-XTB-04551,16,7581109410,323 American Hill,1942,PAB,http://dummyimage.com/170x100.png/cc0000/ffffff,2025-10-20 20:59:10
rgobbettec@devhub.com,$2a$04$m7siWRzfKYqVLYaGdoR3Ku7BzivMjc2/QBgSIHtrfbGJzqZbSG.yy,Roseanne,Gobbett,ORTHOPEDICS,DOC-EVE-90698,3,7706029205,95832 Clyde Gallagher Lane,1174,EUR,http://dummyimage.com/238x100.png/dddddd/000000,2025-10-20 20:59:10
sstanlicked@purevolume.com,$2a$04$ev1ZrLi3a5eOrJaKoWOKYeWXcULxCbze6Q.Ly8ABwLEHyJVev0mPy,Sandor,Stanlick,GASTROENTEROLOGY,DOC-ADN-97688,6,2923267155,45 Rusk Junction,1681,IDR,http://dummyimage.com/244x100.png/dddddd/000000,2025-10-20 20:59:10
mwharramee@google.it,$2a$04$y.FWDxLkwubXbZm5BYaXOOgToNvqWWRcGhkIBw95KqrpauAWT9r8O,Montague,Wharram,INTERNAL_MEDICINE,DOC-BFF-16720,15,6825269648,3138 Esch Parkway,665,PHP,http://dummyimage.com/172x100.png/dddddd/000000,2025-10-20 20:59:10
fsigneef@statcounter.com,$2a$04$NJRpNufAUc0iGzZtrZT3gemqsb63MlORuoQ72zdMmazKWpPMTxEC2,Felike,Signe,CARDIOLOGY,DOC-HQQ-96154,8,1098798384,4 Glendale Avenue,1990,CNY,http://dummyimage.com/118x100.png/cc0000/ffffff,2025-10-20 20:59:10
rbetteswortheg@mtv.com,$2a$04$r9ODagL.BQqRRI7UN19r9e9oZGerXEmFULUxu5BWsDF.bp/sK/yIe,Raviv,Bettesworth,IMMUNOLOGY,DOC-ZHU-10275,13,3308571762,50 Brentwood Court,902,PLN,http://dummyimage.com/182x100.png/dddddd/000000,2025-10-20 20:59:10
scopplestoneeh@storify.com,$2a$04$1k9KBuzJV3ybu2eHgcpisOYVHHuQ7gyWdPeLeXFidD7wKaRvND76u,Shaine,Copplestone,ENDOCRINOLOGY,DOC-RLK-55533,1,4102797216,885 John Wall Pass,917,UAH,http://dummyimage.com/114x100.png/dddddd/000000,2025-10-20 20:59:10
lstruijsei@opera.com,$2a$04$ZVHxZNbMlxSwKZj6aMgffezBEu1rYRNESQXJkI9NTvtLggdDw4J8y,Lori,Struijs,EMERGENCY_MEDICINE,DOC-OYO-54669,6,6268493860,72 Brown Circle,1433,BAM,http://dummyimage.com/249x100.png/cc0000/ffffff,2025-10-20 20:59:10
abessellej@people.com.cn,$2a$04$g.ZhggX4mfJYSywn35LqD.PWwjP8ln9k3kgkIw/lV0IGjFIiJQng6,Art,Bessell,CARDIOLOGY,DOC-QLH-82654,3,8531923311,31 Morningstar Junction,668,NPR,http://dummyimage.com/231x100.png/cc0000/ffffff,2025-10-20 20:59:10
afebenek@timesonline.co.uk,$2a$04$QB1QngR8/PGSyanOVXHjHeMxaFq7w8GS3GFK4zW6TpP/0z/om1tTu,Ardeen,Feben,GENERAL_SURGERY,DOC-VFW-91011,6,9167180569,3 Aberg Drive,902,IDR,http://dummyimage.com/175x100.png/dddddd/000000,2025-10-20 20:59:10
eperrittel@fema.gov,$2a$04$7X8yRrVxSfFecr7ixUnF.uAbAhhiyEzAOQ/HS3C8LpPLbGAR8F1uK,Ethelda,Perritt,PLASTIC_SURGERY,DOC-KYC-19576,12,1923119855,8 Dexter Park,1705,PLN,http://dummyimage.com/190x100.png/5fa2dd/ffffff,2025-10-20 20:59:10
kwarkeem@nifty.com,$2a$04$pOZGLyeQiwRs7ul79cKqzeXllrKSQN5IotkK48j7uYXNbLr64f58u,Kati,Warke,NEPHROLOGY,DOC-DIR-68162,6,3741716833,3530 Kropf Point,786,COP,http://dummyimage.com/127x100.png/ff4444/ffffff,2025-10-20 20:59:10
bkynden@loc.gov,$2a$04$vR8KZNmOLaKpZCKrKA4L7eFXdR9yaJ30vPidKerDKZIbm1NypbOkC,Bone,Kynd,GENERAL_SURGERY,DOC-JBT-25979,10,8844742542,41078 Melody Alley,1792,EUR,http://dummyimage.com/207x100.png/dddddd/000000,2025-10-20 20:59:10
mhunneo@usa.gov,$2a$04$4zH./zvQXuNCzysojBsS.eZaknvBdtHv4bLQWJycL4jYlIE9ARfTe,Mitzi,Hunn,FAMILY_MEDICINE,DOC-QHZ-27687,17,3606102131,2 Sachs Junction,1862,USD,http://dummyimage.com/244x100.png/5fa2dd/ffffff,2025-10-20 20:59:10
dplomep@hud.gov,$2a$04$SgSZvre0UWEWhESYJMObBeUVBdCZ6CacwgZaBTXANry2XvgM/yVo2,Donelle,Plom,GASTROENTEROLOGY,DOC-WBX-83247,2,4847145287,27360 Eastwood Center,683,PLN,http://dummyimage.com/110x100.png/5fa2dd/ffffff,2025-10-20 20:59:10
asimkisseq@ucoz.ru,$2a$04$hizuoK7.MC9YLrnLFH6FiuDmrXcjPS6nq9Payi.AyoySpkIZ1yFfi,Anett,Simkiss,GENERAL_SURGERY,DOC-NLT-62225,13,6501542308,9862 Goodland Alley,1099,CNY,http://dummyimage.com/226x100.png/5fa2dd/ffffff,2025-10-20 20:59:10
nlipparder@hc360.com,$2a$04$h7QZ5VDXUtoBLx7KVJmENOmURjSu29sIgv1fMKctvKRKgQu4x08Gu,Nanete,Lippard,PULMONOLOGY,DOC-VOE-02854,15,8594340104,9689 Melby Pass,1254,TZS,http://dummyimage.com/109x100.png/ff4444/ffffff,2025-10-20 20:59:10
ccasserleyes@samsung.com,$2a$04$99uOJgt5o3HZnnwTjSOtyOYygJgLOyGo4sx9UhgpPKKidFf.vMt7q,Chrysler,Casserley,GASTROENTEROLOGY,DOC-XGN-91915,23,6842648762,87475 Morning Pass,1271,MKD,http://dummyimage.com/144x100.png/5fa2dd/ffffff,2025-10-20 20:59:10
yiapicoet@google.cn,$2a$04$TZX2dBdWY6F/iN7jvmDtKePOWr/EQN3qY9E6XNSIftqyAIY8iWt/a,Yanaton,Iapico,GASTROENTEROLOGY,DOC-DJS-15985,15,3719960094,10608 Huxley Terrace,1188,CNY,http://dummyimage.com/156x100.png/cc0000/ffffff,2025-10-20 20:59:10
vpoynzereu@admin.ch,$2a$04$9GTUVkvcYp18Kw9Dly0TTO1zEYNHi8XWazN2.MKWV94iDvU/uJOVu,Valry,Poynzer,ANESTHESIOLOGY,DOC-IJX-86068,25,7073820606,4 Scofield Terrace,827,BRL,http://dummyimage.com/172x100.png/cc0000/ffffff,2025-10-20 20:59:10
zzelleyev@google.es,$2a$04$u.9f11fgVdauxr7MXl8q5e.ZQMfMZ.YaayZIgEg/JAKycryVG2mYO,Zaria,Zelley,DENTISTRY,DOC-BJU-92738,4,5475058137,47 Gina Street,1397,IDR,http://dummyimage.com/150x100.png/ff4444/ffffff,2025-10-20 20:59:10
jragborneew@nbcnews.com,$2a$04$taJZb1OiwpVvBfT7D3335u4DJuZWhsAv5dcEdLAYAJZXBVqHiSOYa,Jaime,Ragborne,EMERGENCY_MEDICINE,DOC-XHT-20218,24,9201557692,864 Gateway Lane,1738,IDR,http://dummyimage.com/103x100.png/cc0000/ffffff,2025-10-20 20:59:10
cgounetex@harvard.edu,$2a$04$IuDS5qUPqfJyBJO0eNotl.bNJdPBs.v78qzqKYbSRagSiKUKQ1MnO,Casper,Gounet,RHEUMATOLOGY,DOC-XRU-32476,8,2589600510,9 Anhalt Alley,1420,IDR,http://dummyimage.com/233x100.png/cc0000/ffffff,2025-10-20 20:59:10
sbrauney@hexun.com,$2a$04$BPPZMnWXgUcwsGO0z.vAzucVu5LU6H9BMkiJCUf3CDbenlDyjBS2q,Susy,Braun,PEDIATRICS,DOC-FCL-65929,19,2518175399,124 Banding Plaza,1631,ARS,http://dummyimage.com/113x100.png/ff4444/ffffff,2025-10-20 20:59:10
cpaulez@usnews.com,$2a$04$d.48PUzK7ihOgp2VJt3X1.Q2xDlWKQieiqqRgRY8hkmjXipaEJasO,Catlaina,Paul,RHEUMATOLOGY,DOC-BCT-45165,22,7299548915,8876 Goodland Hill,707,SEK,http://dummyimage.com/103x100.png/5fa2dd/ffffff,2025-10-20 20:59:10
mjacquesf0@bloglines.com,$2a$04$fspGc07zZfbYHTWdDdwI..WBpGHXyVsl8SqIknVbn8u63x.VAeb1q,Miran,Jacques,IMMUNOLOGY,DOC-BBC-81457,11,9126567509,189 Sutherland Parkway,796,USD,http://dummyimage.com/110x100.png/dddddd/000000,2025-10-20 20:59:10
atoopinf1@slashdot.org,$2a$04$YgFhL2BkBDuzDPaNtmqYruL6hq0h2pwYszuqHTDYpzhHrtcGCwgAm,Alwyn,Toopin,SPORTS_MEDICINE,DOC-HOW-48628,1,3698623814,799 Fremont Trail,1186,GTQ,http://dummyimage.com/164x100.png/ff4444/ffffff,2025-10-20 20:59:10
vsymsf2@is.gd,$2a$04$4wP0SqfIEvpEqwF2LrjaU.5VfXY1cCA97vm/F8b5ksV.IN/ZP1at.,Vinny,Syms,EMERGENCY_MEDICINE,DOC-OQP-53306,1,4329458457,1441 Myrtle Hill,629,USD,http://dummyimage.com/190x100.png/cc0000/ffffff,2025-10-20 20:59:10
egaigerf3@tripod.com,$2a$04$rsCbWskwD.cEFvcO9T8.W.oat5ctx9lnBci69k5McyhtxbRFaSmnO,Eilis,Gaiger,SPORTS_MEDICINE,DOC-FNN-96229,21,2742392519,6770 Corry Avenue,856,RUB,http://dummyimage.com/212x100.png/5fa2dd/ffffff,2025-10-20 20:59:10
rplesterf4@hibu.com,$2a$04$eHGB0wYTR.E1RiqrQg.05ue8pGvcyKVQeBT1182xaPWoyUW2plFUy,Rustie,Plester,HEMATOLOGY,DOC-BAE-01168,7,2179111486,512 Springview Trail,999,HTG,http://dummyimage.com/176x100.png/dddddd/000000,2025-10-20 20:59:10
cbissonf5@constantcontact.com,$2a$04$K.0E34DlhCmoqZuQm/q/a.hPp.JLgq3BrCo4Kp/lKny7XxiDlPZxy,Charlotta,Bisson,ONCOLOGY,DOC-BLA-15687,9,1203404179,99429 Canary Alley,990,PHP,http://dummyimage.com/200x100.png/dddddd/000000,2025-10-20 20:59:10
sgrolmannf6@friendfeed.com,$2a$04$AKkFvXvRYlWqlRDIQUWl9..QbtvS9ZS9b7SvHQZsE2WwwXnLU/sf2,Sergei,Grolmann,DERMATOLOGY,DOC-OTL-48448,20,9484785139,8455 Dovetail Street,986,CAD,http://dummyimage.com/190x100.png/cc0000/ffffff,2025-10-20 20:59:10
ibaldreef7@discovery.com,$2a$04$JNmygKqUxjecUfgbHC9bie3ZqAJFrD1ISM937d4XDclWoPtM2k29K,Ibrahim,Baldree,CARDIOLOGY,DOC-GCM-97345,7,3679107720,9791 Pierstorff Alley,1261,THB,http://dummyimage.com/178x100.png/dddddd/000000,2025-10-20 20:59:10
cgenesef8@google.de,$2a$04$UZbiaFq/.Kl32q6N6KDJgu0UUduSLyoaIKUQcDkCldroCSusmG/sO,Corey,Genese,GASTROENTEROLOGY,DOC-ABW-28109,23,5469287597,6299 Goodland Drive,1875,PHP,http://dummyimage.com/132x100.png/ff4444/ffffff,2025-10-20 20:59:10
cnowakf9@symantec.com,$2a$04$Qw/F/S9sH/r/BL7pZEeZYeIscNdwNjEko94EOCdXyrHgmtNJ41CNm,Corney,Nowak,PSYCHIATRY,DOC-KYZ-32712,16,7801534672,543 Crescent Oaks Hill,708,CZK,http://dummyimage.com/211x100.png/ff4444/ffffff,2025-10-20 20:59:10
kchurchesfa@nbcnews.com,$2a$04$Vc0qs2KAPEOousW7cSqE/O5T57Y0ptJPe/KboGnxcp/sFbgSpct1W,Kaitlin,Churches,PULMONOLOGY,DOC-ZZZ-25478,2,1972346160,83 Meadow Ridge Trail,1748,BYR,http://dummyimage.com/165x100.png/ff4444/ffffff,2025-10-20 20:59:10
sesseryfb@lycos.com,$2a$04$YK7VRmIKQs1CthIhFxAo7uXCNJ5Z8oaGQ0jfXb1scrq3RgaZGinya,Selena,Essery,FAMILY_MEDICINE,DOC-UQL-76882,23,7706359935,5 Daystar Hill,1952,RUB,http://dummyimage.com/171x100.png/ff4444/ffffff,2025-10-20 20:59:10
nbeardowfc@dropbox.com,$2a$04$mejyeRtlZL/oHIe9M16zLOhij29C24Q4bcYmXIW48GrW0aNP2T20e,Nikkie,Beardow,ANESTHESIOLOGY,DOC-WLE-39015,18,3692060846,6 Meadow Vale Street,1679,ETB,http://dummyimage.com/123x100.png/5fa2dd/ffffff,2025-10-20 20:59:10
mhastfd@uol.com.br,$2a$04$3CsDwimRNqnCctDj1h8tmu7rOTIOCpolh4gnFtQwrOROmCQ66rSfy,Marty,Hast,NEUROLOGY,DOC-FZZ-88290,24,4729950704,8 Declaration Circle,1671,BRL,http://dummyimage.com/126x100.png/ff4444/ffffff,2025-10-20 20:59:10
dtestrofe@sourceforge.net,$2a$04$fwTsZMBgQy2O5TPDHaPayOBcXIHBuiJRfe4Yf5hdCqgs0bNeie3uC,Ddene,Testro,PULMONOLOGY,DOC-FOX-57956,14,8198752402,293 Coleman Pass,1542,EUR,http://dummyimage.com/168x100.png/cc0000/ffffff,2025-10-20 20:59:10
pmackonochieff@china.com.cn,$2a$04$abRf1pTDnrR1sFUANNtwW.U2wvryy9LaU.3UAVUeuCRJNaeTf/GoC,Philly,MacKonochie,PLASTIC_SURGERY,DOC-DLD-15789,12,3945873403,253 Buena Vista Plaza,2000,SEK,http://dummyimage.com/123x100.png/ff4444/ffffff,2025-10-20 20:59:10
cflagfg@archive.org,$2a$04$jextoeP4quWwtkqnxWT0sO4bfSaszGBw1d5Uk/9h/GPZQMnJrBL4C,Catlee,Flag,PATHOLOGY,DOC-UCP-39416,3,6016651498,062 Grayhawk Parkway,1136,CNY,http://dummyimage.com/130x100.png/cc0000/ffffff,2025-10-20 20:59:10
kpechfh@xing.com,$2a$04$J/ubpaM3C8YWPikprjaii.sDq8JnirRXjREVXcO.NFMutEbtkjtBi,Kassie,Pech,RHEUMATOLOGY,DOC-NTA-68681,1,5058966185,803 Autumn Leaf Drive,673,CNY,http://dummyimage.com/114x100.png/ff4444/ffffff,2025-10-20 20:59:10
dfranssonfi@domainmarket.com,$2a$04$nWii54xm3odP89yaAbYeh.V09iFBONsFEbEoZZ0L6JpO5rZDQh.3K,Durward,Fransson,ENDOCRINOLOGY,DOC-PFL-86643,12,8588256124,03 Longview Center,1695,IDR,http://dummyimage.com/114x100.png/cc0000/ffffff,2025-10-20 20:59:10
jottonfj@amazonaws.com,$2a$04$kQjTIK5xHKW4k68Eyjw3nuaKSXPDRkbUEkNZH67WU6kMD9zY23JZW,Jae,Otton,PLASTIC_SURGERY,DOC-OTB-81364,2,1279129987,5 Hooker Alley,1682,ILS,http://dummyimage.com/187x100.png/dddddd/000000,2025-10-20 20:59:10
bgirardifk@infoseek.co.jp,$2a$04$p1qJQIhLSRpGOiVyg3POt.PDkzzRurUv5rWPNpGG2KaIgX/c4FF9K,Base,Girardi,ONCOLOGY,DOC-JSB-61239,5,6447429556,922 Linden Junction,606,GTQ,http://dummyimage.com/174x100.png/dddddd/000000,2025-10-20 20:59:10
rbeauchampfl@symantec.com,$2a$04$S7xXRJi2OQqeBcUOwq9hhO603f9asqaDG3OYG6VHcqeTZcbNs2bB6,Ryann,Beauchamp,RADIOLOGY,DOC-IDU-52202,18,6391240603,683 Sutteridge Drive,1821,PHP,http://dummyimage.com/232x100.png/ff4444/ffffff,2025-10-20 20:59:10
oromagnosifm@google.cn,$2a$04$NsO8a.putYjBo3ZwNBmo7.1mSYgT8xUrw3bT99f6V948vZKDakXsa,Obediah,Romagnosi,OPHTHALMOLOGY,DOC-HST-53985,21,8918897780,5 Barnett Center,1743,CNY,http://dummyimage.com/165x100.png/5fa2dd/ffffff,2025-10-20 20:59:10
baujeanfn@goo.gl,$2a$04$HbMRcBcjJswkJAR5nwFujOSDka7dGw2MWKhDYVpCGRoxMupjjjx4a,Brigham,Aujean,UROLOGY,DOC-KWP-36397,13,4969787125,598 Graceland Street,1948,CNY,http://dummyimage.com/250x100.png/dddddd/000000,2025-10-20 20:59:10
llindenboimfo@phoca.cz,$2a$04$/UCVPsYE92.9ROxhm1Je4.TOgirPwU8Z6U4wPUOBKmFa/6IOXlMCO,Lillian,Lindenboim,PATHOLOGY,DOC-RVD-19953,3,1074999615,27 Canary Alley,1069,CNY,http://dummyimage.com/246x100.png/ff4444/ffffff,2025-10-20 20:59:10
gloosemorefp@state.gov,$2a$04$YCxFyA2mmpac4QUmDYNOS.0vRnJXW.7LVHVCwe16D4Qi/0A1olatW,Godfrey,Loosemore,PATHOLOGY,DOC-JNG-17208,1,2545591966,731 Mosinee Parkway,1496,EUR,http://dummyimage.com/189x100.png/cc0000/ffffff,2025-10-20 20:59:10
tsuattfq@rediff.com,$2a$04$LcsIWhrjmVmeXg0X8yBQc.ogrGlyvQ/4glV4J6/HDF.BREfcQAFs.,Terry,Suatt,HEMATOLOGY,DOC-KKI-24163,6,3224295205,60 Stang Center,1862,BRL,http://dummyimage.com/196x100.png/dddddd/000000,2025-10-20 20:59:10
mchismonfr@cpanel.net,$2a$04$e6mBsACCBn2sqqFSPnW3qelrDIlE6OD9Agaa1787sFYB1nThlxSuW,Maury,Chismon,PEDIATRICS,DOC-FJX-18197,20,9408808950,49631 Armistice Terrace,782,PLN,http://dummyimage.com/211x100.png/5fa2dd/ffffff,2025-10-20 20:59:10
mdoorbarfs@xrea.com,$2a$04$zU982hKmFrlnhKQWBtDQC.jl6Y3XS4s47RegeYIBhTc5sHTWF2jd.,Marci,Doorbar,GENERAL_SURGERY,DOC-PUN-89106,15,6065187689,63718 Marcy Plaza,1992,USD,http://dummyimage.com/167x100.png/cc0000/ffffff,2025-10-20 20:59:10
wlongforthft@berkeley.edu,$2a$04$YKgRACfgFdjvxHmDQVPjMOhCW7PPBGMwEu2ATIBk7dhU06XGrg5my,Winnifred,Longforth,PULMONOLOGY,DOC-BFG-72231,15,6863154993,6185 Cody Drive,972,UAH,http://dummyimage.com/166x100.png/ff4444/ffffff,2025-10-20 20:59:10
cgowanlockfu@ehow.com,$2a$04$3I1e8ryCaOrz5.pd4j7BJOz.zguNLYlNH3rCKKPK31IUfJ7P7soCW,Curtice,Gowanlock,FAMILY_MEDICINE,DOC-PSY-09806,20,9813520728,1959 Kenwood Parkway,769,MUR,http://dummyimage.com/144x100.png/ff4444/ffffff,2025-10-20 20:59:10
csecretfv@economist.com,$2a$04$xXvk82jhO53kYpotGdoBruXJd1XQHfFExuFW.KZ4YlPAUa1iPy4CS,Con,Secret,ENDOCRINOLOGY,DOC-IEV-51283,10,5043743322,8 Hovde Place,1450,USD,http://dummyimage.com/137x100.png/cc0000/ffffff,2025-10-20 20:59:10
rcisecfw@zdnet.com,$2a$04$h5k5kmO0NCvqh6WEle24TODlPxrTAxbXNickNgr33V41I5lHr/zlW,Rupert,Cisec,DENTISTRY,DOC-DTS-11322,8,1382017402,1122 Portage Trail,1367,IDR,http://dummyimage.com/116x100.png/ff4444/ffffff,2025-10-20 20:59:10
dterbrugfx@tmall.com,$2a$04$flnkKd341Qf/IA0NgNMCxOeSrnHRVcS78HIOhuBbBus88BZrgAdpi,Deeyn,Terbrug,ONCOLOGY,DOC-ZIC-95696,2,3773332341,91 International Lane,1160,PLN,http://dummyimage.com/218x100.png/dddddd/000000,2025-10-20 20:59:10
jcumminsfy@chicagotribune.com,$2a$04$n2BFPE.5waQuZw6.jC/dye8dBVaD4QG00xc4lrdVa7nohxOo7VJPG,Jonah,Cummins,OPHTHALMOLOGY,DOC-MDV-08793,23,8713430464,366 Barnett Crossing,1296,THB,http://dummyimage.com/186x100.png/ff4444/ffffff,2025-10-20 20:59:10
dkilminsterfz@cafepress.com,$2a$04$Ha5YGSCcmi.4papO32skBe/O2zREI6.bQmksCiUHcmCxXIN8IR7cy,Dallas,Kilminster,EMERGENCY_MEDICINE,DOC-UOM-70369,5,3924787948,29 Grayhawk Crossing,1211,CAD,http://dummyimage.com/228x100.png/5fa2dd/ffffff,2025-10-20 20:59:10
ploudyang0@unblog.fr,$2a$04$1J/HWS9wWsIbJuXhPMrPYO9.YcI.qcBCYxf1/3AEInjKb6ByzzCua,Prudy,Loudyan,INFECTIOUS_DISEASE,DOC-GLV-34361,13,7795357419,38 Lakewood Gardens Plaza,1526,GTQ,http://dummyimage.com/160x100.png/5fa2dd/ffffff,2025-10-20 20:59:10
jbasshamg1@jugem.jp,$2a$04$OEB1D9B3YBg3kUOnFeKvze3Nn7333an1I/G943jJPBJUL6HVlk8xG,Jehanna,Bassham,FAMILY_MEDICINE,DOC-EBD-84856,9,6263909543,99 Birchwood Junction,794,PEN,http://dummyimage.com/111x100.png/dddddd/000000,2025-10-20 20:59:10
ggaymerg2@wired.com,$2a$04$CNDl6HjDrMwRNrrY0bryoeu0.gDeq.2HcgjDL9/por1MgIl5iForq,Gretta,Gaymer,IMMUNOLOGY,DOC-DWT-78710,7,2113549856,7595 Westend Street,1361,RUB,http://dummyimage.com/152x100.png/cc0000/ffffff,2025-10-20 20:59:10
vpaliag3@ovh.net,$2a$04$..g3DjMy2U4DFp9Wr8xYWeZd1fcECzaqbeWFKfnYRhr0DciXX3QAC,Victoria,Palia,INTERNAL_MEDICINE,DOC-WLA-47046,1,3265672880,33 Holy Cross Terrace,1372,ILS,http://dummyimage.com/110x100.png/cc0000/ffffff,2025-10-20 20:59:10
kalking4@canalblog.com,$2a$04$gQaZxxFt/brU.4GHiBsp5.qcXh5cMlieWjCFcBiY1PUpU35vGSlVm,Kyrstin,Alkin,CARDIOLOGY,DOC-VAU-82783,20,9377044129,06665 Anzinger Junction,1125,CNY,http://dummyimage.com/106x100.png/ff4444/ffffff,2025-10-20 20:59:10
jgrealeyg5@indiatimes.com,$2a$04$Q8dl2GQ86SpYcWMhtMdn4uad9QAy95dAXTLaBGW9mMlhE8PPJ4M6O,Jillie,Grealey,SPORTS_MEDICINE,DOC-KIK-79977,20,4972444772,84295 Manufacturers Trail,1196,UAH,http://dummyimage.com/108x100.png/cc0000/ffffff,2025-10-20 20:59:10
kducketg6@thetimes.co.uk,$2a$04$3HFJ4HVr30x0zjxXmM5adueLVJPmuVUA1fA56Vwx1rx.h3GrAiEXa,Kira,Ducket,INTERNAL_MEDICINE,DOC-FIQ-13790,22,2829984927,8319 Crescent Oaks Lane,1254,CNY,http://dummyimage.com/188x100.png/dddddd/000000,2025-10-20 20:59:10
ypointg7@virginia.edu,$2a$04$fhyUU/6sC2frfVyNlU99BeaQuHLyV3mo.8urqc/4npzt/SYTt1eYC,Yehudi,Point,GASTROENTEROLOGY,DOC-JIH-09435,20,8013973568,28644 Corscot Hill,730,PKR,http://dummyimage.com/126x100.png/dddddd/000000,2025-10-20 20:59:10
epilchg8@yellowpages.com,$2a$04$I2u3pY6xGA5VX3HeIVA28unmdcOoBxB7F4qBu1iFwRfdZBQxzyGWu,Eimile,Pilch,RHEUMATOLOGY,DOC-RMW-49020,25,8908917662,4 Oneill Place,1545,RUB,http://dummyimage.com/104x100.png/ff4444/ffffff,2025-10-20 20:59:10
chiggeng9@wp.com,$2a$04$BuYU53AN037KG.XX1j4K.ush2zeqV4hR1hjQ5H6jy4hWwBg9UJFsu,Coriss,Higgen,PEDIATRICS,DOC-VLQ-99128,9,6225007893,72768 Dunning Avenue,767,IDR,http://dummyimage.com/168x100.png/5fa2dd/ffffff,2025-10-20 20:59:10
wwaplintonga@alibaba.com,$2a$04$g6fVOxhLHCIvMfC7SX.HWe9VTYRHmf3AGKfZUTFhBX/hxcxrczXLG,Ware,Waplinton,NEUROLOGY,DOC-VIO-41630,12,6079249776,4 4th Junction,775,EUR,http://dummyimage.com/112x100.png/dddddd/000000,2025-10-20 20:59:10
gcollensgb@xinhuanet.com,$2a$04$z.mRoEgK6BH7/aVXgApeLOwgRMVioqI/NyUJZGJOGecSsNfAH58J6,Garvey,Collens,PEDIATRICS,DOC-ZFW-19738,24,3416915802,52552 Stuart Hill,1714,COP,http://dummyimage.com/142x100.png/5fa2dd/ffffff,2025-10-20 20:59:10
wgiraldogc@slideshare.net,$2a$04$n6mPU0MUCLVcmrE5jBV1mudI/Sw8qnPXhefr7ZL4DgPdnGoL.Ym7a,Wynn,Giraldo,ONCOLOGY,DOC-DOF-63064,2,7043845397,423 Arizona Way,958,USD,http://dummyimage.com/118x100.png/ff4444/ffffff,2025-10-20 20:59:10
jmoraisgd@desdev.cn,$2a$04$Ro15.5yDsNkyAE3TMglKGuThku5ODCjE6vXkTwoXkAyTHd.TwRu.2,Joscelin,Morais,ONCOLOGY,DOC-FQU-13992,3,6262427948,1226 Dixon Trail,733,IDR,http://dummyimage.com/201x100.png/5fa2dd/ffffff,2025-10-20 20:59:10
tmantonge@va.gov,$2a$04$LEK3J7T/fnlhNjW3XwNb3OTjkDDA1XWGxGLG.L2iB5qXW49zaC9sa,Teador,Manton,RHEUMATOLOGY,DOC-RWP-84913,9,2245826683,61057 Lotheville Pass,707,DOP,http://dummyimage.com/127x100.png/5fa2dd/ffffff,2025-10-20 20:59:10
kdumigangf@4shared.com,$2a$04$2Pr444CgMOzg9iBvd8d6gOux29EgtWoga2pV.1zXwhDIfv0VCZZk2,Kaila,Dumigan,GYNECOLOGY,DOC-STY-09380,13,2837839844,5 Morningstar Park,1591,CNY,http://dummyimage.com/103x100.png/5fa2dd/ffffff,2025-10-20 20:59:10
pporttgg@1688.com,$2a$04$iW1NobpPl3D0bk.PKBCw7.SrhxBCxLyy/GXMu7CNA7CBwY7/rQRSO,Peder,Portt,GENERAL_SURGERY,DOC-UOB-38790,7,1011624302,85 Mccormick Terrace,752,BRL,http://dummyimage.com/207x100.png/5fa2dd/ffffff,2025-10-20 20:59:10
ywingeattgh@linkedin.com,$2a$04$9EPFM/LkGeyszgK5hIy5PeeQBgVRF6HtL7Qa9p7e5YdrCzEJAVmSK,Yorke,Wingeatt,ONCOLOGY,DOC-AHX-62585,25,4697739977,278 Twin Pines Terrace,1880,USD,http://dummyimage.com/181x100.png/dddddd/000000,2025-10-20 20:59:10
mfeeneygi@cnn.com,$2a$04$f4xZrnbLlPjlj1shT0fACuRaUIJQZS55BkaqB8pXIbTqQsKhZ04/C,Matteo,Feeney,SPORTS_MEDICINE,DOC-NVQ-13692,20,6003059939,325 Bowman Park,1010,NIO,http://dummyimage.com/216x100.png/ff4444/ffffff,2025-10-20 20:59:10
hbanaszkiewiczgj@bizjournals.com,$2a$04$Las7nGTVSnheZNWPM5NEku31xpdBjAR6ydGDxJfdWCNp1C.iw5sgG,Haskel,Banaszkiewicz,ONCOLOGY,DOC-NBA-14839,24,2057243234,098 Vermont Road,1461,PLN,http://dummyimage.com/199x100.png/5fa2dd/ffffff,2025-10-20 20:59:10
ichasemoregk@mtv.com,$2a$04$X2nL7..fE1nQhKFdSSItT.jvNaKROSNTxp5PfkE7cZYacqE/J3rJ6,Ibrahim,Chasemore,FAMILY_MEDICINE,DOC-VEN-84665,16,9909771075,6 Dahle Center,1730,CNY,http://dummyimage.com/145x100.png/5fa2dd/ffffff,2025-10-20 20:59:10
woelsgl@squidoo.com,$2a$04$mWzgneiEwDxytWjMBpJMXeudjR9KAy5SXNAEmgCvELOwAmM8ggJeS,Wilburt,Oels,NEUROLOGY,DOC-PZE-70510,17,2897201100,70 Old Gate Alley,1253,ARS,http://dummyimage.com/190x100.png/dddddd/000000,2025-10-20 20:59:10
ljayumegm@berkeley.edu,$2a$04$.LHV40cAvIFcmnD/J6321eOoEjeYpJPtZFewxVA8VPfpe1UvU2VxS,Leeanne,Jayume,PSYCHIATRY,DOC-YZT-87581,25,1732836590,60 Sycamore Road,1137,RUB,http://dummyimage.com/234x100.png/cc0000/ffffff,2025-10-20 20:59:10
bmarchign@1688.com,$2a$04$ZJDx/yNQpDUjaUo1HcjygubReOFKnvD4N/uNsKXynPi9o2DTx5IZ6,Beverlee,Marchi,PLASTIC_SURGERY,DOC-AIE-20511,23,5948458904,59 Emmet Terrace,636,PEN,http://dummyimage.com/174x100.png/cc0000/ffffff,2025-10-20 20:59:10
lblewgo@1und1.de,$2a$04$0HCrkw8r5P8DXlQeN.8evOAIRLNwNVzKb..hg2oCRkydbPDFqK16O,Linell,Blew,UROLOGY,DOC-PHO-14095,1,6078133161,57221 Old Shore Center,1547,CNY,http://dummyimage.com/233x100.png/5fa2dd/ffffff,2025-10-20 20:59:10
msparwellgp@hugedomains.com,$2a$04$cW0p5nqiua52DPK097mb3e.IV0rPIak7vmjmWUK5NX/KGQmLRxwvy,Max,Sparwell,ONCOLOGY,DOC-HUI-68647,17,8383467561,4976 Kensington Court,1057,RUB,http://dummyimage.com/126x100.png/5fa2dd/ffffff,2025-10-20 20:59:10
cvolksgq@last.fm,$2a$04$vF7lMAbhDQTCH/0h3OfDSOU3VRJihc2Qja.xWrx11DV.1DFfCElMm,Clarine,Volks,INTERNAL_MEDICINE,DOC-HEK-80602,20,5285212004,797 Morning Alley,1242,IDR,http://dummyimage.com/172x100.png/5fa2dd/ffffff,2025-10-20 20:59:10
caccumgr@jugem.jp,$2a$04$tL5cRbqv3m0Zm2UTI/Guau2PTUrnu0h04zwpo8A6aDklGLWu7cRUa,Carmela,Accum,ENT,DOC-VMO-44950,25,9739137673,9 2nd Parkway,883,RUB,http://dummyimage.com/166x100.png/dddddd/000000,2025-10-20 20:59:10
rpurdeygs@amazonaws.com,$2a$04$iHmDBR3r9pR3SNDPs9DTyekPLMmGeRVRLLZyIjgUXfatqcEhEyEB.,Rosanne,Purdey,CARDIOLOGY,DOC-OUH-28551,25,6021986380,26905 Vidon Terrace,1930,BRL,http://dummyimage.com/226x100.png/ff4444/ffffff,2025-10-20 20:59:10
bloundsgt@japanpost.jp,$2a$04$gys0wD.Vya4AqK/KvCie6eZJBECee1lWQW8dDTsIZRRNkJIXVDfTa,Barri,Lounds,ENDOCRINOLOGY,DOC-HWQ-44081,5,3926122105,3308 Jenna Terrace,1338,BRL,http://dummyimage.com/213x100.png/dddddd/000000,2025-10-20 20:59:10
gchilversgu@webs.com,$2a$04$JybhtbEqBoJd/LEeYm2B9.QOoRuN1augnzqNhl6JfUgTAoWw/hOXW,Goldie,Chilvers,RHEUMATOLOGY,DOC-QDV-42270,22,5054428378,2 Macpherson Hill,644,USD,http://dummyimage.com/208x100.png/dddddd/000000,2025-10-20 20:59:10
tsidnallgv@networksolutions.com,$2a$04$mVWbrjvWiMLmXcnHFC8WDeQQsdLBsl6CbdrAXXoGvWgBglNhHZXsO,Trista,Sidnall,RHEUMATOLOGY,DOC-DIO-22232,13,7696728750,3482 Leroy Junction,1912,SYP,http://dummyimage.com/222x100.png/ff4444/ffffff,2025-10-20 20:59:10
rdasentgw@economist.com,$2a$04$y6EliscmrVEIns6IMb8ZDunwyOMgNnd1tZJAenu6v4SvH72aGrLaC,Rodney,Dasent,DERMATOLOGY,DOC-NHK-64448,22,4489476296,528 Montana Park,1066,SYP,http://dummyimage.com/241x100.png/ff4444/ffffff,2025-10-20 20:59:10
fgrzeszczykgx@engadget.com,$2a$04$WJWaqINmQFUHW9bwDDafuexAerx/GMlHxRyc2MgkvkjfdfTPQiG1W,Freda,Grzeszczyk,EMERGENCY_MEDICINE,DOC-VAG-72373,17,2781976683,08 Hallows Pass,958,CNY,http://dummyimage.com/148x100.png/ff4444/ffffff,2025-10-20 20:59:10
lbaudrygy@ed.gov,$2a$04$CJ1uPLX.fzPL1o0hvkIQguU9LqNv1iTVFq2NL1bjjpv2Yf.GCZ/Qq,Layne,Baudry,PEDIATRICS,DOC-ZBY-88182,9,4325909250,9 2nd Avenue,1049,IDR,http://dummyimage.com/101x100.png/dddddd/000000,2025-10-20 20:59:10
gquaylegz@bloglines.com,$2a$04$2AqXBTGKV/TjGHAcntRuuOH7dqrRe7p.QRQwsCnqYeVn0p6D3dxsa,Gregoire,Quayle,DERMATOLOGY,DOC-TNN-72007,6,4634125406,10357 Basil Place,1813,RUB,http://dummyimage.com/110x100.png/ff4444/ffffff,2025-10-20 20:59:10
tventrish0@constantcontact.com,$2a$04$xF3RG1rclU9sFLuxAPhBXesD7CLvhiNfL1uxLxqm6kZaVrA9CBgfC,Tate,Ventris,GENERAL_SURGERY,DOC-ZCM-26443,15,8365808110,52534 Bluestem Court,1078,CNY,http://dummyimage.com/242x100.png/5fa2dd/ffffff,2025-10-20 20:59:10
dmilsaph1@hexun.com,$2a$04$g4t1OO.M8SBqMVWHEX0z7O3spdzBHXShubcwHHsj9s/v77XKaoL2G,Daniele,Milsap,OPHTHALMOLOGY,DOC-YJG-78696,1,8908664619,101 Sunbrook Road,1669,EUR,http://dummyimage.com/121x100.png/5fa2dd/ffffff,2025-10-20 20:59:10
mnetherwoodh2@businesswire.com,$2a$04$psgykdOcoa7QJkX3RuavRuU13rgneVrTjpqmyjMyW6E29AYEOxOv.,Mariam,Netherwood,GYNECOLOGY,DOC-PCE-82858,24,6028621321,6218 Buhler Lane,619,XCD,http://dummyimage.com/231x100.png/cc0000/ffffff,2025-10-20 20:59:10
ghovieh3@cyberchimps.com,$2a$04$rzeP5EA/F0.XYDfQI3sUye49VoMFOfmRgKH8JBZVs47eVKrfxqN52,Gibby,Hovie,PATHOLOGY,DOC-BUL-59455,15,2824107743,986 Farwell Street,1406,NGN,http://dummyimage.com/107x100.png/dddddd/000000,2025-10-20 20:59:10
tpeytoh4@economist.com,$2a$04$CgwLNJPtlbi3i1UuADvGd.c5MT2Jy5LjR2ZxjIFZXTJX1VhiMn9QO,Thaddeus,Peyto,CARDIOLOGY,DOC-ARD-74751,11,2167041167,49426 Mayer Road,1478,USD,http://dummyimage.com/154x100.png/dddddd/000000,2025-10-20 20:59:10
brodgeh5@va.gov,$2a$04$lELL9XsqEAb9bm52270sI.L8mzGYygZwRlNxqa2KYPD5q9dnugyly,Belle,Rodge,DENTISTRY,DOC-NXB-24038,10,7887925009,12691 Summerview Street,1114,RUB,http://dummyimage.com/199x100.png/cc0000/ffffff,2025-10-20 20:59:10
dtrusslerh6@blinklist.com,$2a$04$o3o.7UBe5.AfKHiGltSYl.vaveRSZBtad6.u8J3vwaPN74SRH5mNK,Debera,Trussler,GASTROENTEROLOGY,DOC-NNE-27057,10,5234489297,3876 Ohio Lane,1409,EUR,http://dummyimage.com/184x100.png/5fa2dd/ffffff,2025-10-20 20:59:10
jwernherh7@addthis.com,$2a$04$Mz7ww10AfcQpm/f1YxIdoe9379s5.9lb1sXvWOG4hCE9kmqbLAVXu,Janis,Wernher,GENERAL_SURGERY,DOC-POB-32276,16,5109545761,5 Hollow Ridge Court,1545,CAD,http://dummyimage.com/140x100.png/cc0000/ffffff,2025-10-20 20:59:10
nbuckbeeh8@netscape.com,$2a$04$fZ7z4U9ZLVOMB9mH5D0UDOnKHGQ/mc0c6xaAzF7s4NyW3K5kiscpK,Nikita,Buckbee,FAMILY_MEDICINE,DOC-JLB-41874,25,6655950967,515 Northfield Trail,632,EUR,http://dummyimage.com/163x100.png/ff4444/ffffff,2025-10-20 20:59:10
pmuggeridgeh9@aol.com,$2a$04$i0XdXHIhM4TOdZG7C/ljGOA6GL7ldYq6LD5YhImVLU4QuIArSRnRu,Portia,Muggeridge,NEUROLOGY,DOC-WRI-38739,19,4381587806,03 Merchant Terrace,1246,PHP,http://dummyimage.com/146x100.png/cc0000/ffffff,2025-10-20 20:59:10
echasteauha@ezinearticles.com,$2a$04$VegPAJTciFkgCLYSJu0z.elMtf/BjFwiAvR9j0ZcUoSWPdl.EOj06,Ede,Chasteau,PSYCHIATRY,DOC-UGP-70345,2,7391833387,14 Dawn Park,1411,RUB,http://dummyimage.com/245x100.png/cc0000/ffffff,2025-10-20 20:59:10
sorrahhb@cmu.edu,$2a$04$GuGAPOIGGBPJS9Hja.f9KOSIEncGRoshBRrQi6KJm.NLeDWxdREL6,Shea,Orrah,PLASTIC_SURGERY,DOC-ANP-43224,19,8942407278,7634 Declaration Hill,1003,UAH,http://dummyimage.com/101x100.png/5fa2dd/ffffff,2025-10-20 20:59:10
dtryehc@behance.net,$2a$04$S9A66u6Bx5AdKYgI.UosJ.C1VejOd6luifq0Oq0BvPj1FSeFW8/pO,Danyette,Trye,RADIOLOGY,DOC-XGZ-55990,15,4292534728,66435 Mallory Terrace,656,IDR,http://dummyimage.com/179x100.png/cc0000/ffffff,2025-10-20 20:59:10
bivellhd@creativecommons.org,$2a$04$GqhLD6p58hWD6VKMZgiqpuE47RUxHT3/oeSbxYhC3DGmkiDwjCBDq,Britt,Ivell,GYNECOLOGY,DOC-QXW-25024,20,5445381255,57 Bluejay Terrace,1154,JPY,http://dummyimage.com/123x100.png/5fa2dd/ffffff,2025-10-20 20:59:10
bgerrithe@technorati.com,$2a$04$6IH0Y13ed8/JDj.4gCPrguWkj0jKq7E3nQ8lu5WM74bjkcID078O2,Bradford,Gerrit,CARDIOLOGY,DOC-FEX-96711,10,4383632416,62163 Corry Trail,516,PHP,http://dummyimage.com/107x100.png/cc0000/ffffff,2025-10-20 20:59:10
dbickershf@tinypic.com,$2a$04$PeDcltcguNvrvMSHSi0yQ.AUUC6ckwZ85ECzkwymOUsL3i0coeH5O,Domenic,Bickers,PULMONOLOGY,DOC-VVA-90898,8,9932457250,02416 Sycamore Pass,1571,BRL,http://dummyimage.com/160x100.png/dddddd/000000,2025-10-20 20:59:10
dpegghg@cisco.com,$2a$04$2ClVEVyEIqGJlnw0B.Ztr.TSX55qvLPWJyRDm0pUBv4u2BB3FEF5O,Davina,Pegg,DERMATOLOGY,DOC-IDV-19191,13,8589547049,34 Sherman Circle,771,IDR,http://dummyimage.com/123x100.png/5fa2dd/ffffff,2025-10-20 20:59:10
sbarehamhh@washington.edu,$2a$04$V6DNmaX6l96.sJlQ6dMn1uzY8i4608k5UBoEUKyq.R39HEsdAR81.,Sarette,Bareham,HEMATOLOGY,DOC-NCZ-78625,13,9482179289,34530 Claremont Alley,1817,CNY,http://dummyimage.com/193x100.png/5fa2dd/ffffff,2025-10-20 20:59:10
jmiebeshi@microsoft.com,$2a$04$HbNpajaVeJutCrM9XBg.2eikljpyCG3egB902kIXXQxR.YqPUsKdq,Jerrilee,Miebes,PLASTIC_SURGERY,DOC-QLC-53814,23,8182418354,00 Glacier Hill Center,1196,RUB,http://dummyimage.com/195x100.png/5fa2dd/ffffff,2025-10-20 20:59:10
vcottesfordhj@un.org,$2a$04$fnfNpITBF3nl2svGbeOAduBz1mCjEBXuuYNR59Vs4cKT/ge/NE87.,Vitoria,Cottesford,GYNECOLOGY,DOC-EUS-18336,9,1467427353,49784 Doe Crossing Park,1419,ILS,http://dummyimage.com/232x100.png/cc0000/ffffff,2025-10-20 20:59:10
lweblandhk@sciencedirect.com,$2a$04$minRVw9nx9gx1vt/IuwpTeGuzTaoUOST2t6Xo3aKk2eMnGH91u0M6,Lon,Webland,OPHTHALMOLOGY,DOC-PMK-20769,16,5939348781,64888 Bowman Drive,1374,CNY,http://dummyimage.com/151x100.png/5fa2dd/ffffff,2025-10-20 20:59:10
cbookerhl@google.it,$2a$04$WpFxzTVHvs9Qer9XuXMsxOVVTB.Sm4kAWte/YXMAUIaKWhW0O2uVu,Carey,Booker,CARDIOLOGY,DOC-EXD-08085,23,1645227349,6122 Spaight Parkway,1411,PEN,http://dummyimage.com/113x100.png/cc0000/ffffff,2025-10-20 20:59:10
rgaskerhm@patch.com,$2a$04$jnSPf3MQcOdr5HWBHyaBVe3uS.7MXtELq8le6TdrHVPxWEgWKuTcW,Rivi,Gasker,IMMUNOLOGY,DOC-LWK-45561,8,3055703709,968 Forest Run Crossing,552,PHP,http://dummyimage.com/144x100.png/dddddd/000000,2025-10-20 20:59:10
tquirkhn@sciencedaily.com,$2a$04$kv2QjNITbYFgAWf/0tMQR.YUJcsMb5mg2x0fayAPEtvGJwjgxp7la,Terence,Quirk,ONCOLOGY,DOC-WGV-85478,25,2828616551,9 North Avenue,520,CNY,http://dummyimage.com/174x100.png/ff4444/ffffff,2025-10-20 20:59:10
agaunterho@oaic.gov.au,$2a$04$OOR3eqTxkCY4Mk07L3ij7OB09lQW2ZvCyjT8PoToREeV5F1ijR7zq,Almeria,Gaunter,OPHTHALMOLOGY,DOC-QKM-34401,23,8681690648,70603 Lillian Junction,1104,PHP,http://dummyimage.com/218x100.png/ff4444/ffffff,2025-10-20 20:59:10
vprigghp@mit.edu,$2a$04$siSyKCo02E1jHktKczbPwONDZu4/pVJt7jb3sCyhrNCtUPDyHO2d2,Vic,Prigg,CARDIOLOGY,DOC-WYP-01630,18,7226429888,71 Center Court,603,EUR,http://dummyimage.com/167x100.png/cc0000/ffffff,2025-10-20 20:59:10
dsprowsonhq@berkeley.edu,$2a$04$/vfbGiwC94JvKHtCO/uRLOwBcwsmmexBBnmBhPUjPHzoiUSMQW3Qu,Darrelle,Sprowson,INFECTIOUS_DISEASE,DOC-RLF-43142,6,8577398764,330 Pine View Way,884,ARS,http://dummyimage.com/116x100.png/5fa2dd/ffffff,2025-10-20 20:59:10
dwarkhr@github.io,$2a$04$kWBbSUj0v30ZqYgipkd9bOBNRi6sbVDI.jt9k1sog6Ijqr4n.6OVK,Delcina,Wark,IMMUNOLOGY,DOC-ZSJ-69515,15,7741137258,9 School Parkway,1735,NGN,http://dummyimage.com/185x100.png/ff4444/ffffff,2025-10-20 20:59:10
acouchhs@aboutads.info,$2a$04$yczwXrDTYVVk8wJvwzO/1OqJJqoDjyaZtUPukoQX2wv5uv5.vt2Oi,Arlan,Couch,PEDIATRICS,DOC-WRG-30957,20,6518289341,8 Bonner Center,1561,IDR,http://dummyimage.com/222x100.png/ff4444/ffffff,2025-10-20 20:59:10
hvuitteht@utexas.edu,$2a$04$F2.p.2dzFnYNnFdtjyk6uuq9HgMpNErW31ZaT1OEaCyLhp4vIDZ5a,Hardy,Vuitte,ENDOCRINOLOGY,DOC-IZK-20897,13,3618798531,6734 Westend Point,1881,NGN,http://dummyimage.com/202x100.png/ff4444/ffffff,2025-10-20 20:59:10
mtoffolonihu@wikispaces.com,$2a$04$Igq/93LvSBtUhtj.auk1CuNMU4VNzdMBvu/3sgRqFgGeu78ZXiWSq,Murdoch,Toffoloni,OPHTHALMOLOGY,DOC-INT-75796,4,3402428892,96608 Kedzie Junction,579,IDR,http://dummyimage.com/147x100.png/cc0000/ffffff,2025-10-20 20:59:10
sfiskhv@newsvine.com,$2a$04$FA.eQS8E.LFlH.9acR7tCOCnOBOc2Ju7IXyWVACIomAnHmsiqiTN6,Serene,Fisk,PATHOLOGY,DOC-OKM-73563,6,5991215843,54586 Bowman Road,852,PLN,http://dummyimage.com/250x100.png/5fa2dd/ffffff,2025-10-20 20:59:10
fmacalesterhw@nifty.com,$2a$04$2lgYmAIIJt4jN5kUkl9LR.O0oG1fd2WUny2IbYp.wbIHGdfz5vSN.,Fiann,MacAlester,RHEUMATOLOGY,DOC-KEE-23225,12,7869817165,7 Toban Junction,1481,PHP,http://dummyimage.com/100x100.png/ff4444/ffffff,2025-10-20 20:59:10
mgeallhx@goodreads.com,$2a$04$SRvNoGdNxg69Hv6sx0iE3.ldWGt2su1GCSFhzfPXM80R.8ReWjsaK,Melisandra,Geall,OPHTHALMOLOGY,DOC-QEH-21328,16,3377460902,20040 Carey Circle,1830,PLN,http://dummyimage.com/220x100.png/5fa2dd/ffffff,2025-10-20 20:59:10
rmeasehy@webeden.co.uk,$2a$04$lYsppE6TKryx/kMkwV7r6OChNSlAOYYSc0wbG4yr1mvfFByEaGH0G,Rona,Mease,EMERGENCY_MEDICINE,DOC-WOV-39271,23,8863373095,7036 Morningstar Way,1153,PEN,http://dummyimage.com/182x100.png/ff4444/ffffff,2025-10-20 20:59:10
gfearnsidehz@engadget.com,$2a$04$SOSGkEH0wjH3qEepEER4HONZI7b2SaZjHa.1CPnEtp/lRa7MaX2Ha,Gram,Fearnside,PSYCHIATRY,DOC-FVB-54267,4,1701313560,6614 Hudson Center,653,RUB,http://dummyimage.com/176x100.png/dddddd/000000,2025-10-20 20:59:10
asydneyi0@ucsd.edu,$2a$04$94Ye8XBw4.Xvyjna03qd1.nMmlMN7pRcjH3RWp7gJR5rWKfgxupVy,Abeu,Sydney,PLASTIC_SURGERY,DOC-YAZ-73116,15,5748540456,37 Holmberg Circle,1591,EUR,http://dummyimage.com/121x100.png/dddddd/000000,2025-10-20 20:59:10
eblaxilli1@acquirethisname.com,$2a$04$nDfLkSrEjL1WF0gSRLuSU.iALuUCHDo.03AgxG4haq25IqzuBJz7.,Emmy,Blaxill,ENDOCRINOLOGY,DOC-JCB-60191,8,1457615358,90 Del Sol Parkway,1469,CLP,http://dummyimage.com/181x100.png/5fa2dd/ffffff,2025-10-20 20:59:10
tturpiei2@typepad.com,$2a$04$NvNummQ.laNn1OvaItcuOeqaIBmS/Q7BZ306MhZt6RLZQbKijyQBe,Tades,Turpie,NEPHROLOGY,DOC-PGD-98324,21,8443597803,288 Laurel Trail,747,BAM,http://dummyimage.com/104x100.png/ff4444/ffffff,2025-10-20 20:59:10
ctartei3@people.com.cn,$2a$04$fmtqhg9Y7qLgeKA.TuSvHuc.RPgpQDSRfRk6EM3dYSkERiNxZ5.je,Clerissa,Tarte,PULMONOLOGY,DOC-SMJ-10002,19,4017616808,7527 Blue Bill Park Crossing,1004,CNY,http://dummyimage.com/210x100.png/dddddd/000000,2025-10-20 20:59:10
rquinneti4@digg.com,$2a$04$QKfnWeB5ZkzltUFtFToiCeXXurdbNrqKA9qQ4TbLm9oTFW30hYb5O,Roxine,Quinnet,NEPHROLOGY,DOC-THP-54380,22,4857934167,376 Nobel Alley,789,MKD,http://dummyimage.com/155x100.png/cc0000/ffffff,2025-10-20 20:59:10
fslisbyi5@zdnet.com,$2a$04$w/1hoURlmiTiPkpZ3JCW8.oytamb.cA4FtZypLkzCD0jPNxyMJSfG,Florenza,Slisby,PULMONOLOGY,DOC-XMT-13541,25,3272568718,33155 Delladonna Crossing,849,IDR,http://dummyimage.com/107x100.png/dddddd/000000,2025-10-20 20:59:10
wsidnelli6@ask.com,$2a$04$Gy1T2xpMcrixUFUnZ9lpMuJI0xSbyxfSRN2Ba0PRYNWbs/KLTIvyS,Wendel,Sidnell,DENTISTRY,DOC-PPV-95303,10,4926934659,0 Ramsey Drive,856,HRK,http://dummyimage.com/107x100.png/dddddd/000000,2025-10-20 20:59:10
ebrosii7@goo.gl,$2a$04$WHA8GEM1ZgPypDgugRTRC.BgOfruAUaoT7ygPJSTISYXLVUUy36ou,Erin,Brosi,ONCOLOGY,DOC-AZM-53608,24,5998362138,3 Maple Street,945,PLN,http://dummyimage.com/205x100.png/ff4444/ffffff,2025-10-20 20:59:10
aclowneyi8@youku.com,$2a$04$sneYFVGdfJUyr70mHfPyCesAjFLd0p.krq8YvZOGxMztOh75TNUAi,Ardelia,Clowney,IMMUNOLOGY,DOC-WZH-47580,17,7935326751,55 Center Center,1962,ARS,http://dummyimage.com/201x100.png/dddddd/000000,2025-10-20 20:59:10
fcroxleyi9@com.com,$2a$04$Der1nIsfV/r9mnL/mbCGheAWmY7fvj686j2f6Zi4qQgh3kGSvvMeS,Ferdinanda,Croxley,PLASTIC_SURGERY,DOC-KWI-60753,9,9331285560,2584 Warbler Drive,1800,UYU,http://dummyimage.com/239x100.png/ff4444/ffffff,2025-10-20 20:59:10
mlewingia@typepad.com,$2a$04$l6rjeRdrTOfAqeoH9Tsz.eFZzjgtFiifitwzydoNB5jyzOMe0wmfS,Myles,Lewing,FAMILY_MEDICINE,DOC-USW-96857,15,1038603325,7948 Talmadge Avenue,1095,CNY,http://dummyimage.com/151x100.png/ff4444/ffffff,2025-10-20 20:59:10
blowsonib@mashable.com,$2a$04$2DHdg919DGyAAqFyW8s2quAMLxMIrES0QyJij8/2HTjfO45G0QVCG,Boris,Lowson,DERMATOLOGY,DOC-VQT-35839,25,5757131953,4585 Fremont Center,868,COP,http://dummyimage.com/141x100.png/ff4444/ffffff,2025-10-20 20:59:10
mstiebleric@rakuten.co.jp,$2a$04$hfBF8S3VC7zmFhjIV6.Rze7.6pAFfR5k032My2Gd1ORMlAaqGMVv6,Marjy,Stiebler,ENDOCRINOLOGY,DOC-SSK-30881,2,3978790809,709 Old Gate Pass,1922,NGN,http://dummyimage.com/149x100.png/5fa2dd/ffffff,2025-10-20 20:59:10
bcoldbathid@bizjournals.com,$2a$04$6ycUyikWxGeDON8u07QUq.vDH/v1bFj07e1EW6Wbz727L1vjKsVwW,Blaine,Coldbath,ORTHOPEDICS,DOC-GMQ-29211,11,4649396879,94 Washington Center,1325,IDR,http://dummyimage.com/156x100.png/cc0000/ffffff,2025-10-20 20:59:10
shenkmannie@seesaa.net,$2a$04$IbXjIquj8d3pzBANzguzF.7mJexQHuPguy23npC0sJE7Sw1uDnG7e,Sharia,Henkmann,ENDOCRINOLOGY,DOC-JUA-38349,15,5744928209,4702 Grim Avenue,1555,IDR,http://dummyimage.com/208x100.png/5fa2dd/ffffff,2025-10-20 20:59:10
toslerif@abc.net.au,$2a$04$zuucQywjMEnyDGvi/tFr6egF4PxjoU.pJr8ShOzddDM.g.IUzA8Dy,Travers,Osler,ENDOCRINOLOGY,DOC-HHJ-08196,25,1532049582,13421 Glendale Pass,608,NGN,http://dummyimage.com/103x100.png/dddddd/000000,2025-10-20 20:59:10
nmcawig@boston.com,$2a$04$a/n8usCFKSmc81R3uwiq/.XavDilklWwogsZe2zLdAZHwSt6Yb9zu,Natka,McAw,IMMUNOLOGY,DOC-PWF-35388,21,3507196168,03816 Granby Junction,865,CNY,http://dummyimage.com/201x100.png/ff4444/ffffff,2025-10-20 20:59:10
flivickih@hatena.ne.jp,$2a$04$ScuhIiqg2sIu5JlJWVmikuhIrheu9r2k9rhkNV.r3UDdSsHg8a2t2,Fons,Livick,ONCOLOGY,DOC-YPA-69703,18,3503149388,73367 Mifflin Pass,1626,BRL,http://dummyimage.com/126x100.png/ff4444/ffffff,2025-10-20 20:59:10
medmansii@bbc.co.uk,$2a$04$SpIDojwy5IxxOln0haKlFuD8./rot0o9kZaQFjTPew.rFLORE5D0G,Marylinda,Edmans,ORTHOPEDICS,DOC-QMC-91520,21,4154201797,76375 Schurz Parkway,542,RUB,http://dummyimage.com/126x100.png/5fa2dd/ffffff,2025-10-20 20:59:10
mcheleyij@discovery.com,$2a$04$CZOkBif20ZY/FbrEI4GMDeWuj0RZFj8pCl6hPo5JEjECqMCCPzUde,Maegan,Cheley,OPHTHALMOLOGY,DOC-JGA-20759,8,7846533595,5 Lerdahl Court,788,CNY,http://dummyimage.com/140x100.png/ff4444/ffffff,2025-10-20 20:59:10
vstanfordik@slideshare.net,$2a$04$W3h5EMRgYqfHYsfFejhdxeLQz/cWinL534pcD6on.6zkWhQlioizG,Vinny,Stanford,INTERNAL_MEDICINE,DOC-JUZ-98961,19,6542452288,32794 Browning Place,1207,EUR,http://dummyimage.com/108x100.png/ff4444/ffffff,2025-10-20 20:59:10
kpeeveril@e-recht24.de,$2a$04$iys.gMO8xlPDzqKKdHBSauhQgBeIC6YI3nWYDxpy4WzlR7ydSpZFq,Kassia,Peever,CARDIOLOGY,DOC-YQM-50058,6,8728973808,8 Farragut Drive,924,PHP,http://dummyimage.com/112x100.png/5fa2dd/ffffff,2025-10-20 20:59:10
kalexandreim@people.com.cn,$2a$04$6wTEsLWxT.8WJjRpSsKBYOcbm/kjguQnn2DQADEPX42LlqqC5uFXq,Kenton,Alexandre,PLASTIC_SURGERY,DOC-MES-74277,14,9457728030,17859 Summer Ridge Circle,771,UAH,http://dummyimage.com/123x100.png/ff4444/ffffff,2025-10-20 20:59:10
hmathivonin@go.com,$2a$04$UGY3fxNvk1eYtNIlkI4Fp.LSRpzH/4GyU54stXTB7KuhiTXqm5NPy,Hartley,Mathivon,PULMONOLOGY,DOC-HCB-91721,15,6371680688,939 Cherokee Court,1323,CNY,http://dummyimage.com/196x100.png/cc0000/ffffff,2025-10-20 20:59:10
rsteffansio@netvibes.com,$2a$04$2XT0GHt3d7N29Ve7cq4trOOovrnafhlRnWnomzhbHLeDjscHdLNPm,Rourke,Steffans,PLASTIC_SURGERY,DOC-AHO-67750,1,6181144345,231 Artisan Road,1001,CNY,http://dummyimage.com/204x100.png/cc0000/ffffff,2025-10-20 20:59:10
wbrosterip@timesonline.co.uk,$2a$04$oNP9z3uE65zf/yYcu/jybehEwrs1qMIrZAI6Kl160duWDbNuspx4y,Winnah,Broster,OPHTHALMOLOGY,DOC-BLV-38848,3,6242185726,70508 7th Center,1510,BGN,http://dummyimage.com/150x100.png/dddddd/000000,2025-10-20 20:59:10
mwyreiq@engadget.com,$2a$04$bkBOPtaF4M1hdvksJArkCui5FhhcRdudhOH58qUvLaHxCU9xFYZpe,Mack,Wyre,RADIOLOGY,DOC-ILT-48164,10,5483443959,4 Springview Court,1136,EUR,http://dummyimage.com/145x100.png/cc0000/ffffff,2025-10-20 20:59:10
ayarmouthir@yellowbook.com,$2a$04$jUSqknfG85dgtjjxEW1Ty.UnQs8FgGVBz1Lok6cV7qlif8gGe2cCq,Arnold,Yarmouth,NEUROLOGY,DOC-ZDH-70880,21,2482147579,4 Lotheville Avenue,991,IDR,http://dummyimage.com/248x100.png/5fa2dd/ffffff,2025-10-20 20:59:10
brosebyis@simplemachines.org,$2a$04$DhEULy/zZYGhDqbeN7ZSgexFw/0DHoKtHHhrlebUO5F9npD3dv8Ue,Binky,Roseby,RADIOLOGY,DOC-ZLZ-41314,17,9644723361,4 8th Pass,540,ARS,http://dummyimage.com/121x100.png/dddddd/000000,2025-10-20 20:59:10
glidyardit@weibo.com,$2a$04$CQLS5tDCZ6Z3Jv9wFyEr3ezClcDAfZtcUbLLSxtDkAm2.C7X7k.J2,Gilbert,Lidyard,HEMATOLOGY,DOC-KDY-20366,8,2602234108,39196 Carpenter Plaza,587,USD,http://dummyimage.com/164x100.png/5fa2dd/ffffff,2025-10-20 20:59:10
nmcveeiu@scribd.com,$2a$04$SZjisAHpLvmLrZ.1wNHjpunIQW7ZNiB9G9g4koAArNA6C0Lc9ugEi,Nickolas,McVee,RHEUMATOLOGY,DOC-KDB-60571,23,8404351658,033 Linden Plaza,824,CNY,http://dummyimage.com/194x100.png/ff4444/ffffff,2025-10-20 20:59:10
pflaonieriv@psu.edu,$2a$04$SI3qui3jk.eBY.8MHvYIl.xy8ddBupH65kqjw8lfwI.w4VjJDLEyG,Palmer,Flaonier,CARDIOLOGY,DOC-XNX-74841,21,3206770387,8 Graedel Circle,958,IDR,http://dummyimage.com/188x100.png/dddddd/000000,2025-10-20 20:59:10
awhoralliw@shinystat.com,$2a$04$XHxlv5YgdUzmi6u3Mbkb9ujXhlxtnHFNdCaWcmFE3MvaAMheT7B.q,Alexis,Whorall,ENT,DOC-MUO-60540,23,7504529988,0 Fremont Avenue,1736,AMD,http://dummyimage.com/175x100.png/dddddd/000000,2025-10-20 20:59:10
wduffitix@msu.edu,$2a$04$OBr.u6l4fv6GT1zRVuumqOGl9Rtz3QO1MJadmBhwC9NES4OzURHZa,Windham,Duffit,SPORTS_MEDICINE,DOC-ADD-96651,3,4573279494,5049 Farmco Center,1091,CNY,http://dummyimage.com/230x100.png/ff4444/ffffff,2025-10-20 20:59:10
iolliveiy@mail.ru,$2a$04$KG2s/zf7CJoGqgyarmP4A.4fyCw1awYLGi6aOkzuIw1iiKps5NFzu,Isak,Ollive,PULMONOLOGY,DOC-DTA-80230,3,7963589402,27 Nelson Junction,1967,PHP,http://dummyimage.com/234x100.png/dddddd/000000,2025-10-20 20:59:10
lfaulliz@etsy.com,$2a$04$b44uEMZpY3jxzpnn0wFrsu2pNlOPZeyoDtBifv38VIj.JFKvs8IB6,Lynda,Faull,PULMONOLOGY,DOC-SPG-71320,2,3085998653,6 Meadow Vale Place,727,JPY,http://dummyimage.com/133x100.png/ff4444/ffffff,2025-10-20 20:59:10
pbottej0@creativecommons.org,$2a$04$duCzIVTiYZLaADIM6HTop.YgC1cyR2LkGCd0/AdfYqD/YLYg6OBiu,Phoebe,Botte,UROLOGY,DOC-CWE-06655,16,3714557512,22940 Jenna Street,1645,CNY,http://dummyimage.com/120x100.png/5fa2dd/ffffff,2025-10-20 20:59:10
aknowlingj1@de.vu,$2a$04$eFupwtdBGtb.O/VTmtaxP.Ac0gytSn/EBy5lN08tN6taL6LORbwSG,Anestassia,Knowling,ENDOCRINOLOGY,DOC-YJX-33344,5,7246688160,10858 Oakridge Center,1178,EUR,http://dummyimage.com/187x100.png/dddddd/000000,2025-10-20 20:59:10
jwakeleyj2@edublogs.org,$2a$04$AnFV2/iNIktS0/rmYfWuHub064A5wWObJtR63Io//w4A2N4hvLyDK,Josefa,Wakeley,GENERAL_SURGERY,DOC-PNX-66047,22,4669104096,6451 Maywood Plaza,1308,PHP,http://dummyimage.com/250x100.png/ff4444/ffffff,2025-10-20 20:59:10
hrevensj3@surveymonkey.com,$2a$04$TW/IYUwVErepa5w7YW9biuCNie0UB3WtLFJcvLpvNd0TmkLCKQtuC,Hartwell,Revens,NEUROLOGY,DOC-WAI-69478,9,9813181082,33 Lunder Point,689,BRL,http://dummyimage.com/215x100.png/dddddd/000000,2025-10-20 20:59:10
nnormantonj4@sciencedaily.com,$2a$04$XummSQ.xW9GLY4msljrx/OgugafxVPuAsl5FpiUhiuymDFHuNQpAi,Nobe,Normanton,PATHOLOGY,DOC-AUY-11251,12,8494922983,844 Mayer Street,1065,VEF,http://dummyimage.com/182x100.png/ff4444/ffffff,2025-10-20 20:59:10
mjillinsj5@blogtalkradio.com,$2a$04$Tj5lrjo3NeNkFv09rmD7AOmp.zIz5.REexf6pJ744EkiNaXtg2/4.,Margareta,Jillins,NEUROLOGY,DOC-KIQ-38866,5,3108613845,79179 School Road,1721,PLN,http://dummyimage.com/161x100.png/dddddd/000000,2025-10-20 20:59:10
smaddoxj6@ucsd.edu,$2a$04$62APB2ULNU2gzIcJ57pljuqw2ayyTwPCOgjHW3F5zPD.858vafPaK,Stephie,Maddox,PULMONOLOGY,DOC-PAY-75163,4,8641879325,85 Fieldstone Pass,1050,IDR,http://dummyimage.com/100x100.png/cc0000/ffffff,2025-10-20 20:59:10
dgarlingj7@businessinsider.com,$2a$04$xGzzTiJ8urUxXYImXxYsp.O55g5EGdKbSfyDGAVlOCEvIQv6EzH6m,Davide,Garling,NEPHROLOGY,DOC-KMO-82394,18,6961334465,2755 Eggendart Junction,1800,THB,http://dummyimage.com/198x100.png/ff4444/ffffff,2025-10-20 20:59:10
smoizerj8@springer.com,$2a$04$Ji//1NglktLi/17MvWa9PuZNxZLSnbiWpu/iXxL3wJycgWBwBcS2.,Salim,Moizer,DERMATOLOGY,DOC-ZAF-44067,25,9528845929,5 Hoard Terrace,891,AMD,http://dummyimage.com/157x100.png/cc0000/ffffff,2025-10-20 20:59:10
rspinellij9@aboutads.info,$2a$04$ksfYuFgbrZU1w2kjRZU7ye/LktSG7DhRryr4AqN4D8CSKwQVIDz/q,Reinaldo,Spinelli,GASTROENTEROLOGY,DOC-UON-49440,15,2128312168,5 Moose Way,1316,UAH,http://dummyimage.com/246x100.png/cc0000/ffffff,2025-10-20 20:59:10
pedelja@si.edu,$2a$04$ttRhNpBeeAAswleRn7UGbe.luPAXA97KlCRIv5Z4gkNY8zNzXfMUi,Putnam,Edel,UROLOGY,DOC-RSL-97965,21,1521100285,8 Sunnyside Junction,1193,PKR,http://dummyimage.com/153x100.png/ff4444/ffffff,2025-10-20 20:59:10
mcrummiejb@tumblr.com,$2a$04$WFeJ9JynnI2yiHruLCHkO.RflyN6fZ.Uk/OR6tfxLme2rdNkkXWL2,Mack,Crummie,UROLOGY,DOC-WZL-40412,3,3963632354,18899 Dennis Way,1923,EUR,http://dummyimage.com/148x100.png/ff4444/ffffff,2025-10-20 20:59:10
hjanningjc@vinaora.com,$2a$04$/vK2ZrONefaoblD/ukYWC.lG6Z3kbWuYOCjb1xpcSFJCEgoXyJhVO,Hyacinth,Janning,GASTROENTEROLOGY,DOC-VAK-40298,12,6879908353,75 Dayton Lane,636,RUB,http://dummyimage.com/141x100.png/5fa2dd/ffffff,2025-10-20 20:59:10
hkillshawjd@phoca.cz,$2a$04$6CMBtcPlJ2vdGqQJAouBieBaqGIIcMpQ0S1p2r8S8WhrVKIS/9iTy,Hyacinthe,Killshaw,UROLOGY,DOC-TMC-43188,11,9668371906,9 Pearson Way,1297,CRC,http://dummyimage.com/225x100.png/5fa2dd/ffffff,2025-10-20 20:59:10
fsowdenje@smh.com.au,$2a$04$ct.gCY1uF8dDk4pe9tGJfe5An03RIhWWkczO6qYtJd8EZTM73HhXK,Frans,Sowden,GASTROENTEROLOGY,DOC-KHY-99086,10,7794783074,5154 Loftsgordon Park,1308,AOA,http://dummyimage.com/190x100.png/dddddd/000000,2025-10-20 20:59:10
crounsefulljf@huffingtonpost.com,$2a$04$1.6lBNyu5GF.7uQLHAjnTe53vJ1LpcpxkMmpoSbm3W5/KW9LrQtHW,Corine,Rounsefull,PATHOLOGY,DOC-WOD-65255,15,2913753303,510 Carpenter Street,1112,RUB,http://dummyimage.com/150x100.png/cc0000/ffffff,2025-10-20 20:59:10
bhirtzmannjg@tamu.edu,$2a$04$p/x1KLLHVUQF1.3THhm3.O2KH/qYAsLinLfOSE4aPgYDLpWACud5e,Barclay,Hirtzmann,INFECTIOUS_DISEASE,DOC-RPV-98179,8,5724613889,31 Corben Avenue,996,IDR,http://dummyimage.com/117x100.png/cc0000/ffffff,2025-10-20 20:59:10
dtarboxjh@networkadvertising.org,$2a$04$tz2GaK4sJ.1Pdm3fiGVWfOoGdUrapGrr3x3dKEK9XxaspPXUBXca.,Dulci,Tarbox,CARDIOLOGY,DOC-WPP-42296,10,1575448871,72 Maryland Park,663,JPY,http://dummyimage.com/220x100.png/ff4444/ffffff,2025-10-20 20:59:10
araisherji@sun.com,$2a$04$o5WnRX4hqFYbJNbX2q0KlOZiN8OHGHIOW9ZMuNZBprof0.RATv0YS,Amil,Raisher,INTERNAL_MEDICINE,DOC-JRT-37699,21,8925090753,17 Sauthoff Plaza,1074,CAD,http://dummyimage.com/120x100.png/dddddd/000000,2025-10-20 20:59:10
snutonjj@youtu.be,$2a$04$juqzQZe3yjOmC/ZHhefrXOzw06a40hZzMgq4N/n6Ey00Vc1vbRzMm,Sigismund,Nuton,ENDOCRINOLOGY,DOC-UNM-23481,4,7036290675,6 Quincy Plaza,917,CNY,http://dummyimage.com/233x100.png/ff4444/ffffff,2025-10-20 20:59:10
llabinjk@blogs.com,$2a$04$JtGVjoQiMeOdH2LzTDzt/uvIP3p1BNvDZl6sbuEpdiGrNPIaBRnjC,Lona,Labin,RHEUMATOLOGY,DOC-HPO-00365,7,8241495106,68926 Kenwood Court,998,KPW,http://dummyimage.com/234x100.png/5fa2dd/ffffff,2025-10-20 20:59:10
kfannonjl@fastcompany.com,$2a$04$P5W1oDHhjSdg5vdWvIZw6uZIOvr1y32k8NVD1ju14eEXZrkdSd6HK,Kirstin,Fannon,INFECTIOUS_DISEASE,DOC-EXL-31405,1,2776115321,52 Coolidge Road,510,NOK,http://dummyimage.com/171x100.png/ff4444/ffffff,2025-10-20 20:59:10
shanstockjm@shutterfly.com,$2a$04$zY01nuR2VGtuD5PpHCt26u6vqO390m4calrkiH0V96gdTU4IXtAJO,Silvia,Hanstock,PLASTIC_SURGERY,DOC-EHE-37918,1,6888235375,318 Raven Drive,623,EUR,http://dummyimage.com/127x100.png/ff4444/ffffff,2025-10-20 20:59:10
jsilbermannjn@europa.eu,$2a$04$5rDaLt9PiRvKjSxmeAUC5O28b6PsciobNNwcQy4A2guCh9y0BC5ZC,Joey,Silbermann,RADIOLOGY,DOC-KCQ-23886,7,4281048987,53098 Lyons Court,565,CNY,http://dummyimage.com/242x100.png/ff4444/ffffff,2025-10-20 20:59:10
athrippjo@comsenz.com,$2a$04$YFbFi3UI24v6O1tMZZ3uzOmA9nIzb1S5kic50DqD6ig5H9zE.D9bG,Astra,Thripp,EMERGENCY_MEDICINE,DOC-HOM-68486,12,8439584537,03 Clarendon Street,648,CNY,http://dummyimage.com/118x100.png/ff4444/ffffff,2025-10-20 20:59:10
ehinzjp@barnesandnoble.com,$2a$04$c4RdUrrgVnkF4TuaJ.HsD.1iRJtpd6Dcvga4O1bu1Wa43Qhr644RW,Ewan,Hinz,GYNECOLOGY,DOC-ZXX-26967,8,2457886550,4561 International Place,934,SEK,http://dummyimage.com/106x100.png/5fa2dd/ffffff,2025-10-20 20:59:10
lmccanejq@theguardian.com,$2a$04$X6VjUsVBUPw.4w2MIXKEbObnCQ5uKjVsP0wP1qkmvlOGPsxquJpP.,Loren,McCane,NEUROLOGY,DOC-STZ-90919,8,9842421067,210 Arrowood Drive,1593,EUR,http://dummyimage.com/211x100.png/dddddd/000000,2025-10-20 20:59:10
caucottjr@ed.gov,$2a$04$LozjYFxIG7IJR4.oFMxP1OhjEWZz0leP0lNF218h5DSQCMrN39pIy,Clayton,Aucott,ENDOCRINOLOGY,DOC-UAR-29297,9,1407793327,280 Carberry Center,772,PHP,http://dummyimage.com/243x100.png/5fa2dd/ffffff,2025-10-20 20:59:10
zgalliardjs@cdbaby.com,$2a$04$BA1G00uigEP2bPteG89MBO1EKhqhR.q2LKs1TXPMEUG8bjBPLqWN6,Zarah,Galliard,RADIOLOGY,DOC-SRV-31807,10,6264556022,2 Kingsford Center,657,AMD,http://dummyimage.com/140x100.png/5fa2dd/ffffff,2025-10-20 20:59:10
truggierjt@sourceforge.net,$2a$04$G5fC2S4NkaHc5OuIiOT25eBMMYOGnpjpTFDR/wcz29uWc6l2Hmj92,Tabina,Ruggier,INFECTIOUS_DISEASE,DOC-WSD-35388,5,1671727080,19 La Follette Circle,1389,CNY,http://dummyimage.com/219x100.png/5fa2dd/ffffff,2025-10-20 20:59:10
nisacssonju@washington.edu,$2a$04$11LOJ3ywXYL1t5QD9SdnEOys0nT/5DLEqEtuzG5CxLYd7TcOS5CUi,Nicolais,Isacsson,FAMILY_MEDICINE,DOC-NSL-01747,20,1527692433,06 Bashford Court,515,CNY,http://dummyimage.com/107x100.png/cc0000/ffffff,2025-10-20 20:59:10
fegaltonjv@ibm.com,$2a$04$kIFA5HAbkkbwSKmBoUMkrOLeFmEMMbWt4huBJ223hrChHGWCI1jBi,Francyne,Egalton,EMERGENCY_MEDICINE,DOC-VCV-76569,2,4637287048,9279 Mariners Cove Circle,589,EUR,http://dummyimage.com/183x100.png/dddddd/000000,2025-10-20 20:59:10
fbearsmorejw@gmpg.org,$2a$04$ZoFTuCokLEJCqJlgs8VNFepRRjSz7rcUoRWftSiKEe9z5ySRgiw72,Fletch,Bearsmore,GASTROENTEROLOGY,DOC-XIY-30603,24,9533481501,37 Vermont Alley,1366,BRL,http://dummyimage.com/163x100.png/ff4444/ffffff,2025-10-20 20:59:10
bpimerickjx@rediff.com,$2a$04$ek/d0SYMrYDP.aP.jD72a.BG1QPLTWH0UUP9/QPRkSxkjmGzuA2b.,Bertina,Pimerick,NEPHROLOGY,DOC-WMT-69520,13,5742053855,1712 Michigan Street,1688,CNY,http://dummyimage.com/202x100.png/cc0000/ffffff,2025-10-20 20:59:10
jlytllejy@google.ru,$2a$04$yk.JIJ0GjUl5FqXYcITDou2WszfNdIHq3RB6Q.RUKCgkjuySsv8Pe,Jelene,Lytlle,INFECTIOUS_DISEASE,DOC-SEZ-59921,23,9407467987,3 Ridgeway Park,747,IDR,http://dummyimage.com/230x100.png/cc0000/ffffff,2025-10-20 20:59:10
ekubisjz@msn.com,$2a$04$PlVjgtdHEtgbZl7PYz9InOFfm90ZecIEof6j.zzJTBwlQ6CqF0ihu,Efrem,Kubis,RADIOLOGY,DOC-XHZ-65208,9,2253156124,8001 Portage Drive,1156,EUR,http://dummyimage.com/117x100.png/dddddd/000000,2025-10-20 20:59:10
rscarsek0@behance.net,$2a$04$1dSmcUC6TU9aT5xjGLvjuenLXmxAfCu/MzVPocW16hVOA7n6N93/S,Raoul,Scarse,GENERAL_SURGERY,DOC-QGK-80391,17,1959360764,6 Florence Street,1469,RUB,http://dummyimage.com/199x100.png/dddddd/000000,2025-10-20 20:59:10
blangrank1@xrea.com,$2a$04$ZFKB6NFjltHIIzWiV7CMF.zO7o1sPNv5nv9rUfTL63ePWgGfC71le,Bret,Langran,ANESTHESIOLOGY,DOC-LVI-45982,14,9552885596,5226 Lien Junction,723,MYR,http://dummyimage.com/203x100.png/cc0000/ffffff,2025-10-20 20:59:10
dkingswoodk2@google.it,$2a$04$5kaHSR3hddNCTtCGSQg/R.9zROkXJWF5grj3u5WrDDZgyXmGjgBqe,Diane-marie,Kingswood,FAMILY_MEDICINE,DOC-GXY-43245,6,1245731071,96 Anderson Point,1801,AFN,http://dummyimage.com/244x100.png/ff4444/ffffff,2025-10-20 20:59:10
orobezk3@sciencedirect.com,$2a$04$tkqh2qLOJw55OAu4HCJu/OAb7eMGsr8aogy0Cio0nVGDeIcb9QK0i,Olwen,Robez,OPHTHALMOLOGY,DOC-SZE-31634,23,5893110652,89 Sherman Hill,1629,BRL,http://dummyimage.com/197x100.png/cc0000/ffffff,2025-10-20 20:59:10
svasilyonokk4@tripod.com,$2a$04$o/m3cVxDIkKkCDBsIAgItezuLr5K3yos6bRTCc/xWRgwTu2HNU18S,Stacee,Vasilyonok,ENDOCRINOLOGY,DOC-BJQ-60015,8,4327697576,937 Hanover Road,861,LYD,http://dummyimage.com/166x100.png/5fa2dd/ffffff,2025-10-20 20:59:10
ehinschek5@google.fr,$2a$04$OVhWaoOyREArnwAfxNqPxOVmEnMybPj7ESCEgo6.EMU5JSgliE/M2,Ellette,Hinsche,NEPHROLOGY,DOC-QWG-08189,12,8047673472,9 Maple Circle,1554,CNY,http://dummyimage.com/150x100.png/5fa2dd/ffffff,2025-10-20 20:59:10
maustink6@thetimes.co.uk,$2a$04$g6OKMJnOWa8PresGTg85m.ENH9qQ40fjuskkw9O9OSM28M0N9ojl.,Marin,Austin,HEMATOLOGY,DOC-DPJ-45286,8,8924565642,05 Glendale Street,808,WST,http://dummyimage.com/249x100.png/cc0000/ffffff,2025-10-20 20:59:10
abryettk7@opensource.org,$2a$04$edhLg73sLkgSFx44ZrIx4.IA25Bj1JKKI3PDbmpIPlc1uU9y7qD7u,Arline,Bryett,CARDIOLOGY,DOC-ROX-96499,9,8147737424,25 Little Fleur Junction,1685,PLN,http://dummyimage.com/192x100.png/cc0000/ffffff,2025-10-20 20:59:10
kmoaklerk8@wikia.com,$2a$04$.5h.rj65eJbj6tj.ZwiKXukLyiAGLrJjDFKePReBsy77dSiVGazRC,Karleen,Moakler,HEMATOLOGY,DOC-OYI-61440,14,8353682094,60077 Rusk Center,1086,CNY,http://dummyimage.com/156x100.png/cc0000/ffffff,2025-10-20 20:59:10
mbriggek9@list-manage.com,$2a$04$tTz5CPq31J4dTXKY1oi8nuZk3pUiuEOrBt23pZdYPgIC13Phmv93u,Mathe,Brigge,ENDOCRINOLOGY,DOC-PAG-87171,17,4717990035,819 Sherman Lane,1890,PLN,http://dummyimage.com/111x100.png/ff4444/ffffff,2025-10-20 20:59:10
jdodgsonka@sciencedirect.com,$2a$04$EmcaanEQ.pRVKQ8VeFYd3.uKfiY4jL9kNFsysFAp84z8NXVNxNT9i,Juliane,Dodgson,IMMUNOLOGY,DOC-YZC-53779,22,2105242462,347 Anthes Lane,656,RUB,http://dummyimage.com/240x100.png/cc0000/ffffff,2025-10-20 20:59:10
jbrimacombekb@va.gov,$2a$04$b0qXZbL0ibDtq5KJ3sJxbeWMfMyjqkRqJIwLaO11Wbk/8X2LSDUMm,Jenni,Brimacombe,ENT,DOC-HSC-19074,3,8887201524,316 Burrows Point,918,EUR,http://dummyimage.com/202x100.png/dddddd/000000,2025-10-20 20:59:10
ndinzeykc@bandcamp.com,$2a$04$LFoe8TN33sTmZRTHQdm6iOOgCbDTJdL/80p6e7AArjmAixap60OMi,Nettle,Dinzey,PEDIATRICS,DOC-NQQ-22264,22,6021290784,271 Monterey Court,1194,CNY,http://dummyimage.com/135x100.png/dddddd/000000,2025-10-20 20:59:10
asimoninikd@nymag.com,$2a$04$5aDMMNLNtxhPTbe1Wikg4.K8gpDA4numg2vvixCO24vzq01yN8dyG,Alexandro,Simonini,DERMATOLOGY,DOC-HAA-49843,13,3025360840,524 Mayer Point,1676,BGN,http://dummyimage.com/205x100.png/5fa2dd/ffffff,2025-10-20 20:59:10
mdrinkhallke@pcworld.com,$2a$04$FdShMzOdraNUGFM371KdUOo8ZYOpOf8RG.ylUHedktZBUdWbEq3ci,Margarita,Drinkhall,FAMILY_MEDICINE,DOC-YVW-10920,22,6817487736,204 Daystar Terrace,1344,COP,http://dummyimage.com/180x100.png/ff4444/ffffff,2025-10-20 20:59:10
ckeetonkf@disqus.com,$2a$04$TLst6ZsEc5C/80E2HYI4OOMhCz69NG5SVh.famrVTOAACV2Yp0JNi,Carla,Keeton,RHEUMATOLOGY,DOC-ITF-61526,23,5527652042,46226 Graceland Circle,1278,CNY,http://dummyimage.com/136x100.png/dddddd/000000,2025-10-20 20:59:10
jgraftonkg@sbwire.com,$2a$04$/QDI/q0cyQew4GKjtItri.vHy/5CYFd/Vtdldyfw8PSM24sWvEF9O,Judye,Grafton,UROLOGY,DOC-AXG-09124,10,1522065286,5 Village Lane,1398,IDR,http://dummyimage.com/119x100.png/5fa2dd/ffffff,2025-10-20 20:59:10
eminorskh@1688.com,$2a$04$I9rxFX2//ndm5hNPUT8wxeJTa0UUsCy6oKarhNgtw8nOCENSpTF.m,Ermin,Minors,GYNECOLOGY,DOC-LNY-26821,21,9825129028,69710 Mosinee Hill,1972,IDR,http://dummyimage.com/109x100.png/dddddd/000000,2025-10-20 20:59:10
dhainsworthki@phpbb.com,$2a$04$GoIvmVaQo/Cdm4nasn3yKugI9nDNRyOcBH30Vk1V4BPkdwKatwiQC,Dorthea,Hainsworth,PLASTIC_SURGERY,DOC-EIK-20079,18,9035248470,1 Westport Way,670,SEK,http://dummyimage.com/186x100.png/ff4444/ffffff,2025-10-20 20:59:10
mdonaldsonkj@narod.ru,$2a$04$k4zYrtU.7dmHfXNBXKUv/uYd2QIuRkHDCTcboXIJycBsPlohm5LXG,Marget,Donaldson,ORTHOPEDICS,DOC-LEU-96839,18,5481668978,55 Eagan Street,1496,BRL,http://dummyimage.com/233x100.png/5fa2dd/ffffff,2025-10-20 20:59:10
vkassidykk@gravatar.com,$2a$04$GlVoOvXxLG/CMzBWWMLtJuex.2ZjMguwz/sEEYjkQs6TVaJ8Mitx.,Vikky,Kassidy,PSYCHIATRY,DOC-ZBF-79300,10,8238014593,8 Anzinger Way,556,UAH,http://dummyimage.com/117x100.png/ff4444/ffffff,2025-10-20 20:59:10
mfaderkl@bigcartel.com,$2a$04$WH15XoVESPj9eM3OnIamvuDxcrPWTQrW8R3jNrN5J.sWQxp88VMp2,Margarethe,Fader,PSYCHIATRY,DOC-NEV-62953,22,8505084423,81861 Mariners Cove Trail,1835,PLN,http://dummyimage.com/238x100.png/cc0000/ffffff,2025-10-20 20:59:10
narnautkm@mayoclinic.com,$2a$04$GfNSUadLvMGe6o1Zu8DpAuv/n1i0r2ltPRHDc1.3nbMuGNBOCb3K6,Nikolas,Arnaut,INTERNAL_MEDICINE,DOC-JBU-16790,3,1259875493,6 Coleman Junction,1408,CNY,http://dummyimage.com/226x100.png/ff4444/ffffff,2025-10-20 20:59:10
bfoxtonkn@prlog.org,$2a$04$xw0PpUvG4/iNYRdNMAzHseFoooV8VVl0s43BhitFtzc8MUv0O/UVy,Bethina,Foxton,PEDIATRICS,DOC-RLC-70643,22,8879010966,833 Westerfield Road,611,NGN,http://dummyimage.com/242x100.png/ff4444/ffffff,2025-10-20 20:59:10
rflahertyko@histats.com,$2a$04$Ce1A.IipRzZihJuM8JWp0e3/l6myq1mHa8LskEhTr7o7FaJWDrgTC,Rianon,Flaherty,ENT,DOC-GXZ-70563,5,8901003314,9 Cardinal Hill,961,ARS,http://dummyimage.com/240x100.png/5fa2dd/ffffff,2025-10-20 20:59:10
bdormonkp@sina.com.cn,$2a$04$6kY3zlaNcbw2TajXfAlKy.K8OZNNwc9jVQR0yORjBp0OgZT9Q9n6m,Barnie,Dormon,PEDIATRICS,DOC-WOI-57874,5,7966053379,8 Summer Ridge Parkway,1484,JPY,http://dummyimage.com/236x100.png/ff4444/ffffff,2025-10-20 20:59:10
hphippkq@cnbc.com,$2a$04$BnpwhBX8WEvfAMjCXfaLTeb7qWMaQkMpj525MkzFgCBFwQzPOeybm,Hodge,Phipp,PULMONOLOGY,DOC-NWE-33385,22,7002778482,78 Shasta Drive,609,IDR,http://dummyimage.com/108x100.png/cc0000/ffffff,2025-10-20 20:59:10
cdovestonkr@adobe.com,$2a$04$QYSZcIyN6XmGJwAmqYw/1ueGbmna9wQM0Ni8cn.KN5XvoHT9tKy/q,Cacilia,Doveston,GASTROENTEROLOGY,DOC-EBB-83410,2,5867441697,1 Gateway Road,608,ZAR,http://dummyimage.com/213x100.png/5fa2dd/ffffff,2025-10-20 20:59:10
goglassaneks@last.fm,$2a$04$mMlkn/Qqs1QzWkCRjOIrEuIbP5E3Xu0DK6YeRl10QADv68a/kLNnm,Gilli,O'Glassane,ENT,DOC-IPE-90823,16,2741309394,0 Homewood Trail,1565,PHP,http://dummyimage.com/187x100.png/cc0000/ffffff,2025-10-20 20:59:10
roldallkt@google.it,$2a$04$VJuF/VKDWrCqmgdgp7pxl.Wzje0QGdZoFzTSdZsX5iQXMoOAxOO5y,Ralph,Oldall,FAMILY_MEDICINE,DOC-TTZ-19753,15,9887411381,7030 Kim Circle,874,CNY,http://dummyimage.com/202x100.png/dddddd/000000,2025-10-20 20:59:10
amounterku@jugem.jp,$2a$04$WobC2XTXrTkQJWPb8xZMleaoVfhwYI2NbVu/BJRK2Vt4HAvJBLjHS,Adolf,Mounter,HEMATOLOGY,DOC-PDA-79718,18,6858782777,89 Arrowood Center,771,IDR,http://dummyimage.com/154x100.png/5fa2dd/ffffff,2025-10-20 20:59:10
venrightkv@mac.com,$2a$04$se6KG8X3FQeQm5z.BMMWGuhHnrq96miCRsxItzryhX0RC3mrvLdBW,Vick,Enright,UROLOGY,DOC-ROW-07769,18,4289592939,2906 Dunning Avenue,516,IDR,http://dummyimage.com/187x100.png/5fa2dd/ffffff,2025-10-20 20:59:10
cbygraveskw@epa.gov,$2a$04$jop1q1WX/8dA7chymxliluGFM86wzAbVObk4s.hQCksQ9vvvkIgHW,Christabella,Bygraves,PLASTIC_SURGERY,DOC-XTS-67629,2,2985247909,56090 Ramsey Way,1679,DOP,http://dummyimage.com/144x100.png/5fa2dd/ffffff,2025-10-20 20:59:10
mbodycotekx@japanpost.jp,$2a$04$hT1hIs4WJa.WlDs..KSa4u8KOM6cgllyfVLLAP6WG7K/snLzB32jq,Maureene,Bodycote,UROLOGY,DOC-ZFM-83124,17,1823946098,6 Brentwood Center,728,PHP,http://dummyimage.com/182x100.png/dddddd/000000,2025-10-20 20:59:10
flabroneky@yellowbook.com,$2a$04$u09u4M7FHwO.DZO6.rkQK.PRClek8pKVADZcs2Ev1C99WKUxVBJ.O,Flory,Labrone,GENERAL_SURGERY,DOC-GJN-51579,6,3342487900,10721 Dovetail Alley,1179,RUB,http://dummyimage.com/166x100.png/dddddd/000000,2025-10-20 20:59:10
ndroogankz@prlog.org,$2a$04$NKtuvyktCzfy2GNy33HzCudt0fBbF/icPiS5nRkIeVbsys7aU7Zzm,Nicky,Droogan,INTERNAL_MEDICINE,DOC-JKU-16269,4,5568178925,6 Bunting Hill,701,JOD,http://dummyimage.com/108x100.png/ff4444/ffffff,2025-10-20 20:59:10
jblewittl0@examiner.com,$2a$04$i8bTlDcaAU7IVX0dSe6FS.ePv6XiWS2YsOk9C5VZsrH/MpjfSW/3G,Jessie,Blewitt,PLASTIC_SURGERY,DOC-ZWT-03126,13,4675036467,060 Melvin Way,670,RUB,http://dummyimage.com/156x100.png/cc0000/ffffff,2025-10-20 20:59:10
cjuoriol1@yahoo.com,$2a$04$kBn5Y5igER..C9Eg9zasSOcQ169an24Grprtl03amIJGJC7ZptVyW,Cordy,Juorio,PLASTIC_SURGERY,DOC-NQR-19558,24,1471692699,7703 Granby Lane,819,IDR,http://dummyimage.com/206x100.png/5fa2dd/ffffff,2025-10-20 20:59:10
dseakingl2@ycombinator.com,$2a$04$N.aP2Wk6M45CBk9MT24wr.ZYLAhlr1yiBAH6MGEamQm.NKGfykKT.,Deanne,Seaking,CARDIOLOGY,DOC-NLF-82257,4,1541299286,319 Dakota Center,1062,IDR,http://dummyimage.com/174x100.png/5fa2dd/ffffff,2025-10-20 20:59:10
gdungayl3@canalblog.com,$2a$04$TqmyOHBk9sb7k1d5QkugL.BdHJXZfjEsHTCKysUlnXe6nzHwyKYXW,Gibbie,Dungay,DENTISTRY,DOC-MXK-35245,19,7097474053,400 Transport Lane,871,CZK,http://dummyimage.com/220x100.png/cc0000/ffffff,2025-10-20 20:59:10
tvialsl4@rambler.ru,$2a$04$8rKMiH2I3onGMs7Pq2rDDefFZimJtk460oibD8Hfy.mqJaY84u0Ga,Tracie,Vials,ONCOLOGY,DOC-RYC-33580,3,5576713141,42 Everett Trail,1643,EUR,http://dummyimage.com/198x100.png/cc0000/ffffff,2025-10-20 20:59:10
mpapesl5@amazon.co.uk,$2a$04$cADd5m9GIowvWWzNvSjsw.XDvA5T6LqwXSSFc1wm54uhWM4V9l/Nq,Misti,Papes,GASTROENTEROLOGY,DOC-UAX-40228,3,3023756739,87 Bartillon Street,1525,EUR,http://dummyimage.com/158x100.png/5fa2dd/ffffff,2025-10-20 20:59:10
athurlbeckl6@google.ru,$2a$04$pAv3VarXcpxoAb54uSU4w.QJxcz7wRw7jQpyqp3iqRnd/HR/8su4e,Adina,Thurlbeck,CARDIOLOGY,DOC-PPD-91340,24,8987682815,50 Sunfield Hill,556,SEK,http://dummyimage.com/175x100.png/ff4444/ffffff,2025-10-20 20:59:10
ecartledgel7@ask.com,$2a$04$vrJdL1gwW9PMFZtFD.DD0uw8n2TNGSBiom5nKsjeLl0BQCQHjjdjO,Elset,Cartledge,GYNECOLOGY,DOC-TPM-52192,25,7588300726,69297 Maryland Circle,733,CNY,http://dummyimage.com/168x100.png/5fa2dd/ffffff,2025-10-20 20:59:10
bmingottil8@themeforest.net,$2a$04$dZMubZMd4Q/OPvK4r5bRbe2ppMnnTJWhct1VGnezZEohgitunK8Ai,Bryana,Mingotti,CARDIOLOGY,DOC-TLD-83275,21,1162637898,48481 Judy Terrace,968,EUR,http://dummyimage.com/128x100.png/5fa2dd/ffffff,2025-10-20 20:59:10
askechleyl9@amazonaws.com,$2a$04$POdeanZhT.OKTx1m/6U8uOd3XgVjlbfTU1c/R3B0ZiOU7kLw1KnsC,Al,Skechley,PSYCHIATRY,DOC-YOD-30730,13,7061840648,01 Memorial Center,1778,RUB,http://dummyimage.com/220x100.png/dddddd/000000,2025-10-20 20:59:10
emohringla@linkedin.com,$2a$04$yny4WxpqXlITS/m02TDZtuIRTMwcCEnW5PuOkSmr/Lyy01jZHHJHW,Elmira,Mohring,NEPHROLOGY,DOC-UDN-41079,22,7648930771,42 Logan Street,1767,CNY,http://dummyimage.com/133x100.png/cc0000/ffffff,2025-10-20 20:59:11
bskinleylb@wufoo.com,$2a$04$YelQLELQZtJ74DBwBS.bB.6kHFSZp04ARZAdTN.BANG/v0AyfdLwS,Barrie,Skinley,NEPHROLOGY,DOC-PIN-37852,5,9239596267,5 Atwood Pass,1341,CNY,http://dummyimage.com/216x100.png/dddddd/000000,2025-10-20 20:59:11
bridleylc@constantcontact.com,$2a$04$mYBndxWCIsZ3R4JWsqg//uTEbRaDFAvhLBLEkjOL.f/ke.2ufhDzC,Baudoin,Ridley,CARDIOLOGY,DOC-OAM-15285,21,9191200995,0834 Independence Way,1787,CNY,http://dummyimage.com/247x100.png/ff4444/ffffff,2025-10-20 20:59:11
sramsierld@salon.com,$2a$04$swgVd2qOAIZpBt6q.ovKP.kg.wRucFdnu1uQq4TsC6c5N0egwCo.S,Shaughn,Ramsier,ENT,DOC-OVF-22321,15,6532634578,0235 Gale Trail,1998,BRL,http://dummyimage.com/214x100.png/dddddd/000000,2025-10-20 20:59:11
dattleele@reverbnation.com,$2a$04$aTzDX6f0jHhScoZCY7GMjuOgMACjpPz7ODjruqzrwAE5gigeFa7Me,Denys,Attlee,EMERGENCY_MEDICINE,DOC-LVZ-46851,4,7848331536,2 Carey Crossing,1220,EUR,http://dummyimage.com/118x100.png/dddddd/000000,2025-10-20 20:59:11
sjuggingslf@phoca.cz,$2a$04$VxXrq9kki4wOooCyZ9AzVuGgrdKM.zV4vajdb3BmH9VUuEEH1axmC,Sim,Juggings,OPHTHALMOLOGY,DOC-ZLS-16096,11,3478877193,09086 Butterfield Plaza,1764,EUR,http://dummyimage.com/248x100.png/cc0000/ffffff,2025-10-20 20:59:11
tgrabieclg@sogou.com,$2a$04$jBQdKIkmYayqNVDqFjwMwe/jXjHXm4DzqOgD8.SL50qX1z0.HyPdm,Tabby,Grabiec,RHEUMATOLOGY,DOC-SET-41481,6,8745741429,35450 Derek Parkway,1626,CNY,http://dummyimage.com/197x100.png/ff4444/ffffff,2025-10-20 20:59:11
plundberglh@tuttocitta.it,$2a$04$qo6GPhxa//.4h6Fwp7kpxOngLg3sR91Fa5O9KsEdh6CCPP/cWjsPi,Paola,Lundberg,IMMUNOLOGY,DOC-IZJ-13812,22,2373841518,36 Stang Way,1086,IDR,http://dummyimage.com/239x100.png/ff4444/ffffff,2025-10-20 20:59:11
clouthli@npr.org,$2a$04$A0H.B/DJj4LR/mpvx9HjZO24K9yD3Anv2rHsA4bWR9ne9cUvrFDH6,Cori,Louth,ENT,DOC-HNC-08863,23,9247123664,36 Reinke Trail,1705,CNY,http://dummyimage.com/190x100.png/5fa2dd/ffffff,2025-10-20 20:59:11
erameauxlj@arstechnica.com,$2a$04$jp/M5N8MRkglZFUrm5xAle.qtIoaJ5z7Fqz0Nm894fid.nnG9.bQ2,Eveline,Rameaux,ENT,DOC-HJB-97232,12,3531848014,989 Northfield Circle,1035,THB,http://dummyimage.com/176x100.png/ff4444/ffffff,2025-10-20 20:59:11
glosebielk@imdb.com,$2a$04$axWr01COwnO0Q2ZlZZEwDOgew9Lpq3zM4gp4F/xjg6jxw/w2n8lq.,Gwenni,Losebie,OPHTHALMOLOGY,DOC-EKN-73359,13,3685926829,87735 Karstens Hill,1691,BRL,http://dummyimage.com/139x100.png/dddddd/000000,2025-10-20 20:59:11
mtidburyll@blogtalkradio.com,$2a$04$Zff.eltDNRaNQ8yGgVbJgeNdXVufWGzUre8Tgo5Zwrrv4TD/21Kte,Merola,Tidbury,PLASTIC_SURGERY,DOC-GPW-75820,7,3571749237,5 Dryden Park,610,THB,http://dummyimage.com/120x100.png/5fa2dd/ffffff,2025-10-20 20:59:11
vthickettlm@toplist.cz,$2a$04$6UzALdEjxbI2rdU8mJqWh.vR1SsENNyZuS79Vonynz4XUxOlq9Dmi,Veronike,Thickett,GASTROENTEROLOGY,DOC-IZB-80469,24,6696421600,64946 Florence Avenue,1881,CNY,http://dummyimage.com/128x100.png/ff4444/ffffff,2025-10-20 20:59:11
mbrydellln@pinterest.com,$2a$04$VY.gDFZIcD5CzQKPR.J.Z.LETKfxpOHZtN0zzwG5gbXu7y9RVP5Xy,Marketa,Brydell,ANESTHESIOLOGY,DOC-CAA-49767,24,4305876224,6565 Arizona Place,1396,UAH,http://dummyimage.com/110x100.png/dddddd/000000,2025-10-20 20:59:11
vlambolelo@google.com.hk,$2a$04$L8lh0HHisen1WGiDL04tcelpZ0vlMqoqnKjguW5jygR/bKgLLiEza,Vite,Lambole,ORTHOPEDICS,DOC-MID-63391,22,8832182640,93350 Sage Way,1826,RSD,http://dummyimage.com/154x100.png/dddddd/000000,2025-10-20 20:59:11
rarbuckellp@youtu.be,$2a$04$w5AvQ0QnO5ON41lcxdSSleRkex7JIS1WT4BuQjTtF.EhLTTY4f1cW,Rori,Arbuckel,EMERGENCY_MEDICINE,DOC-NEK-25169,24,6868949015,43858 Arkansas Terrace,1636,THB,http://dummyimage.com/166x100.png/ff4444/ffffff,2025-10-20 20:59:11
gharwicklq@ovh.net,$2a$04$hbf9fbF65laoFy9crtKdwuACVJD1OTa8YsdZa0Gjwqev6j.HHRBHO,Gilburt,Harwick,SPORTS_MEDICINE,DOC-DKN-45976,9,7323915402,1949 Walton Lane,1672,VND,http://dummyimage.com/112x100.png/dddddd/000000,2025-10-20 20:59:11
wbellaslr@nih.gov,$2a$04$.yxZ51p1YiPJ45TyRofDQ.O//L/aUSwfR3OVQxHajqx7O.k414UEu,Willamina,Bellas,IMMUNOLOGY,DOC-GGK-54096,18,2642909046,35 Kennedy Terrace,558,EUR,http://dummyimage.com/212x100.png/ff4444/ffffff,2025-10-20 20:59:11
dmcfadinls@list-manage.com,$2a$04$npzGYOyoGOa.ZLV/bAgIcOECI4ICUAjOPTYtjFnY0MfxAhpCf/huu,Domini,McFadin,RADIOLOGY,DOC-ZVZ-20758,2,1746336651,1444 Fair Oaks Drive,839,RUB,http://dummyimage.com/243x100.png/5fa2dd/ffffff,2025-10-20 20:59:11
sleerlt@unesco.org,$2a$04$Kxwf/Bg/VMwGxw0strRkj.3pqOCDs5NPpbVb3JWR9wf/.EHUSSo9m,Shermie,Leer,NEPHROLOGY,DOC-QNH-81258,15,9608072788,3 Dunning Place,1551,EUR,http://dummyimage.com/235x100.png/5fa2dd/ffffff,2025-10-20 20:59:11
gmussonlu@mtv.com,$2a$04$EU.zTJ8Hn7y3LN2412H6dehSI5EjpZd5y2ca3zqdIuE1WUE1bkmsy,George,Musson,DERMATOLOGY,DOC-EWQ-57271,20,7579499539,40 Fallview Park,1636,IDR,http://dummyimage.com/225x100.png/dddddd/000000,2025-10-20 20:59:11
wliepinslv@cnet.com,$2a$04$53L3p8P0U5cUw0Eqdtp4c.EyLN9L044fei6s0WwUxpYHNMbmSiyWa,Waldon,Liepins,ANESTHESIOLOGY,DOC-HWY-03913,24,9327222683,5068 Elgar Park,1162,IDR,http://dummyimage.com/200x100.png/dddddd/000000,2025-10-20 20:59:11
atailbylw@toplist.cz,$2a$04$4cWbTDkKUb77VYaWFCXXtuNcixTRVZwEBTclb6w97DrMffCB75X02,Anjanette,Tailby,SPORTS_MEDICINE,DOC-NWV-24578,2,6373024973,79623 Hanover Way,1378,BRL,http://dummyimage.com/134x100.png/ff4444/ffffff,2025-10-20 20:59:11
trenehanlx@fda.gov,$2a$04$dDktkxUyqaxQWnnnlYJi3.Cg6CjQ8ni7Oc1.0kD3enfSAvdRa3yYq,Tiffy,Renehan,RHEUMATOLOGY,DOC-ZEX-52294,18,7385979467,4 2nd Pass,1100,BRL,http://dummyimage.com/166x100.png/ff4444/ffffff,2025-10-20 20:59:11
cbirkly@uiuc.edu,$2a$04$JFBCytWNSdEYb.I0CeH8K.xjj2KY3O8XtkdwQymka7A2T3EGPk9mK,Claribel,Birk,ENDOCRINOLOGY,DOC-MUG-38524,1,9281975712,830 Eagle Crest Alley,1151,RUB,http://dummyimage.com/151x100.png/dddddd/000000,2025-10-20 20:59:11
abaudinellilz@nbcnews.com,$2a$04$SJ3l0ioYnaNzu5puru9vcudUpsy0XmVgP0E.GQcwrQjj9Vb5im7xi,Asher,Baudinelli,GYNECOLOGY,DOC-RME-00222,2,1112941579,6 Burning Wood Alley,1828,MAD,http://dummyimage.com/116x100.png/ff4444/ffffff,2025-10-20 20:59:11
alifseym0@toplist.cz,$2a$04$mVGB0mhAb9EEh954Slt28O/JCzDtLWeaRbnT6tsOJi3BPje3NqUjm,Arin,Lifsey,ORTHOPEDICS,DOC-VOA-91518,12,4901002847,21479 Toban Drive,1940,EUR,http://dummyimage.com/118x100.png/ff4444/ffffff,2025-10-20 20:59:11
gmacduffiem1@biblegateway.com,$2a$04$mFPHwGeLunvUjkj.dHkFY.oef8DuvbtyeT2PD1qEaeiHjDp2BsQ0W,Goldia,MacDuffie,DERMATOLOGY,DOC-VSQ-95023,15,1416851127,385 Buhler Alley,1631,AZN,http://dummyimage.com/189x100.png/dddddd/000000,2025-10-20 20:59:11
sseggem2@123-reg.co.uk,$2a$04$U3Gvaom5sSjWMqxbydAhmuVwkasWTHgNan/viPrebn3/HY1zbfKlC,Shermy,Segge,EMERGENCY_MEDICINE,DOC-SSX-48596,2,4521144649,08 Center Circle,854,TZS,http://dummyimage.com/177x100.png/cc0000/ffffff,2025-10-20 20:59:11
uleeburnm3@bigcartel.com,$2a$04$Y/8VMrw4/nh69Ld0Z0bIQejUWqrPeyBv94YY14gHiU0WUzjxbLFKC,Udell,Leeburn,NEUROLOGY,DOC-FVG-39874,10,7803611156,91506 Dottie Point,691,UAH,http://dummyimage.com/238x100.png/cc0000/ffffff,2025-10-20 20:59:11
nrowneym4@whitehouse.gov,$2a$04$qRnjnWWqVRlt7I9ZvLROPenVOgPew6CcuSJlbbV/wB6q1cDKOeMsS,Nigel,Rowney,NEUROLOGY,DOC-CPZ-99303,16,7992278896,2553 Mallard Court,1900,CNY,http://dummyimage.com/221x100.png/dddddd/000000,2025-10-20 20:59:11
ktristramm5@studiopress.com,$2a$04$62H4ES.VoaAHsiGUJtO/qOC13T6Vi.VVRvknJfOQKpbyfU60zchKa,Kellsie,Tristram,GYNECOLOGY,DOC-WIB-90119,22,1786422649,016 South Parkway,1154,IDR,http://dummyimage.com/227x100.png/ff4444/ffffff,2025-10-20 20:59:11
jmacmoyerm6@mozilla.com,$2a$04$wlxpVAs25hfIjvjh/8AEgO7Ad25A2wu3vYCD3m90oF2prAsWUgg/e,Jackquelin,MacMoyer,ENDOCRINOLOGY,DOC-OXS-57236,18,6251762350,7 Rusk Crossing,1025,AZN,http://dummyimage.com/136x100.png/5fa2dd/ffffff,2025-10-20 20:59:11
gsharpinm7@google.fr,$2a$04$Vd7mLLTa7nWmzNyvyYLGcOSVMTQekVQVMs3hW76MRtgAlAFDl6fMe,Gwendolin,Sharpin,INTERNAL_MEDICINE,DOC-KZK-72714,14,1301157640,195 Caliangt Parkway,1226,EUR,http://dummyimage.com/228x100.png/ff4444/ffffff,2025-10-20 20:59:11
hdaddowm8@slashdot.org,$2a$04$wyhyRoiTWo0gj2JkOHzYMeUdfj/VWQwUZ9D5BLkXAYxnc7S0gCF9e,Hilary,Daddow,RHEUMATOLOGY,DOC-IFA-88918,23,6996243931,125 Sullivan Circle,1664,CNY,http://dummyimage.com/169x100.png/cc0000/ffffff,2025-10-20 20:59:11
dcortonm9@geocities.com,$2a$04$.r1qPm9/CZ16iYoCzyoAJOAn1D8xkTR9pyfYJIarqRjwgbxP8Z2ge,Dorri,Corton,FAMILY_MEDICINE,DOC-CBS-66111,15,4717384676,2494 Express Place,990,DOP,http://dummyimage.com/193x100.png/dddddd/000000,2025-10-20 20:59:11
lpetchellma@seesaa.net,$2a$04$Eexjar9REwYLB1fQA52iWejZNEG5BC3ul5QcMpjcofOqsSRDinray,Linnell,Petchell,PATHOLOGY,DOC-RQH-02455,1,3187173601,1244 Lyons Hill,1088,USD,http://dummyimage.com/237x100.png/cc0000/ffffff,2025-10-20 20:59:11
pvaleromb@comcast.net,$2a$04$VZfl61BMCSAf7NcfYTOBr.5Y.cwlZmdirHua7/NKNSUVsvWLcAZmW,Pasquale,Valero,SPORTS_MEDICINE,DOC-HQL-65198,24,6787116282,5 Badeau Point,1211,EUR,http://dummyimage.com/180x100.png/dddddd/000000,2025-10-20 20:59:11
ogrundmc@google.ru,$2a$04$3w4NTYD89mJ67aoaFc29LOpnSECaTc5LuJn0B739vw3OmfMp/jNqG,Orran,Grund,ANESTHESIOLOGY,DOC-XQI-85313,24,9027129692,22 Texas Pass,1237,ARS,http://dummyimage.com/181x100.png/5fa2dd/ffffff,2025-10-20 20:59:11
dmarusyakmd@addthis.com,$2a$04$YRWpFbJjkmTUx/UiW.bQ0eGctOW6JUyPux6mXxR4dlBalCkv8sx8m,Domenic,Marusyak,IMMUNOLOGY,DOC-WUT-33205,2,5937019858,0 Arkansas Street,1177,IDR,http://dummyimage.com/169x100.png/cc0000/ffffff,2025-10-20 20:59:11
ebeedieme@mozilla.com,$2a$04$obASnlb861wck4Sh3w8.de3/g5XxFRxyfEfmJBWkX6IBbjx8hqrDy,Enrica,Beedie,NEUROLOGY,DOC-FMO-51189,17,9449291944,2139 Sycamore Court,949,UAH,http://dummyimage.com/240x100.png/5fa2dd/ffffff,2025-10-20 20:59:11
htinnmf@dropbox.com,$2a$04$KMlggfrhUZilRMRLDf3sYumcPm8WPtfNPkk.2ZbPRmd2xda9YiK4S,Hersh,Tinn,INTERNAL_MEDICINE,DOC-LMG-73819,18,3394463337,7444 Oakridge Alley,592,EUR,http://dummyimage.com/132x100.png/ff4444/ffffff,2025-10-20 20:59:11
rbarsammg@g.co,$2a$04$bBJII6lvZbX2qAQZkBOo0.nGYq9o7hfiPUb/64BVZ3/dUxTrqq/v6,Reid,Barsam,ENT,DOC-GIJ-86048,12,2298500204,12825 Sunbrook Road,711,EUR,http://dummyimage.com/218x100.png/5fa2dd/ffffff,2025-10-20 20:59:11
alarozemh@cafepress.com,$2a$04$j6nlPloUgADbUGns5B/7YeHXFTHhFY0.nSyAoVvdl2ktV7Lv.LHF2,Allissa,Laroze,EMERGENCY_MEDICINE,DOC-INJ-81190,25,9662209739,65 Russell Street,1388,IDR,http://dummyimage.com/164x100.png/5fa2dd/ffffff,2025-10-20 20:59:11
mhaymi@weebly.com,$2a$04$LGBLwUGW3kd3/hG0OnICj.2TVgjIiAyJr3opLmTNrylpcWcAhF8E2,Magdalene,Hay,PULMONOLOGY,DOC-SBT-43233,20,4206479840,119 Fremont Avenue,1229,SEK,http://dummyimage.com/234x100.png/dddddd/000000,2025-10-20 20:59:11
fmillammj@patch.com,$2a$04$WftDWdVHMWbV39F6GM.yHeqH/PQaN4bZfG8auONhjxeO5UkKVLIR2,Findley,Millam,EMERGENCY_MEDICINE,DOC-FYP-90932,6,9834184554,89750 Macpherson Place,1430,EUR,http://dummyimage.com/217x100.png/ff4444/ffffff,2025-10-20 20:59:11
ktynnanmk@sciencedirect.com,$2a$04$h6/DfgX0WoP5vZj8.kiUvei2DdEjdzYqfCh2rQJ1sIOgj5M0drvv.,Katina,Tynnan,NEPHROLOGY,DOC-DHY-68111,19,5595737436,337 Dixon Parkway,1596,CNY,http://dummyimage.com/173x100.png/cc0000/ffffff,2025-10-20 20:59:11
lraymondml@vistaprint.com,$2a$04$mNcrlqUcPDogGLiyE9kCqOfLcx.ZhoTpa/CYOtk9WxfSMGSb4b0Dy,Lorant,Raymond,FAMILY_MEDICINE,DOC-DVJ-28387,9,9073311246,6196 Ludington Parkway,980,CNY,http://dummyimage.com/104x100.png/cc0000/ffffff,2025-10-20 20:59:11
fwebstermm@instagram.com,$2a$04$Ioeud59iWVObuSEga/C7K.oKfOXBcZ13JQT.Pe8tZK2hzQRWCfYiO,Forbes,Webster,NEPHROLOGY,DOC-BYA-69767,4,1802702535,542 Larry Court,1260,IDR,http://dummyimage.com/182x100.png/dddddd/000000,2025-10-20 20:59:11
aambrogiolimn@ebay.com,$2a$04$XhnDUrOhPNiCSRNsMx5FoOmxK5p6BLxHomoRoU06w1W1yeRIaDXiW,Aldo,Ambrogioli,INFECTIOUS_DISEASE,DOC-TFZ-14449,1,4251521439,504 Victoria Center,1528,IDR,http://dummyimage.com/208x100.png/cc0000/ffffff,2025-10-20 20:59:11
cjoontjesmo@so-net.ne.jp,$2a$04$VpBEKfeVMUwpfa9juFSd7OWR1a63S7Przbr6CM775ciBokztWU5CS,Carie,Joontjes,ENDOCRINOLOGY,DOC-ESA-48025,5,1519446071,39 Lindbergh Place,660,PHP,http://dummyimage.com/180x100.png/cc0000/ffffff,2025-10-20 20:59:11
eebdenmp@senate.gov,$2a$04$WTCLpFYstF9hWCtdWWUqZeSdoi.Njr076Izaxz0qW6cCIhKqFpIHS,Emelita,Ebden,UROLOGY,DOC-XUZ-57998,19,2951382469,240 Stephen Street,1400,EUR,http://dummyimage.com/112x100.png/5fa2dd/ffffff,2025-10-20 20:59:11
raartsenmq@fastcompany.com,$2a$04$fZpSPKwFrvRvuveSCmWx6OkAYovbDOsQk9JPGPMi3hRQ1MvHk.jHy,Riannon,Aartsen,ENT,DOC-YQC-44882,18,2687511198,121 Straubel Hill,1695,CNY,http://dummyimage.com/151x100.png/ff4444/ffffff,2025-10-20 20:59:11
vekkelmr@tinyurl.com,$2a$04$5WDVnU49cAqet.FFb8Ok4e0ckzcxeO.GNro0L.nXQcRUKELLALYgO,Vin,Ekkel,IMMUNOLOGY,DOC-CTA-94200,14,1232674950,7 Anderson Crossing,559,PHP,http://dummyimage.com/155x100.png/dddddd/000000,2025-10-20 20:59:11
mmclauchlinms@parallels.com,$2a$04$DXwkqAhPWRn4xWfTFZGB7uJcsrn8qbace.nGFYSTE6BETgHV2VVxu,Murry,McLauchlin,CARDIOLOGY,DOC-TTJ-74904,8,4799284252,167 Mendota Park,1523,AFN,http://dummyimage.com/144x100.png/cc0000/ffffff,2025-10-20 20:59:11
jlazarusmt@mtv.com,$2a$04$/Qv9VQ9BVsPaF39BwxvoxOmcJ/ixiEY.4DGAQtbduDZhyfdFwiHGm,Janaye,Lazarus,RADIOLOGY,DOC-PTB-27855,2,7076593386,153 Troy Plaza,1896,THB,http://dummyimage.com/219x100.png/dddddd/000000,2025-10-20 20:59:11
shattrickmu@addtoany.com,$2a$04$8IdPw57idmrsRoM4xPomle1SmNUwk/6DzcrGgAQhkbd8NMJb8wChG,Silvie,Hattrick,PSYCHIATRY,DOC-GOU-73235,6,7155825652,85669 Milwaukee Drive,1258,MNT,http://dummyimage.com/146x100.png/5fa2dd/ffffff,2025-10-20 20:59:11
smassonmv@biglobe.ne.jp,$2a$04$tA920XwLRDqEcxgGnjFBiebXSSnAJftZiz3gK.pI5qh0SUImWw5hK,Sergio,Masson,NEUROLOGY,DOC-BDG-04144,4,1116103723,57 Pierstorff Lane,1525,CNY,http://dummyimage.com/158x100.png/5fa2dd/ffffff,2025-10-20 20:59:11
fbastardmw@imdb.com,$2a$04$LfNwKBzZzT80p6TPCYRVJez8xlPZcR8t5B9ZrLCnyMAlQtmuKF2F6,Fredek,Bastard,HEMATOLOGY,DOC-TGF-43047,2,7772345114,402 Eastlawn Crossing,985,EUR,http://dummyimage.com/114x100.png/cc0000/ffffff,2025-10-20 20:59:11
dwarriormx@istockphoto.com,$2a$04$SpfM5E4VUXUGKoyL/DlKN.RZEyQ9tAJlJJfHz9z9KlETMURD.Lf/C,Donia,Warrior,INTERNAL_MEDICINE,DOC-RAO-47011,14,5798684823,2 Pearson Street,1609,CNY,http://dummyimage.com/200x100.png/5fa2dd/ffffff,2025-10-20 20:59:11
hsimmigmy@sfgate.com,$2a$04$8gQOOYdQVRlI6tVFrQb2K.GnBREzRNesJpeHDR8IvXthhqV.GG.Gi,Hashim,Simmig,RADIOLOGY,DOC-SCE-15759,18,9867314780,2 Kedzie Junction,1040,MYR,http://dummyimage.com/171x100.png/cc0000/ffffff,2025-10-20 20:59:11
jwabbmz@stanford.edu,$2a$04$BwDWbg5tip3Ibbi2swKCVOaG5YZVj1/NTjKDvNVZKmTYzDyogrhe2,Jorie,Wabb,EMERGENCY_MEDICINE,DOC-EDM-28549,14,5726207199,136 Raven Junction,921,RUB,http://dummyimage.com/154x100.png/5fa2dd/ffffff,2025-10-20 20:59:11
chuckelln0@moonfruit.com,$2a$04$P.BoK8dGdEFTqQ5srigKzuC1HeE6TnkGR5RWKCBeZa6JIks8DJY3K,Candra,Huckell,GASTROENTEROLOGY,DOC-WUH-55740,16,3548248426,1328 3rd Plaza,1951,PHP,http://dummyimage.com/102x100.png/ff4444/ffffff,2025-10-20 20:59:11
scabanen1@seattletimes.com,$2a$04$ry8IKTbKitSzVEAjXvaX9uhZ1WwG/nrp.rn/cyta/rPCe8GSI5xo6,Susannah,Cabane,PATHOLOGY,DOC-LIY-83056,24,4054009442,0618 Eliot Circle,849,CNY,http://dummyimage.com/170x100.png/dddddd/000000,2025-10-20 20:59:11
vmcadamn2@posterous.com,$2a$04$k54tjlx8ics/jYmStLFBduxWzSea3TPOX9YE0SSZBhpwMsTooor7u,Valentin,McAdam,GENERAL_SURGERY,DOC-XRM-96124,25,5132527069,78 Vera Center,773,THB,http://dummyimage.com/102x100.png/5fa2dd/ffffff,2025-10-20 20:59:11
gchataigniern3@wikispaces.com,$2a$04$JNmkHMjQTMpl8f0n6APBU.CKslbSpnmA.k0zXXCj9aMOTdoY/vs0W,Gisela,Chataignier,IMMUNOLOGY,DOC-ELP-70714,14,5615428508,14350 Vahlen Lane,798,CLP,http://dummyimage.com/224x100.png/cc0000/ffffff,2025-10-20 20:59:11
bkilshalln4@umn.edu,$2a$04$XUvB7XgHB2XSvtRy2DCoK.kChPwc1GitsWka6GBUlP2wnCj8CTX32,Bunny,Kilshall,CARDIOLOGY,DOC-LYE-94441,6,8322294914,600 Armistice Crossing,1505,PLN,http://dummyimage.com/183x100.png/cc0000/ffffff,2025-10-20 20:59:11
smudgen5@cdbaby.com,$2a$04$4Xr1s9Vo8hkvlur8Tjkt/uSABCQ8GgQOeYBHAapzvzMA5YkRXEvv6,Shannan,Mudge,ANESTHESIOLOGY,DOC-RXX-44017,22,5169896579,14680 Hagan Avenue,1877,BRL,http://dummyimage.com/236x100.png/cc0000/ffffff,2025-10-20 20:59:11
eraglesn6@bloglines.com,$2a$04$rBTLsRpcMdyPHxyAkuHJ4OaYIzlXaaJNgEDQXTLLl1MpRWUkaHXsy,Edeline,Ragles,GASTROENTEROLOGY,DOC-BPA-00289,21,2444165423,40226 Grayhawk Point,1482,XOF,http://dummyimage.com/194x100.png/ff4444/ffffff,2025-10-20 20:59:11
dmewburnn7@bravesites.com,$2a$04$ApJ6zxsCQfREakzVYQ2.teHiTJ/9qnLXvsHpZmrGcNNePfruZcUqi,Darsie,Mewburn,INFECTIOUS_DISEASE,DOC-QHC-22190,7,9356852567,772 Gerald Drive,904,PHP,http://dummyimage.com/123x100.png/cc0000/ffffff,2025-10-20 20:59:11
fcuppleditchn8@stumbleupon.com,$2a$04$mtbPrkJMHEwRKifr0UhsZuDhC0eiyULlv9Ye/5PKVtdxw6rqtvhoC,Francisca,Cuppleditch,INTERNAL_MEDICINE,DOC-YDM-42213,25,8789980388,408 Graceland Point,1179,EUR,http://dummyimage.com/169x100.png/5fa2dd/ffffff,2025-10-20 20:59:11
logroganen9@house.gov,$2a$04$ehgsCrZ3gsT7CjYNYj7Z6eDMYDXW3AROPQK2jmoOHgvGSZ4SsmEe.,Lalo,O'Grogane,FAMILY_MEDICINE,DOC-OZG-45046,9,8374871189,68249 Orin Hill,846,CNY,http://dummyimage.com/111x100.png/dddddd/000000,2025-10-20 20:59:11
mnairena@g.co,$2a$04$vawmds3/LOZ6V5JWbZ0lQuMzBS4qGHPReCSL9XND.oj85eIQ1QiJS,Melantha,Naire,DERMATOLOGY,DOC-ABB-99575,16,5155028242,1217 Buena Vista Avenue,1801,CAD,http://dummyimage.com/131x100.png/cc0000/ffffff,2025-10-20 20:59:11
acordellnb@topsy.com,$2a$04$AsQIyU6N2yWlP//Oki3maOQqyJMBr4vSjNwjFdyVDdKj7Cxh2uVCa,Ardith,Cordell,SPORTS_MEDICINE,DOC-RPF-34143,6,9126151610,7951 Autumn Leaf Point,874,USD,http://dummyimage.com/144x100.png/5fa2dd/ffffff,2025-10-20 20:59:11
acurraghnc@unicef.org,$2a$04$zNO9CkIPcK.Agqjsdlhpmub3FXrY7a6j2QIOxke.9AnXxqNUGiMz6,Avrit,Curragh,GYNECOLOGY,DOC-PXS-62890,22,2103221385,20 Tomscot Trail,712,USD,http://dummyimage.com/177x100.png/ff4444/ffffff,2025-10-20 20:59:11
askednd@washingtonpost.com,$2a$04$oH1MwWofV0l1NiHQpLz6suyV1MUbSW7GzbgWnyo2Mw8hDHYJn0zl.,Ariel,Sked,ONCOLOGY,DOC-OOL-80772,21,8241654087,605 Anzinger Drive,1096,LTL,http://dummyimage.com/120x100.png/dddddd/000000,2025-10-20 20:59:11
mwristne@cam.ac.uk,$2a$04$obx6kUcqddVlEDIeE7.DKeN33GjAiTRJYflCUzk2mXAaUtZqqpnd2,Miran,Wrist,OPHTHALMOLOGY,DOC-KEP-90419,16,4954725968,1177 Bunting Hill,1524,PAB,http://dummyimage.com/110x100.png/cc0000/ffffff,2025-10-20 20:59:11
gbaumnf@msu.edu,$2a$04$QmSnkASfpBkPvMwkYTv6jObosgl7XFZWtKvBKbF1pCvu/ErQTN56y,Gabie,Baum,HEMATOLOGY,DOC-JFU-23041,23,7466347746,81014 Shelley Way,714,IDR,http://dummyimage.com/230x100.png/5fa2dd/ffffff,2025-10-20 20:59:11
ochaizeng@google.ru,$2a$04$6uvywyBttT9w9KjdQUYF9erz6WRL3toD31z6XqO/QzsD0UiMdWJPS,Obed,Chaize,INFECTIOUS_DISEASE,DOC-VKO-33449,5,5053666462,2 Atwood Pass,1562,SYP,http://dummyimage.com/232x100.png/cc0000/ffffff,2025-10-20 20:59:11
mbrutenh@storify.com,$2a$04$L7pxnPA9.s0I4SfWW5GIfuQSQfptzqS3b4rzwfTKkAGR3EyDVbaGG,Meade,Brute,ENDOCRINOLOGY,DOC-IUN-48996,6,5839438586,8690 Heath Parkway,1906,NOK,http://dummyimage.com/149x100.png/5fa2dd/ffffff,2025-10-20 20:59:11
kmessomni@yandex.ru,$2a$04$edEixcFNnjdMfrmOl6WS4eaWBnR9Nwnw40lEvfFUTcFSo3AAcJIeW,Kaitlyn,Messom,UROLOGY,DOC-ZVJ-80684,19,7204060967,29 Prairieview Way,1455,JPY,http://dummyimage.com/238x100.png/dddddd/000000,2025-10-20 20:59:11
wbrackennj@bing.com,$2a$04$S0.x0RvB6IsQDT/Y5uLbTOhdjQIguX9bKao0lZ/Mwj0OzvJz6hYS6,Warden,Bracken,DENTISTRY,DOC-QPC-43817,13,5068821494,2844 Northport Street,1143,RUB,http://dummyimage.com/157x100.png/cc0000/ffffff,2025-10-20 20:59:11
jmanssuernk@gravatar.com,$2a$04$K23gCmaaY0ebiojfxOnFlOK6e71PJa4cJSMoyHvoRr7gKZ5jHelI.,Jamil,Manssuer,PEDIATRICS,DOC-ADF-93461,20,9818919336,10 Heffernan Trail,1732,PLN,http://dummyimage.com/246x100.png/cc0000/ffffff,2025-10-20 20:59:11
bandrieuxnl@cafepress.com,$2a$04$kvIUkl01HMN67T0JYhCbmu06LYwejFWb9tiN5lW1O3v43obI19ACK,Blakelee,Andrieux,RADIOLOGY,DOC-FHT-38267,17,3407061662,814 Mallard Lane,1259,EUR,http://dummyimage.com/201x100.png/5fa2dd/ffffff,2025-10-20 20:59:11
cboylandnm@homestead.com,$2a$04$BO5PR43B2H72W2mv6BeCLuNgSvksPP3Mx6d1G9kkW./6I6bqy.lP2,Cassey,Boyland,OPHTHALMOLOGY,DOC-CCU-03616,14,4868709293,22659 Springs Junction,1987,IDR,http://dummyimage.com/122x100.png/ff4444/ffffff,2025-10-20 20:59:11
avainesnn@answers.com,$2a$04$CQXUUSNbCsP2/cQVz5e5YOFFUiDZrTVq6YoYuReUMcsYGNz/6PAA6,Aggi,Vaines,ENDOCRINOLOGY,DOC-TTY-56906,3,4494033761,8330 West Way,623,BRL,http://dummyimage.com/196x100.png/cc0000/ffffff,2025-10-20 20:59:11
karderneno@howstuffworks.com,$2a$04$Ald3ZhY/U61dI3l4B8EFSOeG919ONpwd9CuaGBRQNbu3fME7zg6.O,Karissa,Arderne,PEDIATRICS,DOC-SCE-45343,4,2478773302,8286 Trailsway Terrace,503,MXN,http://dummyimage.com/109x100.png/5fa2dd/ffffff,2025-10-20 20:59:11
gconnerrynp@umich.edu,$2a$04$t/3P0z9GI3yoBhqiYvTlne0HZMGkcSYvvS/pfcSeE1jb.plG3q7vu,Gertrud,Connerry,NEUROLOGY,DOC-URM-85473,25,5489234521,1360 Eastwood Lane,1296,EUR,http://dummyimage.com/140x100.png/dddddd/000000,2025-10-20 20:59:11
ksalternenq@gnu.org,$2a$04$0LgvLgweYe0w7ean9WADFOYR0edSo18jU0XHSp47OF1TEKqOTKVVy,Katrina,Salterne,INFECTIOUS_DISEASE,DOC-HJF-48658,11,1749375319,3 Havey Way,582,NAD,http://dummyimage.com/164x100.png/5fa2dd/ffffff,2025-10-20 20:59:11
fshaylornr@narod.ru,$2a$04$Eydqjwl5FoOuBtphKP9Jt.ajyKNEOtuvXg7vymFINfFoW8cWNwPfC,Fleurette,Shaylor,GASTROENTEROLOGY,DOC-IPN-28883,13,6922316230,25 4th Street,992,CNY,http://dummyimage.com/165x100.png/dddddd/000000,2025-10-20 20:59:11
rcovertns@vinaora.com,$2a$04$APiAIiKZ7wbu4zzoEiGmZ.s//UZfo0IaclJdq2cjuSjPr.2eIphgK,Rock,Covert,IMMUNOLOGY,DOC-EPY-80876,5,8276152211,1 Oriole Alley,1255,JPY,http://dummyimage.com/125x100.png/ff4444/ffffff,2025-10-20 20:59:11
alusgdinnt@sphinn.com,$2a$04$Gz782mh74UTDwWm5ZnM.6eAgj1aBpPejHowTWBVflmblUqXUucPCW,Annmaria,Lusgdin,RHEUMATOLOGY,DOC-NVZ-36010,17,3858222488,7968 Emmet Center,1222,XOF,http://dummyimage.com/150x100.png/5fa2dd/ffffff,2025-10-20 20:59:11
kbeyernu@zdnet.com,$2a$04$eRXOiUTuGFuwUC7fDI2lY.UcU8IZXKvRy8hx0kApruIgdwZ1atNqq,Kermit,Beyer,ORTHOPEDICS,DOC-NSJ-34400,16,8012265565,40 Lerdahl Alley,715,RUB,http://dummyimage.com/226x100.png/ff4444/ffffff,2025-10-20 20:59:11
mschuttenv@ask.com,$2a$04$MNquEb0pBdvyfrU.wFxRee8abiiNigbGa2cR7WUtRSob08dJged2.,Magdalen,Schutte,DENTISTRY,DOC-CUN-05974,5,8142378103,963 Morrow Avenue,853,XAF,http://dummyimage.com/168x100.png/cc0000/ffffff,2025-10-20 20:59:11
bepplenw@home.pl,$2a$04$xYkDFPbhbGA4qOQQHEZofOcBxPKFRr/BN4jqHJLYwGWOaI1/4Y.wu,Brunhilde,Epple,PEDIATRICS,DOC-EJD-00899,22,1496171603,9 Brentwood Road,1296,CNY,http://dummyimage.com/160x100.png/dddddd/000000,2025-10-20 20:59:11
dbrisbanenx@godaddy.com,$2a$04$pVZjvTEoP1tUiwUTo5UiQ.VxttuM3FGWrvQUd2p9qHm7i.Omj3pR.,Deeyn,Brisbane,PULMONOLOGY,DOC-DBU-18165,21,8445935885,9360 Oakridge Hill,1281,COP,http://dummyimage.com/147x100.png/cc0000/ffffff,2025-10-20 20:59:11
chacquelny@posterous.com,$2a$04$kwSkmgwZjEwNIserLyIyjO9kyv8ZolBBg43BPHxkn3TtYdE6T08vS,Carole,Hacquel,PEDIATRICS,DOC-QXR-21045,5,8138256706,4062 Ohio Road,941,MXN,http://dummyimage.com/203x100.png/5fa2dd/ffffff,2025-10-20 20:59:11
lbraimenz@sphinn.com,$2a$04$N/q.fnIbKN3WjelH5cKgAuOjt1E0KxipPr.aVBiN2xl0z2qP/rsL2,Lizette,Braime,RADIOLOGY,DOC-NFL-58159,1,7575029307,82 Eagan Road,917,THB,http://dummyimage.com/204x100.png/ff4444/ffffff,2025-10-20 20:59:11
jwebleyo0@paginegialle.it,$2a$04$X3KMyBdOCGTNiWMhPq.0CeoaWcPOc8NyoqOfXgXthgTnSxfJJzBmm,Josie,Webley,EMERGENCY_MEDICINE,DOC-ZMP-11629,24,5588201283,6 Petterle Avenue,1611,CNY,http://dummyimage.com/198x100.png/dddddd/000000,2025-10-20 20:59:11
dconrarto1@google.it,$2a$04$VXI6OobV29IlEJs2Xqkvse3luYO2wcYgoVyCt2lAqaI2bnvhsoFyO,Decca,Conrart,GENERAL_SURGERY,DOC-ONN-73644,23,7365896948,9 Sugar Road,1161,UAH,http://dummyimage.com/126x100.png/dddddd/000000,2025-10-20 20:59:11
lszymonio2@mac.com,$2a$04$gCWwSiwznwGBYb1bfmrozu/rHXM/GJeheA100hl3sGfMuURHR2./q,Lowell,Szymoni,ENDOCRINOLOGY,DOC-VBD-53821,9,9612829938,58786 Maple Crossing,1510,RSD,http://dummyimage.com/226x100.png/dddddd/000000,2025-10-20 20:59:11
gmeddicko3@mtv.com,$2a$04$cwPfZQGMkS/nY6WyQAXw.eqPVhXvj3jLD5pC.SQSpZA2iuXNovGKG,Gram,Meddick,GYNECOLOGY,DOC-QLI-45587,10,7048171637,22505 Clarendon Park,720,PYG,http://dummyimage.com/166x100.png/ff4444/ffffff,2025-10-20 20:59:11
hhathwayo4@pen.io,$2a$04$z28Abh.NGzBGEja5PM5rwuCmZ3yOv26VBULQAkR2VJuCSjfjHk91u,Haleigh,Hathway,PSYCHIATRY,DOC-ATH-83781,21,3885772577,340 Everett Alley,1834,PLN,http://dummyimage.com/195x100.png/ff4444/ffffff,2025-10-20 20:59:11
ssouthamo5@dyndns.org,$2a$04$sFL.8wItatwxswBK0WoTq.alsHvOF40a3mAf3aM5/Fq3QFf28/GJy,Silvanus,Southam,SPORTS_MEDICINE,DOC-ZVX-63581,21,3609119187,43170 Thierer Road,1254,RUB,http://dummyimage.com/170x100.png/cc0000/ffffff,2025-10-20 20:59:11
kgourlieo6@hibu.com,$2a$04$EIWasFWc/KpMrIKF64nRB.zoZistxrTT4Cvo2bop/q0zDlk9DkHWq,Kin,Gourlie,PATHOLOGY,DOC-AEA-69168,13,5487231206,5386 Darwin Crossing,1757,PHP,http://dummyimage.com/202x100.png/cc0000/ffffff,2025-10-20 20:59:11
apettso7@marketwatch.com,$2a$04$n13zEcW2Z77A0IPWI9PkOOhs61SbckAZXXH3jGMBNRLa33CKgh/VC,Ardelia,Petts,RHEUMATOLOGY,DOC-DUF-27373,8,7869735056,44407 Declaration Crossing,997,RUB,http://dummyimage.com/124x100.png/dddddd/000000,2025-10-20 20:59:11
rtwomeyo8@imgur.com,$2a$04$rI3NDSVqkJdzo4vf0K3AoOw5L49Irts0eqrqDztanVdiioUszQAJm,Roley,Twomey,RADIOLOGY,DOC-URK-41568,23,6029321713,27024 Bluestem Street,1557,RUB,http://dummyimage.com/230x100.png/dddddd/000000,2025-10-20 20:59:11
kgavarano9@google.fr,$2a$04$p/MXZPdDUCc8qX/ba7EW6e/vmlJb1OpvN2okefAryj4tDvION2elG,Kendell,Gavaran,SPORTS_MEDICINE,DOC-LXO-74357,20,1294737299,9 Artisan Parkway,735,EUR,http://dummyimage.com/202x100.png/cc0000/ffffff,2025-10-20 20:59:11
bdowsoa@gravatar.com,$2a$04$SfAHJOy86fVgP5hs08w9R.oTyu394Tw.1QX7qP6/bwVYb.Cy61MMG,Brit,Dows,FAMILY_MEDICINE,DOC-SNO-80769,13,1966101551,228 Sunnyside Hill,1671,SAR,http://dummyimage.com/181x100.png/5fa2dd/ffffff,2025-10-20 20:59:11
avolckerob@howstuffworks.com,$2a$04$Ek61k2jQetUBWqigZLkdeOaI1vs3qSP8Mdo3M1SBvAySt1eFu1mbi,Adel,Volcker,NEPHROLOGY,DOC-OKM-22473,17,9931502342,50 Golf Circle,1938,CAD,http://dummyimage.com/246x100.png/5fa2dd/ffffff,2025-10-20 20:59:11
gfoulisoc@arstechnica.com,$2a$04$qq3Pddk59qi5uQ/jJmZ.yuaKY8N11q4PR5W9hrac4vT2wkojoExNy,Giacinta,Foulis,PULMONOLOGY,DOC-ELO-56952,3,1428799848,12281 Hagan Way,1774,CNY,http://dummyimage.com/138x100.png/5fa2dd/ffffff,2025-10-20 20:59:11
amalenoirod@xing.com,$2a$04$/Xo8RiuZv/jOtzExwRFFlOoN8PyDU7vkta263p9okOZk.AThb9Ew2,Alfie,Malenoir,INTERNAL_MEDICINE,DOC-CEE-76010,10,8464848403,7415 Amoth Junction,1824,MDL,http://dummyimage.com/132x100.png/ff4444/ffffff,2025-10-20 20:59:11
odemannoe@addthis.com,$2a$04$efDcdxEj2aeBYJx6l8H37ueMa/DWa4g4KVAHfUNJ9FY1qJH/Gnm6G,Otho,Demann,PULMONOLOGY,DOC-YAU-11421,7,7281123839,3 Red Cloud Circle,682,MYR,http://dummyimage.com/234x100.png/cc0000/ffffff,2025-10-20 20:59:11
ftinsleyof@auda.org.au,$2a$04$zQGMjVNTxdHWynV6zPJpy.RM/r3FQ2FXwy8fEDkO6eMLdGtoeIWqi,Flinn,Tinsley,SPORTS_MEDICINE,DOC-GBG-79953,3,3092584920,6937 Drewry Street,1226,IDR,http://dummyimage.com/156x100.png/cc0000/ffffff,2025-10-20 20:59:11
jlewryog@ocn.ne.jp,$2a$04$H1dU2jHmw13mofC2KG8CCuVHRYFlQadinRS2GyAhcPfA.G7Lbbyom,Janina,Lewry,PULMONOLOGY,DOC-RAB-58093,3,6859074123,15 Dunning Junction,1653,CNY,http://dummyimage.com/140x100.png/ff4444/ffffff,2025-10-20 20:59:11
ckennewayoh@wisc.edu,$2a$04$f60I8lgWSwBH/nZXdB2HDOZSuFJRXq7gZF7o671xC4.CWbtiOZhXO,Catie,Kenneway,INFECTIOUS_DISEASE,DOC-IET-34835,1,5343889716,0 Hooker Hill,1649,MGA,http://dummyimage.com/248x100.png/cc0000/ffffff,2025-10-20 20:59:11
rshrubboi@ibm.com,$2a$04$kVBicoi2PJCVYATjhaJLu.f97S94180vI3spKtiVECC4r1P58GdXW,Roth,Shrubb,PSYCHIATRY,DOC-DJG-53644,17,6185574272,40520 Old Shore Point,1851,CZK,http://dummyimage.com/211x100.png/dddddd/000000,2025-10-20 20:59:11
zbagleyoj@home.pl,$2a$04$oFKOxcaBdIr1.kGmFOV6v.tKx6pDnhFew/eetQpsNSI/ZTy8im9jK,Zach,Bagley,INTERNAL_MEDICINE,DOC-LVU-22922,6,5917546841,48251 Thackeray Avenue,519,EUR,http://dummyimage.com/221x100.png/ff4444/ffffff,2025-10-20 20:59:11
tdavidwitzok@salon.com,$2a$04$komFCLlfxW7oIkKAxEUKQePXSpdOA7/WifA9r46je1ucajVNyduS.,Thorny,Davidwitz,IMMUNOLOGY,DOC-DEX-17172,13,4592609410,12426 Fulton Court,868,IDR,http://dummyimage.com/207x100.png/ff4444/ffffff,2025-10-20 20:59:11
kivanovicol@51.la,$2a$04$mS7QPnnKdM58/HNtDPf0IOjr/TOrWXUlH40ZhAKVlNnCnjjmW3UBy,Kat,Ivanovic,ANESTHESIOLOGY,DOC-MQC-82155,16,3169468074,6007 Loomis Way,1166,CNY,http://dummyimage.com/115x100.png/cc0000/ffffff,2025-10-20 20:59:11
kgreschom@lycos.com,$2a$04$0vB0.Jy4zyR6URi8zZpI/.nMzmntt215w0w4nl.4D4LSyFtgkUBMy,Kailey,Gresch,ORTHOPEDICS,DOC-MMQ-37030,11,7392509478,0523 Springview Hill,896,MAD,http://dummyimage.com/129x100.png/dddddd/000000,2025-10-20 20:59:11
ldanielloon@bloomberg.com,$2a$04$H/vA/Sasz4gF7YvUxMbl/.ian6pQn6jq1BTLB8/CPJ17xWnbjyAIK,Lorelle,Daniello,OPHTHALMOLOGY,DOC-CYO-54394,23,7879259218,46833 Prentice Circle,633,JMD,http://dummyimage.com/139x100.png/ff4444/ffffff,2025-10-20 20:59:11
dyeamanoo@joomla.org,$2a$04$qt9dY1qBRo.9wo/VJgxJl./UVGFCJETVlaUaIcxcfE3O8O3TyEsOO,Danella,Yeaman,GYNECOLOGY,DOC-TND-55329,18,5427875948,3061 Surrey Drive,1252,IDR,http://dummyimage.com/145x100.png/ff4444/ffffff,2025-10-20 20:59:11
mcaulcuttop@sciencedirect.com,$2a$04$kEdwlzl3xbQeJSmrco8xQehTpP4kJRhTiJ.q1ujfo7ma5kTBXoBqG,Micheline,Caulcutt,ONCOLOGY,DOC-VKH-30247,18,6828036365,965 Reinke Pass,1105,NOK,http://dummyimage.com/127x100.png/cc0000/ffffff,2025-10-20 20:59:11
lpilsworthoq@ebay.co.uk,$2a$04$a1EzRxgSVCpInuJwwGGfU.G7zRs2dtnhu0Cs64A8S2FzIY/m7q65K,Lanna,Pilsworth,OPHTHALMOLOGY,DOC-EVL-90606,4,7969536239,2 Eliot Drive,1261,IDR,http://dummyimage.com/103x100.png/ff4444/ffffff,2025-10-20 20:59:11
rmeckiffor@cdbaby.com,$2a$04$vqQaXWfttrucxIZuz5XS/e9PG/KYvhqyOFDg.z2RSVdarsE0IFksq,Reinold,Meckiff,PULMONOLOGY,DOC-RTJ-52428,15,7887148881,98 Sutteridge Center,955,RUB,http://dummyimage.com/191x100.png/ff4444/ffffff,2025-10-20 20:59:11
ynaileos@ftc.gov,$2a$04$BBZcT.OGYEqwc3R164RA7u67OsAtsuA3zifMbaic/7l03Xxtn92c6,York,Naile,DENTISTRY,DOC-UPK-24029,14,8954829427,7317 Vermont Plaza,1712,RUB,http://dummyimage.com/216x100.png/5fa2dd/ffffff,2025-10-20 20:59:11
smalenfantot@histats.com,$2a$04$99hhe7bUL1sF8q0LYiBFzOoUtTlrnScG2fzmLste5L4ixteGZ8gn6,Shelli,Malenfant,DERMATOLOGY,DOC-GLI-49084,2,8974150563,95 Golf Junction,761,PHP,http://dummyimage.com/222x100.png/ff4444/ffffff,2025-10-20 20:59:11
mcardelloou@wp.com,$2a$04$1IsY7Y1F9NBizQj7bXy08OWsxbFdm.fmaNbJwZKgI7zkMGZUZgJLm,Merlina,Cardello,SPORTS_MEDICINE,DOC-CWV-13161,4,1073844016,97 Meadow Ridge Park,1583,JPY,http://dummyimage.com/164x100.png/dddddd/000000,2025-10-20 20:59:11
crintoulov@technorati.com,$2a$04$cx.R5Z.RtLG6EGD91jd2oubQAJgBydmO4ew1FlMBn67v2tfyaCRHa,Camellia,Rintoul,DENTISTRY,DOC-CWG-73166,20,9782531305,40 Main Junction,1340,IDR,http://dummyimage.com/107x100.png/cc0000/ffffff,2025-10-20 20:59:11
ggoodeyow@gmpg.org,$2a$04$TytlIoyOg7gBsOqLv8rYae5VcQqyJAEtnZvwt7mE.sfAg9gW/YvBy,Gwendolyn,Goodey,HEMATOLOGY,DOC-ZEG-21606,13,1937131006,5134 Dryden Hill,743,PKR,http://dummyimage.com/151x100.png/5fa2dd/ffffff,2025-10-20 20:59:11
pfearensideox@dailymotion.com,$2a$04$m5.gC1Ws.K7/BFN7eoja1unn04Umr2Fd6xM3EDFZotGw.R22xulRm,Penelopa,Fearenside,ENDOCRINOLOGY,DOC-QVP-71650,12,3619619882,203 Hoffman Way,1232,CVE,http://dummyimage.com/180x100.png/ff4444/ffffff,2025-10-20 20:59:11
ccleetonoy@posterous.com,$2a$04$XblurWxY0jj5kACqp/66zeXwogi2fomaimXAfVvjkFaQMHMYrmvUe,Carilyn,Cleeton,GENERAL_SURGERY,DOC-IAH-02024,9,9324208158,9 Bonner Alley,1389,RUB,http://dummyimage.com/128x100.png/ff4444/ffffff,2025-10-20 20:59:11
fthwaiteoz@census.gov,$2a$04$EVEeGpqQOMtBzF541OC0Be22Hhz1rFCek59m6rxvmDXoouFHYzvc6,Francesco,Thwaite,RHEUMATOLOGY,DOC-MYT-11084,6,5989693785,618 Green Ridge Court,1659,RUB,http://dummyimage.com/179x100.png/5fa2dd/ffffff,2025-10-20 20:59:11
cvallancep0@ucsd.edu,$2a$04$W5G6iDUwqtlJlrAmutqdXeQodQYIs/1nbR7Dr0zmmHIcrsd0RpeFK,Chanda,Vallance,GENERAL_SURGERY,DOC-FGB-49214,19,1505456439,4 Kings Pass,633,CNY,http://dummyimage.com/134x100.png/cc0000/ffffff,2025-10-20 20:59:11
sallainp1@bizjournals.com,$2a$04$wLjVi.qRGw/scOWiNCGvtOhy3ccWafjbIQ278iZ7MLoqASYb0t2XW,Shelia,Allain,DERMATOLOGY,DOC-FIV-68992,23,3095023415,703 Corben Center,1659,BRL,http://dummyimage.com/178x100.png/dddddd/000000,2025-10-20 20:59:11
kwilcockep2@mit.edu,$2a$04$.y9IP/dCEfGKWdLI4yWHfeKHUjE6yhmuVRnhirXLpwpsV2P8uIJT2,Karlee,Wilcocke,PSYCHIATRY,DOC-JCV-10208,23,7397479615,768 Heffernan Parkway,983,IDR,http://dummyimage.com/244x100.png/cc0000/ffffff,2025-10-20 20:59:11
mcoakleyp3@4shared.com,$2a$04$XLIYlVMdzo.iB8UGrjhHSO4zbnJ.HghrRYXFrdg3R/9/aZgEs8906,Mason,Coakley,ENT,DOC-ZDC-29610,24,8806817895,80 Village Green Court,549,PEN,http://dummyimage.com/199x100.png/dddddd/000000,2025-10-20 20:59:11
rstockingp4@behance.net,$2a$04$aatnbLTcAD2tOS/tqLSF6.Rd5y8jhSifQStPRG8ROnd8I6smQMGBO,Revkah,Stocking,GASTROENTEROLOGY,DOC-BJH-17095,24,6494665429,20306 Center Terrace,1940,HTG,http://dummyimage.com/162x100.png/cc0000/ffffff,2025-10-20 20:59:11
cmcphillipsp5@friendfeed.com,$2a$04$5KHTSZP6oKLb6OKfDEJF5eYwHQxH1zF29CUTVSDULbACyxR51SWtm,Chariot,McPhillips,GENERAL_SURGERY,DOC-JJG-96396,12,6029025933,8 Haas Street,1608,CNY,http://dummyimage.com/203x100.png/5fa2dd/ffffff,2025-10-20 20:59:11
ngandersp6@constantcontact.com,$2a$04$vCoouGZqYEc.al9iwWrLZeYdzIYmPSYNgUR06NDLRqxy/sCUN7UYC,Norris,Ganders,GENERAL_SURGERY,DOC-IRN-23037,10,2852761290,96 Butterfield Way,784,CAD,http://dummyimage.com/162x100.png/5fa2dd/ffffff,2025-10-20 20:59:11
kskirvanep7@loc.gov,$2a$04$1JCHOxvtdNOZLVaJZJF5PurWtmsPWOidRP4qUm2MPIH5E67/6XxPa,Karlotte,Skirvane,PEDIATRICS,DOC-LQC-47011,24,8983378182,27 Service Parkway,1960,EUR,http://dummyimage.com/108x100.png/ff4444/ffffff,2025-10-20 20:59:11
cewensonp8@slashdot.org,$2a$04$kbbbegjBlSVArzh7xzctUuSX2Ji0G.ZST.ojx4UBJfJKumWV8OV7G,Carmelina,Ewenson,IMMUNOLOGY,DOC-HAQ-90859,21,6519036664,967 Meadow Ridge Parkway,1442,THB,http://dummyimage.com/139x100.png/dddddd/000000,2025-10-20 20:59:11
gcolliberp9@pinterest.com,$2a$04$awKIc9LIaDKU7rLoGQJM5ObtSEkHlIMKN2qPFToeGWbCw1m3EPm0C,Gerty,Colliber,ENDOCRINOLOGY,DOC-TUZ-66713,13,1705379730,6413 Chive Plaza,1911,CNY,http://dummyimage.com/134x100.png/dddddd/000000,2025-10-20 20:59:11
aelementpa@behance.net,$2a$04$GdVLyWcZhHBkDj1TxhS8huqtsTjuxE.R8S9nQbKaSM5XRYKbsMpea,Akim,Element,INFECTIOUS_DISEASE,DOC-ZKM-94226,19,6522017433,8 Fulton Trail,526,YER,http://dummyimage.com/232x100.png/ff4444/ffffff,2025-10-20 20:59:11
jkingslypb@edublogs.org,$2a$04$LX.5Hh2yAVnWD/QrLR0ng.1YB4U1GhZlaP4d9v/.4BKyFDvtDGBzC,Jeanette,Kingsly,DERMATOLOGY,DOC-GXP-91983,13,1195036778,76464 Fair Oaks Road,1908,RUB,http://dummyimage.com/219x100.png/dddddd/000000,2025-10-20 20:59:11
tmcettigenpc@livejournal.com,$2a$04$8WVj0BATtNFuFeNKY9lY2uV4uMPxJxw3b/aMjxABrDRQjiJskZMbK,Tallie,McEttigen,OPHTHALMOLOGY,DOC-ERH-56734,14,6558160908,456 Mallory Center,1567,COP,http://dummyimage.com/119x100.png/cc0000/ffffff,2025-10-20 20:59:11
bfludderpd@imgur.com,$2a$04$wooGvDAgumYBgiNgYxCz8.n0BfF8YSRm95HoFt5Se.kDKvw22nKom,Barnett,Fludder,GENERAL_SURGERY,DOC-LRN-97684,2,4231862835,4 Nevada Place,1049,IDR,http://dummyimage.com/248x100.png/ff4444/ffffff,2025-10-20 20:59:11
jsleithpe@narod.ru,$2a$04$v07Rg6Agg7R.I7e1dytrI.JPJwJmf54Htf/C8QrgYZBi3NsFV6RrS,Jordan,Sleith,ORTHOPEDICS,DOC-TFD-18707,22,1577756305,5122 Fisk Pass,1025,IDR,http://dummyimage.com/122x100.png/5fa2dd/ffffff,2025-10-20 20:59:11
wmanderpf@free.fr,$2a$04$w7WergS3qFMyFjrTqvYdNukqndRCunemDmx4moVa17.yZa/MZTZNi,Wilhelm,Mander,ORTHOPEDICS,DOC-LDN-03857,12,9668200287,5 Anderson Avenue,1420,RUB,http://dummyimage.com/117x100.png/dddddd/000000,2025-10-20 20:59:11
jhenrysonpg@naver.com,$2a$04$Cx891xgMQQINEaboTyJNmeO8/3OO4PrFqx6TXstXdGSHo2ER8pBBq,Jannelle,Henryson,INFECTIOUS_DISEASE,DOC-VMZ-07513,24,6185145200,94 Cardinal Alley,1484,WST,http://dummyimage.com/236x100.png/cc0000/ffffff,2025-10-20 20:59:11
mreingerph@artisteer.com,$2a$04$sOtMRiMJIeO2/LXLfiqxVeIfzI0IfB1ZMZyn77tuGbS1BOWTdWO7a,Marchall,Reinger,FAMILY_MEDICINE,DOC-WTN-01137,18,2571915250,42668 Elmside Park,1833,CNY,http://dummyimage.com/119x100.png/5fa2dd/ffffff,2025-10-20 20:59:11
oreallypi@ning.com,$2a$04$fjAX3ezq/tzZh8ow2shl4uN.Us7D3LdbAVHHQAW3ltUScQrA4fy2e,Ora,Really,IMMUNOLOGY,DOC-RRF-12777,10,4048015737,9840 Onsgard Crossing,655,USD,http://dummyimage.com/122x100.png/5fa2dd/ffffff,2025-10-20 20:59:11
eblowpj@mashable.com,$2a$04$Q/ZgdaEUvgHdLFMF/z3cHeFBI8hLueMHPTYru.Fg4ohXDK8d/EKi6,Emmott,Blow,INFECTIOUS_DISEASE,DOC-QDQ-58530,8,2439603099,61 Sachs Trail,1226,EUR,http://dummyimage.com/234x100.png/ff4444/ffffff,2025-10-20 20:59:11
vyeseninpk@state.tx.us,$2a$04$Zd/2jgrP5oIuNkzglJUYsuUhAR5nNtTm3omCAXJCoFx0Uxg/rfUvW,Valery,Yesenin,NEUROLOGY,DOC-VYT-10157,4,7335955001,548 Thierer Alley,1834,EUR,http://dummyimage.com/135x100.png/ff4444/ffffff,2025-10-20 20:59:11
ltookeypl@unblog.fr,$2a$04$JaTTWn3Tv41JSb3pwwQGIux8ijVTCSwZ94Ubek3wEmcIBkufPlxXi,Libbie,Tookey,GENERAL_SURGERY,DOC-RMS-62849,6,1791415683,133 Clarendon Hill,1376,IDR,http://dummyimage.com/192x100.png/cc0000/ffffff,2025-10-20 20:59:11
smossoppm@accuweather.com,$2a$04$JqNs0CPqv73ikkyE9OTNCe5.hra3RMX9kMItUtIuC0Owryjh5mSg.,Sallyann,Mossop,EMERGENCY_MEDICINE,DOC-AJR-63686,15,6475449219,41 Barby Court,1247,CZK,http://dummyimage.com/199x100.png/5fa2dd/ffffff,2025-10-20 20:59:11
hwimspn@google.nl,$2a$04$yV6ytU6YaNsIWtFFBBGWCuSSgLBuhhFHLNu9.he/liXCDjZHH/f/G,Henri,Wims,ONCOLOGY,DOC-AEA-15730,6,4738551674,923 Old Gate Place,1881,EUR,http://dummyimage.com/237x100.png/cc0000/ffffff,2025-10-20 20:59:11
etothacotpo@loc.gov,$2a$04$C2BpH7EhyRuHnVVeZ/zwV.Emkw1o8hwhUadnaeNDaduIRYybpewE.,Erie,Tothacot,PSYCHIATRY,DOC-MXD-76526,21,9482794238,16 Sunfield Drive,1406,PLN,http://dummyimage.com/225x100.png/5fa2dd/ffffff,2025-10-20 20:59:11
dlindenblattpp@blinklist.com,$2a$04$noe8ArfzDX79vrUxyuBP8OqeNdbz8F7tR39rs.uPL1a46drZ6hc86,Dani,Lindenblatt,CARDIOLOGY,DOC-KDM-49095,16,1136998575,076 Redwing Center,1804,RUB,http://dummyimage.com/212x100.png/5fa2dd/ffffff,2025-10-20 20:59:11
vpatsallpq@ameblo.jp,$2a$04$SyhTw6f8aKqWKHSNr2TsDOkSbhLPWucZN5JFm1JM4pa5L5D5cBREG,Verney,Patsall,GASTROENTEROLOGY,DOC-UKD-12856,14,5469121050,4 Redwing Alley,913,SEK,http://dummyimage.com/243x100.png/dddddd/000000,2025-10-20 20:59:11
cliellpr@berkeley.edu,$2a$04$nU4/4dB2VGF1Fkw.98gzGOfxASlZyuF1Ob7NUrO3tZJPb1HllebA2,Currie,Liell,GENERAL_SURGERY,DOC-IQX-80130,11,8648271679,3 Marquette Trail,1163,EUR,http://dummyimage.com/204x100.png/cc0000/ffffff,2025-10-20 20:59:11
mtiplerps@ox.ac.uk,$2a$04$bIMtxD4.szuHg.Yx5dxwdOVJC59JqJBRcO4GSCr8nW3xkZOr.0bUC,Mal,Tipler,PATHOLOGY,DOC-ANI-50774,11,8241852970,4 Susan Pass,1792,CNY,http://dummyimage.com/100x100.png/dddddd/000000,2025-10-20 20:59:11
atrevallionpt@dmoz.org,$2a$04$H5z.7bPMFz2GEXwl8Nsn0eo02kG/8lUaZK7LZugdQ51kHxtyYZwoa,Allis,Trevallion,PLASTIC_SURGERY,DOC-KIN-50501,4,9204669943,13362 Tomscot Center,1836,IDR,http://dummyimage.com/219x100.png/ff4444/ffffff,2025-10-20 20:59:11
ltompsettpu@cnn.com,$2a$04$YLewR90F/QxSz4XAuIH0Euq0T1VSDfw4Io.99NNiYQu7rjFaxmrh6,Ludwig,Tompsett,CARDIOLOGY,DOC-IAX-26867,18,1855387980,997 Hovde Junction,1474,EUR,http://dummyimage.com/149x100.png/5fa2dd/ffffff,2025-10-20 20:59:11
jmckeighanpv@archive.org,$2a$04$gP54OFSsotpiNELV1MNNZeDISq0wxXkY8EJl035MUIu5Kfc2TvA6.,Jillian,McKeighan,ENDOCRINOLOGY,DOC-AYM-10377,20,5821102970,82545 Fieldstone Plaza,1231,UGX,http://dummyimage.com/242x100.png/dddddd/000000,2025-10-20 20:59:11
bclurowpw@smh.com.au,$2a$04$3dhqeGnI4eClxY.z7PuVGuipY4nEYe6JzxSDix9IimNXkjqamb9Wu,Boris,Clurow,ANESTHESIOLOGY,DOC-RDA-89445,13,8805553374,912 Oneill Court,1552,NIO,http://dummyimage.com/155x100.png/5fa2dd/ffffff,2025-10-20 20:59:11
ltuberfieldpx@twitter.com,$2a$04$bfisGQlMD/Yew2TQmQpQa.7da6D4Ny4e2w6f6Z8U9ryuPWvDgkfnm,Lucas,Tuberfield,GENERAL_SURGERY,DOC-ACL-90650,18,5107438451,52 Goodland Center,701,PKR,http://dummyimage.com/249x100.png/ff4444/ffffff,2025-10-20 20:59:11
bverrypy@indiegogo.com,$2a$04$zBxyr/PUL15tow1Qh.bE5e9uQsDSy958gioaZwZdm9ja5e85mRa5O,Bobina,Verry,GYNECOLOGY,DOC-IYT-27243,3,2533335797,396 Summerview Center,1229,EUR,http://dummyimage.com/112x100.png/dddddd/000000,2025-10-20 20:59:11
kneilandpz@mapquest.com,$2a$04$abov./snAOQaQULLCIZ0u.SlgICn0J4UFhtNXI5x0CpE1TTzNYdB6,Kath,Neiland,PLASTIC_SURGERY,DOC-EMI-57182,13,8251468161,4622 Larry Parkway,1372,RSD,http://dummyimage.com/199x100.png/dddddd/000000,2025-10-20 20:59:11
ebraistedq0@dagondesign.com,$2a$04$s76Pf22pu8QUDT/k.2nfuO/P.lg3Na9lNdeLQ646t40Mo5SLrdOcO,Emelyne,Braisted,OPHTHALMOLOGY,DOC-XIN-81653,23,8258971575,1119 Garrison Lane,1727,EUR,http://dummyimage.com/233x100.png/5fa2dd/ffffff,2025-10-20 20:59:11
jriachq1@ow.ly,$2a$04$0qOtPlcdx8imHtRmjanxxuYqUXxJLoDUS5mT74Arqq4ff6XKikeT2,Justin,Riach,NEPHROLOGY,DOC-CNO-33503,18,5773529843,21908 Washington Junction,856,PLN,http://dummyimage.com/220x100.png/cc0000/ffffff,2025-10-20 20:59:11
stetsallq2@simplemachines.org,$2a$04$Z.S2uUpFGHW5FcNzF8rsuek4btMuOFKDzVMuxRmy7aQWkaCR9V1.y,Shaine,Tetsall,NEPHROLOGY,DOC-GWO-25030,13,7094609007,11193 Clemons Crossing,1285,IDR,http://dummyimage.com/201x100.png/ff4444/ffffff,2025-10-20 20:59:11
ebernardinelliq3@usgs.gov,$2a$04$UcUNqs.kd6Y32pqZpWOzYeEwPayshA.gQU.h/5Ef0kk71/5orMZqa,Edithe,Bernardinelli,ENT,DOC-UXJ-92396,2,1212293451,8352 Thierer Point,807,EUR,http://dummyimage.com/207x100.png/dddddd/000000,2025-10-20 20:59:11
kalliboneq4@gravatar.com,$2a$04$vOWGf6LFPvPhKfPoWyvoxujFSzsoLDgUR.kA1o8B88BmMN5N4Siqu,Kenneth,Allibone,RADIOLOGY,DOC-XTI-20166,17,6344261799,1596 Meadow Ridge Road,1919,CNY,http://dummyimage.com/161x100.png/dddddd/000000,2025-10-20 20:59:11
tchansonnauq5@jugem.jp,$2a$04$XGRLXvfhQGh19mRp3UV2Qe5oBteBA2FzTXatnfj6kCX5t1DvicVWu,Terrell,Chansonnau,PATHOLOGY,DOC-WVN-89580,18,3772918917,7 Valley Edge Crossing,1842,EUR,http://dummyimage.com/111x100.png/5fa2dd/ffffff,2025-10-20 20:59:11
hmassenhoveq6@theguardian.com,$2a$04$Mx/rrjGI9sv33T29ouAZ9OF5ff/3rCb1eLk7/1heig8/kYrAXjZom,Hanna,Massenhove,NEPHROLOGY,DOC-PCG-33757,16,3199307566,44 Muir Crossing,871,EUR,http://dummyimage.com/169x100.png/dddddd/000000,2025-10-20 20:59:11
nsacherq7@weibo.com,$2a$04$2dKwOehCMQxYsB/5QfOyEeIDDBiSgsQnykmnr/AKuL/psza3/2i3S,Nicola,Sacher,PULMONOLOGY,DOC-CZS-88616,14,5558734019,7179 Crescent Oaks Point,1378,IDR,http://dummyimage.com/125x100.png/5fa2dd/ffffff,2025-10-20 20:59:11
wfladgateq8@adobe.com,$2a$04$Go3jpjAdX15xBf9E6uyH/e.8s5yQ6LIO8ecZBuEBY7amMvxe6gDAS,Windy,Fladgate,SPORTS_MEDICINE,DOC-ENQ-48964,24,4917586682,7 Warner Circle,1544,BRL,http://dummyimage.com/101x100.png/ff4444/ffffff,2025-10-20 20:59:11
mseedsq9@boston.com,$2a$04$CXLVfZeqs2SAi7MlxRaH2.MXZa8m6Wq4AjVjS9aMoE/R4oq/GZWAq,Mari,Seeds,INTERNAL_MEDICINE,DOC-FBK-26665,13,6348427755,0 Hollow Ridge Drive,555,ZMW,http://dummyimage.com/229x100.png/dddddd/000000,2025-10-20 20:59:11
atomsettqa@taobao.com,$2a$04$d/ouXW9chsvc/hlTguPQLufPEM2dcCJ1FWjgfgzDXJGLu3P07Zqp6,Ainslie,Tomsett,DERMATOLOGY,DOC-RVM-74404,17,7663806446,85 Mendota Alley,1757,DOP,http://dummyimage.com/151x100.png/5fa2dd/ffffff,2025-10-20 20:59:11
vfeldererqb@nba.com,$2a$04$.0WBdhEUqDu6lK.bmOri0u09q9DCCXcyCff0MeqTtPqSiCRveE8GK,Vince,Felderer,INTERNAL_MEDICINE,DOC-KZX-01409,9,2675254367,4 Pankratz Street,1849,PLN,http://dummyimage.com/132x100.png/ff4444/ffffff,2025-10-20 20:59:11
ddessentqc@slideshare.net,$2a$04$uvmncZKAmacXnn1Rs8INzOJEZ83kcAgH1zMyV3PkgTLhfyFlSrNTG,Dale,Dessent,NEUROLOGY,DOC-AQL-35501,25,1304268338,3 Dwight Court,593,ALL,http://dummyimage.com/133x100.png/5fa2dd/ffffff,2025-10-20 20:59:11
mbrettleqd@netlog.com,$2a$04$9k/UVU6HMoWwNAoa2AlnmOzYWRQItf.vs.upYp.lu9OWbm5MJJEtu,Mellisa,Brettle,GASTROENTEROLOGY,DOC-UTS-91486,14,6793370800,7223 Helena Circle,542,MAD,http://dummyimage.com/147x100.png/ff4444/ffffff,2025-10-20 20:59:11
adinapoliqe@bizjournals.com,$2a$04$ymhEO7wEKnarPYSZAFbY9urqNgymSuhIlMIfahDE2Ru.gtNnq9ae.,Adelind,Di Napoli,ENT,DOC-RBQ-50887,12,5341473764,2 Porter Center,1248,UAH,http://dummyimage.com/200x100.png/dddddd/000000,2025-10-20 20:59:11
sstoffersqf@examiner.com,$2a$04$Z6CwpdRM2x6JtqRaJCqm/.g8HSGiqVFKvyjtwujtKS/dLtoKv45qO,Shelbi,Stoffers,IMMUNOLOGY,DOC-UID-21196,11,5808393954,520 Manufacturers Pass,610,CNY,http://dummyimage.com/160x100.png/ff4444/ffffff,2025-10-20 20:59:11
hmeyshamqg@umn.edu,$2a$04$EMCs0ErvtADEi7l9AqJTZeq3/l70ox7MG3iQe8i9.JajMAy9x2MRy,Henrietta,Meysham,RHEUMATOLOGY,DOC-SZU-45158,25,9683723059,3 Pennsylvania Court,991,CNY,http://dummyimage.com/225x100.png/5fa2dd/ffffff,2025-10-20 20:59:11
tbowellqh@so-net.ne.jp,$2a$04$3knytPb4pmEuMcVX841qd.D2drQr12TWofPtVpgaO5Fj5of4La7/q,Todd,Bowell,INTERNAL_MEDICINE,DOC-VAA-65612,23,4294058745,327 International Court,1969,MXN,http://dummyimage.com/212x100.png/ff4444/ffffff,2025-10-20 20:59:11
dmoncurqi@si.edu,$2a$04$fm8kGkUoTjjgDVdu8zs/UOK5VAlXqUA9HwNFI6GXSe5QO40yuJvkS,Debora,Moncur,PLASTIC_SURGERY,DOC-JJB-53798,12,1905025556,65782 Tennessee Park,1900,ARS,http://dummyimage.com/205x100.png/dddddd/000000,2025-10-20 20:59:11
hdambrogioqj@bizjournals.com,$2a$04$G5HtfDQF8iiJIfjGzSdxoeJj.5fodmeWlN85ouW/W37xJrVMgU6bC,Hal,D'Ambrogio,ENDOCRINOLOGY,DOC-GEJ-63831,11,6921899727,7 Becker Center,593,CNY,http://dummyimage.com/160x100.png/5fa2dd/ffffff,2025-10-20 20:59:11
ebutterqk@posterous.com,$2a$04$gVQHrn7rKyMabd9kZvyqsu5Q7VIQXD9itcSEu4EfOnixEjAAG8EgW,Elnar,Butter,ANESTHESIOLOGY,DOC-SXY-37588,12,4112146540,50396 Mcguire Park,1043,EUR,http://dummyimage.com/143x100.png/cc0000/ffffff,2025-10-20 20:59:11
mmacilraithql@mit.edu,$2a$04$yiiTjJvxK8JxHubzyfOuUuZQefSfnwkt2VfisdxhOMSYBpLzWfcee,Monte,MacIlraith,INTERNAL_MEDICINE,DOC-AOW-61038,17,5966785376,1200 Pond Terrace,1767,EUR,http://dummyimage.com/189x100.png/cc0000/ffffff,2025-10-20 20:59:11
vspurqm@qq.com,$2a$04$xvG7Movs.p4iclfGa1WvZepguBT7pz.Ea2hyl5hA/6dvwdFMrXIou,Viola,Spur,HEMATOLOGY,DOC-WGZ-37086,8,1908044952,1 Waubesa Junction,802,ARS,http://dummyimage.com/248x100.png/dddddd/000000,2025-10-20 20:59:11
mcloneyqn@upenn.edu,$2a$04$1CCgVkiC.4Y91.MAROGKb.ANz6C6rpSGgPDL/isEGXf09pSFO2Ro6,Marion,Cloney,ANESTHESIOLOGY,DOC-ZHP-39291,4,1295234928,73783 Pierstorff Road,956,PHP,http://dummyimage.com/155x100.png/5fa2dd/ffffff,2025-10-20 20:59:11
fzuanelliqo@bbc.co.uk,$2a$04$a6K6d6M803UzmQql.rfzpON2/KzHJX0tTXumNnaAUVXcAqpVQqKae,Filbert,Zuanelli,RADIOLOGY,DOC-IHR-10718,6,8066546194,779 Clarendon Road,1528,RUB,http://dummyimage.com/176x100.png/ff4444/ffffff,2025-10-20 20:59:11
igurnerqp@deviantart.com,$2a$04$Y/WsL/NajhumeO9hKfvAJOwKtAQoAGXztZ/7cxhz7//fk.JEJ7ntC,Ivonne,Gurner,EMERGENCY_MEDICINE,DOC-HRB-86200,15,5201987159,97542 Pankratz Crossing,1107,PHP,http://dummyimage.com/225x100.png/ff4444/ffffff,2025-10-20 20:59:11
ldegoixqq@spotify.com,$2a$04$F5H9pcGUwtK4HEjO18CR8.kJiRKS.ETUr8sshvo1xDi3x7PNlrGvK,Lori,Degoix,HEMATOLOGY,DOC-IDD-19482,2,9219348640,57 Toban Hill,920,SLL,http://dummyimage.com/162x100.png/ff4444/ffffff,2025-10-20 20:59:11
ebeestonqr@joomla.org,$2a$04$P1XBPTiIrN8kzl/bK9lYwOx1DCrsEQ3F0OGwteOz8VqTiGtsCfoZG,Eugenia,Beeston,INTERNAL_MEDICINE,DOC-ZIK-54321,6,2895707429,586 Acker Hill,1799,IDR,http://dummyimage.com/102x100.png/dddddd/000000,2025-10-20 20:59:11
estroodqs@alexa.com,$2a$04$ZWy2WaFZu9q6NJ6oBUnfIOj6Gf.NlHsKaAVtKh.lCgyiwSTSiM3Hu,Earl,Strood,ENDOCRINOLOGY,DOC-RKG-50377,12,8256641333,03 Farwell Court,589,ILS,http://dummyimage.com/166x100.png/ff4444/ffffff,2025-10-20 20:59:11
aleggonqt@vimeo.com,$2a$04$LQSXyKHi5.KJUhl96/q1Yu9uSL1mhgr/cfIPY6pTFFd7zUw9h4t7y,Allis,Leggon,ENDOCRINOLOGY,DOC-FAL-57003,3,6934856521,0940 Manley Plaza,1453,NAD,http://dummyimage.com/158x100.png/dddddd/000000,2025-10-20 20:59:11
sbarrowcliffqu@weebly.com,$2a$04$KYh9UV9P.NNOCn/GsBgfaes26SvWX0kGiC9sjmC2OuEIDBam0yi4K,Stillmann,Barrowcliff,ORTHOPEDICS,DOC-PQB-71141,16,8239123011,32 Old Shore Park,960,CNY,http://dummyimage.com/124x100.png/dddddd/000000,2025-10-20 20:59:11
cdugglebyqv@jimdo.com,$2a$04$2I9Sw64bGSA3.C5h91OusO9gTj6QAmcn/gWoLqt793OrwrmHKc2Ni,Chas,Duggleby,HEMATOLOGY,DOC-XWL-03935,24,2831084333,6 Muir Point,1565,UAH,http://dummyimage.com/102x100.png/cc0000/ffffff,2025-10-20 20:59:11
lfendtqw@soundcloud.com,$2a$04$XwHaDBWRVlNQimAxKScIVu.lQG4FGumjEnTunirASFG1I3n.opsc.,Livia,Fendt,INTERNAL_MEDICINE,DOC-HTT-34167,10,2524473848,3608 Manley Center,713,UGX,http://dummyimage.com/181x100.png/5fa2dd/ffffff,2025-10-20 20:59:11
chakewellqx@flickr.com,$2a$04$xi2O9Mf28kuPssLcDmBvjuta0oJwrGUVTH/AJEX1TOmTCkBFXyVj6,Constantina,Hakewell,PATHOLOGY,DOC-XNT-06018,12,3445027321,0077 Kennedy Avenue,835,EUR,http://dummyimage.com/185x100.png/5fa2dd/ffffff,2025-10-20 20:59:11
lbannisterqy@yellowbook.com,$2a$04$onQFCtL/Cd4f10KKvMsKeeb.yj4UmxgpW4h6PXoDzwVIseHNAW8gW,Lanie,Bannister,ENDOCRINOLOGY,DOC-KMP-55100,2,1589020679,3 Clove Drive,930,IDR,http://dummyimage.com/162x100.png/dddddd/000000,2025-10-20 20:59:11
bnacciqz@marriott.com,$2a$04$dJ8oQ0gUQk680WGuPDViBeB66SNnDPpS/sCN1V0kPQeCSjOsBZZE2,Bonita,Nacci,PATHOLOGY,DOC-NVB-08943,6,8683146346,2129 Erie Junction,924,CZK,http://dummyimage.com/138x100.png/dddddd/000000,2025-10-20 20:59:11
mkalinowskyr0@weibo.com,$2a$04$fI43pO5J0WHrvPqFJPQGCOGQqdlMVJapm7qqLFMCKpI7eq302Qr0O,Malinde,Kalinowsky,SPORTS_MEDICINE,DOC-QPA-27761,22,1771085065,7 Brown Crossing,1606,COP,http://dummyimage.com/230x100.png/ff4444/ffffff,2025-10-20 20:59:11
mvasiliur1@prnewswire.com,$2a$04$qwQ51taF0iYPfwRJT.XBdO4USxdS636Z.AH2lDIbAYuFEhfw9IPvi,Marcellus,Vasiliu,PLASTIC_SURGERY,DOC-FOL-70419,7,2999049967,1 Nancy Parkway,1935,MYR,http://dummyimage.com/100x100.png/cc0000/ffffff,2025-10-20 20:59:11
mgianiellor2@istockphoto.com,$2a$04$8XP1tZ1cRcqtPKEEFJg7a.umF7EpDZ4tPu6x3ehPkIWHyCCEFB/GW,Minnaminnie,Gianiello,SPORTS_MEDICINE,DOC-UGJ-53579,8,5814304240,5 Graceland Plaza,1094,CNY,http://dummyimage.com/117x100.png/ff4444/ffffff,2025-10-20 20:59:11
klyddyardr3@apple.com,$2a$04$qwnvBVlUc9aEWX71joeMRuDPkQPoVLBBKMUiRwV.qnK2zTFLA7kue,Kalinda,Lyddyard,OPHTHALMOLOGY,DOC-TND-35965,10,2656171568,6643 Farragut Plaza,1839,CNY,http://dummyimage.com/121x100.png/dddddd/000000,2025-10-20 20:59:11
lmcshirrier4@thetimes.co.uk,$2a$04$amKoudGxyxw45zwkwSUfzuBiRpa33b2IfibOrgCWKsr4LiDqzSKP2,Lilly,McShirrie,SPORTS_MEDICINE,DOC-OJZ-65294,2,7201961524,41 Forest Dale Park,504,PHP,http://dummyimage.com/107x100.png/cc0000/ffffff,2025-10-20 20:59:11
eattarger5@oakley.com,$2a$04$z.eQA/FFHIlr4FoCGnHGWOrV6YdyEEA8QP1AdSnb/IwFReksKhQq2,Ellswerth,Attarge,ANESTHESIOLOGY,DOC-UCE-74072,23,9125601100,96557 Clemons Center,734,COP,http://dummyimage.com/166x100.png/dddddd/000000,2025-10-20 20:59:11
cardernr6@google.fr,$2a$04$mtQyZ/HkwU1B001D/QjE/eKOiFXyrd3XrWgVOHKUv7i.7ajruTsq6,Cyndi,Ardern,GYNECOLOGY,DOC-MRI-39631,15,7301121959,0 Northland Alley,1882,CNY,http://dummyimage.com/132x100.png/ff4444/ffffff,2025-10-20 20:59:11
jalhirsir7@eepurl.com,$2a$04$TRm1oQnd3dU9F3dF03Xw6Oou4fTprAwX65wxp40gIv.mN1TKivFeO,Jobie,Al Hirsi,ENDOCRINOLOGY,DOC-JQW-08249,8,9728957834,1 Crowley Road,1506,PLN,http://dummyimage.com/206x100.png/cc0000/ffffff,2025-10-20 20:59:11
sclemenzor8@e-recht24.de,$2a$04$I9EdmX4z8IiQq1NnvsoU7ua8WjInC3X/OTtDN2fK4zYLJmI0K1YWq,Shelba,Clemenzo,RADIOLOGY,DOC-THX-31578,14,5991683042,1465 Kipling Junction,788,RUB,http://dummyimage.com/164x100.png/5fa2dd/ffffff,2025-10-20 20:59:11
mfetherstonr9@whitehouse.gov,$2a$04$O9XqSm8fK8o3XVuLyDXeQu2crUnSx0KQDrjX.O.1OXw70Wks3o3su,Mathew,Fetherston,PULMONOLOGY,DOC-PXC-75612,8,9993146722,56767 Esch Park,1579,CNY,http://dummyimage.com/195x100.png/ff4444/ffffff,2025-10-20 20:59:11
echeersra@ibm.com,$2a$04$pg40D0bWIr4QyRXUbvJsRe/JLqgO5/ROqB9CsxYQUtTy40gPKodvm,Eachelle,Cheers,PULMONOLOGY,DOC-NOX-00561,11,2137444184,5 Northland Trail,1309,VEF,http://dummyimage.com/223x100.png/ff4444/ffffff,2025-10-20 20:59:11
dpicotrb@ihg.com,$2a$04$kJSFdPokV8enTq9LeSY9de8z7f5Y1rx.WXA0Jh1rg05kQGOxEybKm,Delano,Picot,PLASTIC_SURGERY,DOC-DLN-04943,19,9854525649,143 Hooker Avenue,1671,BRL,http://dummyimage.com/163x100.png/dddddd/000000,2025-10-20 20:59:11
smurrrc@biblegateway.com,$2a$04$0bOxhzkDFPsUq9EhuFJcoeuT9hqd2fzY9wzR.EAWuHJdnqYZfJ2R2,Sharline,Murr,DERMATOLOGY,DOC-AIU-76096,2,2607533716,8501 Oriole Drive,1008,IDR,http://dummyimage.com/218x100.png/cc0000/ffffff,2025-10-20 20:59:11
nbenoixrd@state.gov,$2a$04$9g6Q8vhmVZgElwCC1BVNw.pwrpMLArHkzTJaveCQeWSEdBs1TMyHO,Nicky,Benoix,PATHOLOGY,DOC-VSY-90709,7,5789666678,186 Arkansas Point,1158,CNY,http://dummyimage.com/203x100.png/5fa2dd/ffffff,2025-10-20 20:59:11
asurgoodre@prweb.com,$2a$04$0Z5moFPdNud8vMGSCySZROLLKAImHced8ZTbLhjSYO/Qn5I5YY3tO,Abby,Surgood,PULMONOLOGY,DOC-UPK-11966,7,9283234145,5357 Vernon Road,625,COP,http://dummyimage.com/169x100.png/5fa2dd/ffffff,2025-10-20 20:59:11
hibelrf@reference.com,$2a$04$xZGZ0gIpNYWQkJfrbS95luHb/wg1ng55ptp8RjXx9Ee9j/1Nptbni,Hastie,Ibel,HEMATOLOGY,DOC-UHQ-01546,15,2417957065,2 Golf View Circle,659,IDR,http://dummyimage.com/125x100.png/ff4444/ffffff,2025-10-20 20:59:11
awitherdenrg@google.co.uk,$2a$04$BLpXWJmj9.sk8oEwwEZiMOaPnNCjMvet2GI14ghm/Utw0GxetcaHe,Andriette,Witherden,EMERGENCY_MEDICINE,DOC-CAL-15739,2,3426587537,2 Washington Lane,1521,PHP,http://dummyimage.com/209x100.png/cc0000/ffffff,2025-10-20 20:59:11
msquiresrh@chron.com,$2a$04$/lVH1Riyb4TbekDYG./AP.XJnQxKAxHL7c0g0bKd2Ew3Cqr6cx4Ou,Minette,Squires,IMMUNOLOGY,DOC-JTD-53330,24,6022275445,86 2nd Parkway,1158,CNY,http://dummyimage.com/237x100.png/dddddd/000000,2025-10-20 20:59:11
nkinclari@abc.net.au,$2a$04$3S5GsdnlBsxPVv3nyudpjea9S7TUqdxrP5sAD8PbD7MLKuu1yv0/.,Noach,Kincla,HEMATOLOGY,DOC-LPL-14310,18,1063915630,002 Badeau Plaza,1429,MNT,http://dummyimage.com/117x100.png/ff4444/ffffff,2025-10-20 20:59:11
amealhamrj@xrea.com,$2a$04$1QrKxBywrAXgvEUIb16i0.CQqLPNZ2CplZdxUEJdYrr37DLHEAIPu,Annamarie,Mealham,GENERAL_SURGERY,DOC-TAW-96589,13,5794083204,7622 Dunning Circle,1668,EUR,http://dummyimage.com/205x100.png/cc0000/ffffff,2025-10-20 20:59:11
jmichelmorerk@nature.com,$2a$04$6cOb0.xTjH1g1FBSyUnHwu6nPF4npgrWhZoz/1W.kyHrpvL8elH0O,Jozef,Michelmore,ONCOLOGY,DOC-AJQ-88397,11,4559313330,79774 Superior Lane,1122,IDR,http://dummyimage.com/151x100.png/dddddd/000000,2025-10-20 20:59:11
mvaneedenrl@kickstarter.com,$2a$04$pYC1zBkiRIO8IhYgkY4r2.EDmop6UusM3jc96wzWO6P/7lKS9I0da,Margot,Van Eeden,ONCOLOGY,DOC-IOQ-24133,13,7291183962,77 Grim Pass,1455,CNY,http://dummyimage.com/203x100.png/5fa2dd/ffffff,2025-10-20 20:59:11
nmacallesterrm@tiny.cc,$2a$04$ccBV/INeFVwHBku782sZ1uOZQse3fI5kzBtv88KthM7n11Emq4hbS,Nappy,MacAllester,UROLOGY,DOC-FDQ-66227,13,2755024284,5 Sheridan Parkway,702,EUR,http://dummyimage.com/122x100.png/dddddd/000000,2025-10-20 20:59:11
cstorrrn@wufoo.com,$2a$04$uCxQUw96Ol0oezxKrUgFHuXQo8hGZQ3hAFWoNk5MmXZ3qW3bTbiR2,Court,Storr,NEPHROLOGY,DOC-DKZ-69863,8,4306131854,2089 Vahlen Point,1677,EUR,http://dummyimage.com/175x100.png/cc0000/ffffff,2025-10-20 20:59:11
hsimounetro@apple.com,$2a$04$9lQXAytLbkeNt4Mr6IABWeby.kkkNA7rQPKSPB.gMgeYxz5vEsOY.,Hetty,Simounet,HEMATOLOGY,DOC-EFW-89693,14,4335746354,42 Evergreen Way,1891,CNY,http://dummyimage.com/220x100.png/5fa2dd/ffffff,2025-10-20 20:59:11
ghildrewrp@youku.com,$2a$04$0UkVM9xRQvNe9LdEiJbO.eWf3KoWfv5XHGrz62SV7pmqza1y1vYge,Gillian,Hildrew,GYNECOLOGY,DOC-OJG-71263,12,5716374294,11 Pennsylvania Place,1678,USD,http://dummyimage.com/133x100.png/dddddd/000000,2025-10-20 20:59:11
bdimeloerq@techcrunch.com,$2a$04$.lbbEtZ2AuiIO257LrypeOm.eszVhcAy7qK5H02xCYOduThdhUKIC,Biron,Dimeloe,CARDIOLOGY,DOC-SZN-83941,9,7106801632,935 Clarendon Lane,1412,CNY,http://dummyimage.com/169x100.png/dddddd/000000,2025-10-20 20:59:11
gboylandrr@npr.org,$2a$04$hljmd4ehj8iNVwtYCYcFVetYsiNkC5GRD7G3QO9ks6yBkjDRvxjKK,Gavan,Boyland,ENDOCRINOLOGY,DOC-BKT-78719,24,1769796396,283 Kropf Terrace,1352,THB,http://dummyimage.com/182x100.png/ff4444/ffffff,2025-10-20 20:59:11
